{"type":"FeatureCollection","features":[{"type":"Feature","properties":{"T00_CVEGEO":"01","T00_NOMGEO":"Aguascalientes","NAME":"Aguascalientes"},"geometry":{"type":"MultiPolygon","coordinates":[[[[-102.28786,22.41649],[-102.27397,22.41433],[-102.25524,22.38743],[-102.25029,22.38722],[-102.25056,22.38085],[-102.25493,22.37886],[-102.25319,22.37449],[-102.21198,22.37269],[-102.21197,22.36246],[-102.17737,22.36243],[-102.18071,22.35039],[-102.14984,22.34717],[-102.15322,22.29041],[-102.10658,22.28536],[-102.10524,22.28079],[-102.09092,22.2912],[-102.08956,22.289],[-102.07562,22.30607],[-102.05672,22.29993],[-102.0584,22.29365],[-102.05121,22.29121],[-102.03726,22.29897],[-102.02987,22.28899],[-102.02249,22.24158],[-102.00247,22.24144],[-101.99971,22.23365],[-102.00098,22.16811],[-102.02946,22.16866],[-102.03773,22.15977],[-102.04109,22.1618],[-102.04521,22.15373],[-102.01707,22.15396],[-102.02591,22.12977],[-101.98602,22.12082],[-101.86427,22.04151],[-101.86229,22.04673],[-101.85518,22.04651],[-101.86148,22.0359],[-101.85832,22.02089],[-101.86114,22.0211],[-101.86379,21.99001],[-101.89124,21.97659],[-101.89473,21.98965],[-101.90683,21.992],[-101.91259,21.99748],[-101.90944,21.98902],[-101.89822,21.98326],[-101.89777,21.95838],[-101.89037,21.95095],[-101.88579,21.93261],[-101.88175,21.93813],[-101.88458,21.93922],[-101.87266,21.94651],[-101.83528,21.94177],[-101.838,21.90734],[-101.8802,21.91015],[-102.01995,21.86253],[-102.02079,21.85116],[-102.03841,21.85319],[-102.04173,21.82306],[-102.05512,21.81635],[-102.05286,21.81333],[-102.05797,21.80187],[-102.07195,21.78265],[-102.08307,21.78706],[-102.09456,21.7777],[-102.08617,21.76726],[-102.10205,21.76104],[-102.10428,21.75097],[-102.1159,21.74467],[-102.11557,21.73603],[-102.12088,21.73644],[-102.12559,21.72572],[-102.13634,21.72049],[-102.14209,21.70537],[-102.15485,21.70003],[-102.17142,21.707],[-102.17788,21.68815],[-102.21426,21.69482],[-102.21422,21.6866],[-102.21853,21.68342],[-102.22635,21.65777],[-102.23761,21.652],[-102.27521,21.65397],[-102.27943,21.66443],[-102.30398,21.66668],[-102.30264,21.6546],[-102.29536,21.6531],[-102.31016,21.62662],[-102.32104,21.63009],[-102.32571,21.62226],[-102.36687,21.64275],[-102.36952,21.65059],[-102.40748,21.65948],[-102.40459,21.66559],[-102.44145,21.67342],[-102.4512,21.68196],[-102.45244,21.67838],[-102.46106,21.67926],[-102.45212,21.68691],[-102.45686,21.69808],[-102.47575,21.69494],[-102.47651,21.70208],[-102.54244,21.7326],[-102.54097,21.73558],[-102.55249,21.74265],[-102.59627,21.74405],[-102.59677,21.75498],[-102.6063,21.75105],[-102.63349,21.76734],[-102.64353,21.76188],[-102.65091,21.76542],[-102.66892,21.76405],[-102.67876,21.75317],[-102.69066,21.75243],[-102.69731,21.74151],[-102.69625,21.72876],[-102.71402,21.73009],[-102.7156,21.73409],[-102.72211,21.71955],[-102.73521,21.71567],[-102.77217,21.73782],[-102.77569,21.73459],[-102.77825,21.74267],[-102.7923,21.75499],[-102.81691,21.76647],[-102.83125,21.79725],[-102.8424,21.79853],[-102.84224,21.80475],[-102.84595,21.79998],[-102.85334,21.79905],[-102.84731,21.83341],[-102.85804,21.83322],[-102.87417,21.85277],[-102.86337,21.86376],[-102.86054,21.88026],[-102.85574,21.88376],[-102.84918,21.90672],[-102.84334,21.91237],[-102.84621,21.91539],[-102.83824,21.9393],[-102.83372,21.9403],[-102.82321,21.95554],[-102.80104,22.00394],[-102.79149,22.01598],[-102.7833,22.01769],[-102.78228,22.02813],[-102.76897,22.03782],[-102.77046,22.04159],[-102.76098,22.04628],[-102.75317,22.06325],[-102.7558,22.07366],[-102.69086,22.10655],[-102.69013,22.12339],[-102.68341,22.12991],[-102.68611,22.13791],[-102.68173,22.14107],[-102.68243,22.14592],[-102.67434,22.14778],[-102.66941,22.15959],[-102.67589,22.17557],[-102.66671,22.18094],[-102.6693,22.19402],[-102.66107,22.1909],[-102.65159,22.19314],[-102.65527,22.19497],[-102.64581,22.2043],[-102.6437,22.22117],[-102.63929,22.22604],[-102.67001,22.2457],[-102.66873,22.29187],[-102.52703,22.2909],[-102.50662,22.29381],[-102.50126,22.30427],[-102.48908,22.30348],[-102.46724,22.31203],[-102.46608,22.32228],[-102.46065,22.32369],[-102.46101,22.33176],[-102.47118,22.33625],[-102.46863,22.35188],[-102.38787,22.36414],[-102.37843,22.36088],[-102.35924,22.38495],[-102.36287,22.38874],[-102.32136,22.38853],[-102.32102,22.41829],[-102.31203,22.44081],[-102.3118,22.45691],[-102.2983,22.45959],[-102.28786,22.41649]]]]}},{"type":"Feature","properties":{"T00_CVEGEO":"02","T00_NOMGEO":"Baja California","NAME":"Baja California"},"geometry":{"type":"MultiPolygon","coordinates":[[[[-112.30066,28.38702],[-112.29676,28.38135],[-112.30081,28.37784],[-112.29973,28.37292],[-112.31565,28.37859],[-112.32009,28.37618],[-112.32055,28.38221],[-112.3165,28.38215],[-112.31496,28.38702],[-112.30697,28.39094],[-112.30066,28.38702]]],[[[-115.54532,28.3115],[-115.53677,28.30472],[-115.54365,28.29137],[-115.54793,28.29753],[-115.5459,28.302],[-115.54984,28.30446],[-115.54532,28.3115]]],[[[-115.57196,28.31255],[-115.56765,28.31392],[-115.56092,28.30808],[-115.57056,28.30827],[-115.57196,28.31255]]],[[[-115.59107,28.31579],[-115.58262,28.30571],[-115.5756,28.30896],[-115.57894,28.29752],[-115.58425,28.299],[-115.5899,28.29524],[-115.59186,28.29952],[-115.59661,28.29694],[-115.60664,28.3007],[-115.60163,28.30553],[-115.60139,28.31578],[-115.59107,28.31579]]],[[[-115.21787,28.37768],[-115.2121,28.37217],[-115.20708,28.37273],[-115.20399,28.36434],[-115.1945,28.36101],[-115.19593,28.33377],[-115.18652,28.31496],[-115.17421,28.30616],[-115.1742,28.28856],[-115.16393,28.26075],[-115.17045,28.24302],[-115.17376,28.21443],[-115.16964,28.20218],[-115.15981,28.19215],[-115.15666,28.16626],[-115.15932,28.13788],[-115.17506,28.12373],[-115.18641,28.10538],[-115.18244,28.09601],[-115.18527,28.09742],[-115.18344,28.09376],[-115.18795,28.08662],[-115.18151,28.06917],[-115.18951,28.05498],[-115.18108,28.04063],[-115.18559,28.03142],[-115.19601,28.03813],[-115.21006,28.03973],[-115.21609,28.03374],[-115.22106,28.03562],[-115.22991,28.02958],[-115.23221,28.03455],[-115.2553,28.03774],[-115.25184,28.043],[-115.26319,28.06965],[-115.27405,28.08325],[-115.29055,28.09348],[-115.30483,28.09548],[-115.31913,28.08783],[-115.33451,28.08625],[-115.33954,28.07885],[-115.34401,28.08035],[-115.34496,28.0745],[-115.3589,28.08071],[-115.35248,28.08722],[-115.35266,28.11697],[-115.33496,28.12266],[-115.3145,28.13916],[-115.25275,28.20683],[-115.2426,28.22153],[-115.24357,28.22771],[-115.23881,28.22798],[-115.24046,28.23909],[-115.25268,28.25781],[-115.25755,28.27353],[-115.2537,28.28627],[-115.26406,28.29433],[-115.26157,28.30047],[-115.2568,28.29904],[-115.25479,28.311],[-115.24917,28.31169],[-115.24769,28.31565],[-115.24573,28.32895],[-115.25115,28.33719],[-115.23987,28.34244],[-115.24573,28.35262],[-115.22907,28.36255],[-115.2291,28.37243],[-115.21787,28.37768]]],[[[-112.89232,28.67826],[-112.86742,28.6711],[-112.86023,28.67299],[-112.84784,28.66198],[-112.83865,28.66116],[-112.83748,28.65702],[-112.80304,28.63584],[-112.77996,28.61033],[-112.75255,28.59152],[-112.77215,28.57686],[-112.7826,28.58036],[-112.78347,28.5862],[-112.78931,28.58727],[-112.7989,28.61057],[-112.82982,28.62734],[-112.84376,28.64017],[-112.86783,28.64396],[-112.86678,28.65287],[-112.89232,28.67826]]],[[[-112.90424,28.69806],[-112.90437,28.69804],[-112.90449,28.69804],[-112.90454,28.69807],[-112.90457,28.69808],[-112.90461,28.69809],[-112.90468,28.6981],[-112.90471,28.69811],[-112.90472,28.69814],[-112.90471,28.69829],[-112.9047,28.69831],[-112.90468,28.69833],[-112.90453,28.69834],[-112.90444,28.69836],[-112.90441,28.69837],[-112.90437,28.6984],[-112.90435,28.69843],[-112.90434,28.69845],[-112.90432,28.69862],[-112.90432,28.69865],[-112.90433,28.69867],[-112.90434,28.69869],[-112.90436,28.69871],[-112.90436,28.69874],[-112.90435,28.69878],[-112.90434,28.69879],[-112.90435,28.69881],[-112.90435,28.69882],[-112.9044,28.69882],[-112.90443,28.69883],[-112.90446,28.69884],[-112.90447,28.69887],[-112.90447,28.69893],[-112.90446,28.69894],[-112.90445,28.69896],[-112.90443,28.69897],[-112.90439,28.69898],[-112.90438,28.69898],[-112.90437,28.699],[-112.90437,28.69901],[-112.90438,28.69906],[-112.90438,28.69908],[-112.90438,28.69909],[-112.90436,28.69912],[-112.90435,28.69914],[-112.90434,28.69915],[-112.90431,28.69915],[-112.90429,28.69917],[-112.90428,28.69919],[-112.90427,28.6992],[-112.90428,28.69928],[-112.90427,28.69929],[-112.90425,28.69931],[-112.9042,28.69931],[-112.90415,28.69932],[-112.90412,28.69931],[-112.9041,28.6993],[-112.90407,28.69929],[-112.90402,28.69926],[-112.904,28.69925],[-112.90398,28.69924],[-112.90395,28.69923],[-112.90391,28.69924],[-112.90389,28.69923],[-112.90387,28.69922],[-112.90384,28.69916],[-112.90383,28.69911],[-112.90386,28.69907],[-112.90392,28.69905],[-112.90395,28.69904],[-112.90395,28.69901],[-112.90394,28.699],[-112.90391,28.69897],[-112.90393,28.69885],[-112.90391,28.69882],[-112.9039,28.69882],[-112.90385,28.69881],[-112.9038,28.6988],[-112.90377,28.69878],[-112.90377,28.69868],[-112.90377,28.69864],[-112.90375,28.69861],[-112.90368,28.69858],[-112.90365,28.69857],[-112.90365,28.69852],[-112.90367,28.69848],[-112.90373,28.69843],[-112.90385,28.6984],[-112.90397,28.69838],[-112.90401,28.69835],[-112.90403,28.69833],[-112.90404,28.69831],[-112.90403,28.69828],[-112.90398,28.6982],[-112.90398,28.69817],[-112.90397,28.69812],[-112.90401,28.69809],[-112.90407,28.69807],[-112.90424,28.69806]]],[[[-112.93137,28.70935],[-112.92077,28.69969],[-112.8976,28.69723],[-112.89842,28.6847],[-112.89506,28.6799],[-112.93136,28.69642],[-112.93482,28.70153],[-112.93137,28.70935]]],[[[-112.96256,28.72463],[-112.96243,28.72456],[-112.96227,28.72445],[-112.96222,28.7244],[-112.96219,28.72439],[-112.96216,28.72435],[-112.96211,28.7243],[-112.96209,28.72424],[-112.9621,28.72409],[-112.96216,28.72398],[-112.96217,28.72395],[-112.96216,28.72393],[-112.96214,28.72391],[-112.96211,28.72388],[-112.96207,28.72384],[-112.96192,28.72362],[-112.96188,28.72337],[-112.9619,28.72333],[-112.96193,28.72331],[-112.96214,28.72327],[-112.96222,28.72326],[-112.96226,28.72329],[-112.96228,28.72348],[-112.96228,28.72354],[-112.96232,28.72355],[-112.96237,28.72355],[-112.96241,28.72354],[-112.96246,28.72349],[-112.96269,28.72331],[-112.96276,28.72326],[-112.96283,28.72325],[-112.96291,28.72325],[-112.963,28.72326],[-112.96309,28.72332],[-112.96314,28.72341],[-112.96319,28.72358],[-112.96321,28.7236],[-112.96326,28.7236],[-112.96329,28.72359],[-112.96333,28.72354],[-112.9634,28.72344],[-112.96348,28.72339],[-112.96352,28.72337],[-112.96366,28.72336],[-112.96379,28.72339],[-112.96384,28.72343],[-112.96391,28.72349],[-112.96393,28.72356],[-112.96397,28.72364],[-112.96403,28.7237],[-112.96407,28.72374],[-112.96415,28.72374],[-112.96423,28.72373],[-112.9643,28.7237],[-112.96434,28.72369],[-112.96439,28.7237],[-112.96445,28.72374],[-112.96449,28.72381],[-112.96449,28.72387],[-112.96446,28.72397],[-112.96442,28.72407],[-112.96437,28.7241],[-112.96429,28.72414],[-112.96417,28.72418],[-112.9641,28.72419],[-112.96407,28.72419],[-112.96402,28.7242],[-112.96398,28.72423],[-112.96394,28.72426],[-112.96393,28.72431],[-112.96393,28.72435],[-112.96395,28.72436],[-112.96408,28.72438],[-112.96413,28.7244],[-112.96416,28.72444],[-112.96419,28.72452],[-112.96419,28.72458],[-112.96418,28.72461],[-112.96416,28.72463],[-112.96412,28.72465],[-112.96408,28.72465],[-112.96403,28.72464],[-112.96394,28.72464],[-112.96389,28.72464],[-112.96386,28.72464],[-112.96379,28.72462],[-112.96374,28.72459],[-112.96371,28.72457],[-112.96364,28.72455],[-112.96359,28.72456],[-112.96355,28.72457],[-112.96353,28.7246],[-112.96351,28.72464],[-112.96351,28.72477],[-112.96348,28.72483],[-112.96342,28.72488],[-112.96337,28.7249],[-112.96332,28.72491],[-112.96325,28.72493],[-112.9632,28.72494],[-112.96313,28.72493],[-112.96308,28.72491],[-112.96303,28.72486],[-112.96295,28.7248],[-112.96281,28.72474],[-112.96268,28.72467],[-112.96256,28.72463]]],[[[-112.96626,28.73417],[-112.96622,28.73413],[-112.96617,28.73411],[-112.96604,28.73409],[-112.96601,28.73407],[-112.96599,28.73405],[-112.96599,28.73401],[-112.96598,28.734],[-112.96594,28.73396],[-112.96592,28.73395],[-112.96591,28.73392],[-112.9659,28.73389],[-112.96589,28.73386],[-112.96587,28.73383],[-112.96585,28.73374],[-112.96583,28.73371],[-112.96581,28.73369],[-112.96581,28.73367],[-112.9658,28.73363],[-112.9658,28.73359],[-112.96579,28.73356],[-112.96579,28.73354],[-112.96579,28.7335],[-112.96579,28.73347],[-112.96579,28.73344],[-112.96581,28.73341],[-112.96586,28.73338],[-112.96589,28.73337],[-112.96591,28.73336],[-112.96594,28.73335],[-112.96599,28.73334],[-112.96602,28.73332],[-112.96606,28.73332],[-112.96612,28.73331],[-112.96617,28.73332],[-112.9662,28.73332],[-112.96623,28.73334],[-112.96626,28.73334],[-112.96629,28.73335],[-112.96632,28.73334],[-112.96641,28.73335],[-112.96644,28.73337],[-112.9665,28.73341],[-112.96652,28.73342],[-112.96656,28.73342],[-112.96664,28.73343],[-112.96667,28.73343],[-112.9667,28.73345],[-112.96672,28.73348],[-112.96675,28.73352],[-112.96675,28.73354],[-112.96675,28.73355],[-112.96673,28.73357],[-112.96673,28.73358],[-112.96672,28.73359],[-112.96673,28.7336],[-112.96674,28.7336],[-112.96676,28.7336],[-112.96684,28.7336],[-112.96686,28.7336],[-112.96689,28.7336],[-112.96689,28.73361],[-112.9669,28.73362],[-112.96689,28.73367],[-112.9669,28.73369],[-112.9669,28.73371],[-112.96689,28.73372],[-112.96688,28.73376],[-112.96686,28.73377],[-112.96683,28.73379],[-112.96681,28.7338],[-112.96679,28.73382],[-112.96677,28.73383],[-112.96676,28.73386],[-112.96673,28.7339],[-112.96672,28.73393],[-112.96674,28.73395],[-112.96677,28.73397],[-112.9668,28.73397],[-112.96681,28.73395],[-112.96683,28.73393],[-112.96683,28.73391],[-112.96686,28.73389],[-112.9669,28.73387],[-112.96692,28.73383],[-112.96694,28.7338],[-112.96698,28.73379],[-112.96703,28.73378],[-112.96708,28.7338],[-112.96709,28.73384],[-112.96708,28.73389],[-112.96706,28.7339],[-112.967,28.73391],[-112.96698,28.73392],[-112.96697,28.73394],[-112.96698,28.73395],[-112.96701,28.73396],[-112.96706,28.73397],[-112.96708,28.73398],[-112.96709,28.73401],[-112.96709,28.73405],[-112.96707,28.73408],[-112.96703,28.73409],[-112.96699,28.73409],[-112.96693,28.73409],[-112.96689,28.73409],[-112.96687,28.7341],[-112.96685,28.73411],[-112.96684,28.73416],[-112.96683,28.73417],[-112.96677,28.73419],[-112.96671,28.73421],[-112.9667,28.73422],[-112.96668,28.73424],[-112.96669,28.73435],[-112.96669,28.73436],[-112.96666,28.73436],[-112.96645,28.73436],[-112.96644,28.73436],[-112.96643,28.73434],[-112.96641,28.73424],[-112.96638,28.73421],[-112.96634,28.73419],[-112.9663,28.73418],[-112.96626,28.73417]]],[[[-112.96083,28.73459],[-112.95285,28.72564],[-112.95082,28.72742],[-112.94628,28.71716],[-112.95175,28.7248],[-112.95786,28.72258],[-112.95837,28.72779],[-112.96566,28.73113],[-112.96083,28.73459]]],[[[-114.27756,28.67058],[-114.27753,28.67057],[-114.2775,28.67058],[-114.27745,28.67058],[-114.27741,28.67056],[-114.27737,28.67054],[-114.27731,28.67053],[-114.27724,28.67054],[-114.27714,28.67055],[-114.27707,28.67056],[-114.277,28.67053],[-114.27698,28.6705],[-114.27696,28.67045],[-114.27693,28.6704],[-114.27689,28.67032],[-114.27682,28.67026],[-114.27674,28.6702],[-114.27666,28.67016],[-114.2766,28.67015],[-114.27658,28.67006],[-114.27658,28.67003],[-114.27659,28.66999],[-114.27661,28.66995],[-114.27662,28.66992],[-114.27662,28.66988],[-114.27661,28.66986],[-114.27658,28.66984],[-114.27656,28.6698],[-114.27656,28.66978],[-114.27657,28.66976],[-114.2766,28.66975],[-114.27664,28.66974],[-114.27666,28.66974],[-114.27671,28.66969],[-114.27676,28.66964],[-114.27682,28.66962],[-114.27687,28.66962],[-114.27691,28.66961],[-114.27682,28.66955],[-114.27682,28.66948],[-114.27683,28.66942],[-114.27685,28.66939],[-114.27684,28.66932],[-114.27684,28.66928],[-114.27691,28.66923],[-114.27704,28.66922],[-114.27705,28.66912],[-114.2771,28.66908],[-114.2772,28.66908],[-114.27724,28.66904],[-114.27731,28.66901],[-114.27738,28.66895],[-114.27748,28.66884],[-114.27758,28.66877],[-114.27765,28.66869],[-114.27771,28.66867],[-114.27777,28.66866],[-114.27781,28.66867],[-114.27785,28.66869],[-114.27791,28.66871],[-114.27795,28.66872],[-114.27799,28.66872],[-114.27806,28.66871],[-114.27822,28.66875],[-114.27824,28.66876],[-114.27825,28.66877],[-114.27822,28.6688],[-114.27822,28.66881],[-114.27824,28.66882],[-114.27827,28.66882],[-114.27828,28.66881],[-114.27831,28.66879],[-114.27835,28.66879],[-114.27839,28.6688],[-114.27844,28.66882],[-114.27857,28.66894],[-114.27862,28.669],[-114.27868,28.66907],[-114.27871,28.66915],[-114.27874,28.66917],[-114.27876,28.66917],[-114.27882,28.66916],[-114.27889,28.66916],[-114.27891,28.66916],[-114.27895,28.66919],[-114.27901,28.66922],[-114.27909,28.66927],[-114.27919,28.66935],[-114.27919,28.66939],[-114.27919,28.66941],[-114.27917,28.66942],[-114.27917,28.66944],[-114.27919,28.66944],[-114.27921,28.66944],[-114.27922,28.66943],[-114.27923,28.66939],[-114.27924,28.66934],[-114.27926,28.66932],[-114.27929,28.66931],[-114.27932,28.66931],[-114.27935,28.66932],[-114.27937,28.66934],[-114.27938,28.66937],[-114.27938,28.6694],[-114.27935,28.66945],[-114.27934,28.66948],[-114.27933,28.66954],[-114.27932,28.66957],[-114.27929,28.66958],[-114.27925,28.66959],[-114.27921,28.66958],[-114.27918,28.66958],[-114.27917,28.66958],[-114.27916,28.66957],[-114.27915,28.66958],[-114.27915,28.66959],[-114.27915,28.66961],[-114.27917,28.66962],[-114.2792,28.66964],[-114.27921,28.66966],[-114.27922,28.66968],[-114.27928,28.66969],[-114.27934,28.66973],[-114.27937,28.66975],[-114.27941,28.66976],[-114.27943,28.66976],[-114.27945,28.66978],[-114.27945,28.66981],[-114.27945,28.66982],[-114.27944,28.66985],[-114.27943,28.66987],[-114.27941,28.66988],[-114.27939,28.66988],[-114.27936,28.66988],[-114.27933,28.66988],[-114.27931,28.6699],[-114.27928,28.66992],[-114.27924,28.66996],[-114.2792,28.67],[-114.27918,28.67004],[-114.27916,28.67006],[-114.27913,28.67007],[-114.27905,28.67007],[-114.279,28.67007],[-114.27896,28.67007],[-114.27893,28.6701],[-114.2789,28.67012],[-114.27888,28.67015],[-114.27883,28.67017],[-114.2788,28.67016],[-114.27875,28.67013],[-114.27873,28.67013],[-114.27865,28.6701],[-114.2786,28.67009],[-114.27859,28.67009],[-114.27858,28.67012],[-114.27861,28.67014],[-114.27867,28.67018],[-114.27869,28.67021],[-114.27869,28.67025],[-114.27869,28.67031],[-114.27869,28.67036],[-114.27867,28.6704],[-114.27863,28.67043],[-114.27857,28.67044],[-114.27852,28.67044],[-114.27835,28.6704],[-114.27816,28.67037],[-114.27805,28.67034],[-114.27794,28.67031],[-114.27786,28.67029],[-114.27783,28.67029],[-114.27781,28.6703],[-114.27778,28.67035],[-114.27776,28.6704],[-114.27775,28.67041],[-114.27773,28.67041],[-114.27762,28.67041],[-114.27761,28.67041],[-114.27761,28.67042],[-114.27761,28.67043],[-114.27762,28.67043],[-114.27767,28.67045],[-114.27768,28.67049],[-114.2777,28.67052],[-114.27776,28.67054],[-114.27777,28.67057],[-114.27775,28.67061],[-114.27768,28.67062],[-114.27764,28.67062],[-114.2776,28.67061],[-114.27756,28.67058]]],[[[-114.27978,28.69391],[-114.27958,28.6939],[-114.27924,28.69393],[-114.2789,28.69399],[-114.27869,28.69398],[-114.27848,28.6939],[-114.27835,28.6938],[-114.27833,28.69374],[-114.27836,28.69366],[-114.27856,28.69348],[-114.27856,28.6932],[-114.27861,28.69297],[-114.27899,28.69279],[-114.27928,28.69264],[-114.27967,28.69256],[-114.28003,28.69264],[-114.28043,28.69291],[-114.28067,28.69312],[-114.28084,28.6933],[-114.28084,28.6935],[-114.28075,28.69368],[-114.28054,28.69372],[-114.28043,28.69387],[-114.28028,28.69402],[-114.27995,28.69402],[-114.27978,28.69391]]],[[[-112.98509,28.82639],[-112.97524,28.82288],[-112.98159,28.821],[-112.98509,28.82639]]],[[[-112.99846,28.83697],[-112.99845,28.83686],[-112.99846,28.83673],[-112.99848,28.83663],[-112.99855,28.83654],[-112.99866,28.83647],[-112.9988,28.8364],[-112.9989,28.83633],[-112.99903,28.83629],[-112.99912,28.83632],[-112.99915,28.83635],[-112.99918,28.83637],[-112.9992,28.83639],[-112.99927,28.83639],[-112.99931,28.83637],[-112.99938,28.83635],[-112.99955,28.83639],[-112.99958,28.83645],[-112.9996,28.8365],[-112.99962,28.83658],[-112.99961,28.83664],[-112.99958,28.83671],[-112.99951,28.83676],[-112.99942,28.83683],[-112.99938,28.83687],[-112.99925,28.83691],[-112.99918,28.83693],[-112.99911,28.83694],[-112.99902,28.83692],[-112.99898,28.83688],[-112.99889,28.83684],[-112.9988,28.83687],[-112.99873,28.83695],[-112.99865,28.83701],[-112.99859,28.83706],[-112.99849,28.83704],[-112.99846,28.83697]]],[[[-113.3581,28.82602],[-113.35824,28.82597],[-113.35837,28.82597],[-113.35845,28.82598],[-113.35851,28.82601],[-113.35854,28.82604],[-113.35856,28.82608],[-113.35857,28.82643],[-113.35855,28.82649],[-113.35836,28.8267],[-113.3583,28.8273],[-113.35827,28.82741],[-113.35822,28.82747],[-113.35792,28.82768],[-113.35775,28.8278],[-113.35767,28.8279],[-113.35762,28.82795],[-113.3575,28.82798],[-113.35734,28.82794],[-113.35726,28.82783],[-113.35722,28.8277],[-113.35726,28.82732],[-113.35733,28.82708],[-113.35749,28.82681],[-113.3575,28.82662],[-113.35751,28.8265],[-113.35758,28.8264],[-113.35773,28.82622],[-113.35785,28.82614],[-113.3581,28.82602]]],[[[-114.35159,28.76792],[-114.35156,28.76791],[-114.35148,28.76792],[-114.35146,28.76792],[-114.35144,28.76791],[-114.35143,28.76789],[-114.35142,28.76788],[-114.35141,28.76787],[-114.35139,28.76787],[-114.35138,28.76787],[-114.35136,28.76786],[-114.35136,28.76785],[-114.35137,28.76783],[-114.35138,28.76779],[-114.35138,28.76776],[-114.35136,28.76775],[-114.35132,28.76774],[-114.35122,28.76774],[-114.35117,28.76773],[-114.35113,28.76771],[-114.3511,28.76769],[-114.3511,28.76769],[-114.35104,28.76769],[-114.351,28.76767],[-114.35096,28.76766],[-114.35092,28.76763],[-114.35092,28.76757],[-114.35093,28.76752],[-114.35094,28.76748],[-114.351,28.76745],[-114.35103,28.76741],[-114.35103,28.76741],[-114.35105,28.76739],[-114.35105,28.76736],[-114.35106,28.76733],[-114.35107,28.7673],[-114.3511,28.76728],[-114.3511,28.76725],[-114.3511,28.76722],[-114.35111,28.76716],[-114.35112,28.76714],[-114.35115,28.76713],[-114.35119,28.76713],[-114.35126,28.76713],[-114.35132,28.76712],[-114.35135,28.76712],[-114.35144,28.7671],[-114.35148,28.76709],[-114.35149,28.76708],[-114.35153,28.76708],[-114.35157,28.76707],[-114.35161,28.76706],[-114.35164,28.76705],[-114.35169,28.76704],[-114.3517,28.76703],[-114.35174,28.76702],[-114.35176,28.76702],[-114.35185,28.76704],[-114.35193,28.76708],[-114.35198,28.76711],[-114.3521,28.76724],[-114.35215,28.76728],[-114.35217,28.76728],[-114.35219,28.76728],[-114.3522,28.76727],[-114.35219,28.76722],[-114.35218,28.76718],[-114.3522,28.76716],[-114.35223,28.76714],[-114.35227,28.76714],[-114.35231,28.76715],[-114.3524,28.76727],[-114.35245,28.76737],[-114.35245,28.76742],[-114.35243,28.76746],[-114.3524,28.76748],[-114.35236,28.76748],[-114.35231,28.76749],[-114.35231,28.76752],[-114.35231,28.76754],[-114.35231,28.76758],[-114.35232,28.76762],[-114.35233,28.76766],[-114.35234,28.7677],[-114.35235,28.76776],[-114.35231,28.76777],[-114.35231,28.76777],[-114.35229,28.76778],[-114.35229,28.7678],[-114.35228,28.76782],[-114.35227,28.76783],[-114.35225,28.76784],[-114.35222,28.76784],[-114.3522,28.76785],[-114.35219,28.76786],[-114.35217,28.76788],[-114.35215,28.76788],[-114.35213,28.76789],[-114.35211,28.76788],[-114.35209,28.76788],[-114.35208,28.76787],[-114.35207,28.76784],[-114.35206,28.76783],[-114.35202,28.76784],[-114.35198,28.76785],[-114.35194,28.76785],[-114.35192,28.76786],[-114.35191,28.76786],[-114.35187,28.76787],[-114.35186,28.76787],[-114.35185,28.76788],[-114.35185,28.7679],[-114.35186,28.76791],[-114.35187,28.76793],[-114.35187,28.76796],[-114.35186,28.76797],[-114.35183,28.76799],[-114.35179,28.768],[-114.35172,28.768],[-114.35169,28.768],[-114.35167,28.76798],[-114.35166,28.76796],[-114.35165,28.76794],[-114.35163,28.76792],[-114.35159,28.76792]]],[[[-113.0297,28.88844],[-113.02958,28.88837],[-113.02946,28.8883],[-113.0293,28.88825],[-113.02917,28.88816],[-113.02904,28.88806],[-113.02887,28.88798],[-113.02867,28.8879],[-113.02844,28.88786],[-113.02813,28.88777],[-113.02795,28.88763],[-113.02774,28.88757],[-113.02765,28.88746],[-113.0275,28.88735],[-113.02736,28.88721],[-113.02721,28.88705],[-113.027,28.88684],[-113.02686,28.8867],[-113.02677,28.88658],[-113.02673,28.88648],[-113.02669,28.88634],[-113.02668,28.88614],[-113.0267,28.88598],[-113.02685,28.88584],[-113.02701,28.88575],[-113.02717,28.88568],[-113.02736,28.8856],[-113.02754,28.88554],[-113.02776,28.88548],[-113.02802,28.88544],[-113.02825,28.88541],[-113.02845,28.88539],[-113.02869,28.88536],[-113.02888,28.88538],[-113.0294,28.88553],[-113.02974,28.88569],[-113.02997,28.88584],[-113.0301,28.88599],[-113.03024,28.88611],[-113.03036,28.88626],[-113.03046,28.8864],[-113.03061,28.88659],[-113.03078,28.88677],[-113.03096,28.88699],[-113.03113,28.8872],[-113.03122,28.88728],[-113.03127,28.88733],[-113.03132,28.8874],[-113.03132,28.88748],[-113.03128,28.88758],[-113.03121,28.88762],[-113.03102,28.88769],[-113.03085,28.88774],[-113.03065,28.88785],[-113.03056,28.88793],[-113.03053,28.88802],[-113.0305,28.88821],[-113.03048,28.88829],[-113.03034,28.88835],[-113.03018,28.88841],[-113.03002,28.88841],[-113.02983,28.88846],[-113.0297,28.88844]]],[[[-113.03652,28.9006],[-113.03274,28.89569],[-113.04445,28.88365],[-113.04802,28.8944],[-113.04077,28.89078],[-113.03652,28.9006]]],[[[-113.35795,28.88306],[-113.35791,28.88295],[-113.35792,28.88283],[-113.35795,28.88263],[-113.35793,28.88251],[-113.35798,28.88248],[-113.35811,28.88247],[-113.35823,28.8825],[-113.35858,28.88268],[-113.35875,28.88285],[-113.35882,28.88287],[-113.35891,28.88286],[-113.35897,28.88283],[-113.35904,28.88274],[-113.35915,28.88268],[-113.35934,28.88267],[-113.35953,28.88258],[-113.35959,28.88255],[-113.35965,28.88254],[-113.35985,28.88256],[-113.35988,28.88256],[-113.3599,28.88258],[-113.35992,28.8827],[-113.35993,28.88271],[-113.35992,28.88272],[-113.35991,28.88273],[-113.35952,28.88294],[-113.35949,28.88295],[-113.35945,28.88295],[-113.35938,28.88293],[-113.35931,28.88292],[-113.35925,28.88294],[-113.35919,28.88299],[-113.35917,28.88305],[-113.35919,28.88314],[-113.35926,28.88327],[-113.35925,28.88335],[-113.35918,28.88341],[-113.3591,28.88343],[-113.35847,28.88334],[-113.35803,28.88311],[-113.35795,28.88306]]],[[[-113.0431,28.91196],[-113.04299,28.91185],[-113.04293,28.91183],[-113.04289,28.91178],[-113.04285,28.91173],[-113.04284,28.91164],[-113.04282,28.91155],[-113.04287,28.9115],[-113.04287,28.91144],[-113.04287,28.91136],[-113.04289,28.91127],[-113.04293,28.91119],[-113.04297,28.91116],[-113.04302,28.91114],[-113.04307,28.91116],[-113.0431,28.91118],[-113.04312,28.91118],[-113.04315,28.91116],[-113.04315,28.91114],[-113.04314,28.91111],[-113.04311,28.91108],[-113.04307,28.91104],[-113.04306,28.911],[-113.04306,28.91096],[-113.04312,28.91091],[-113.04323,28.91087],[-113.04336,28.91086],[-113.04339,28.91086],[-113.04339,28.91085],[-113.04339,28.91084],[-113.04335,28.91083],[-113.04329,28.91084],[-113.04324,28.91083],[-113.04322,28.91081],[-113.04323,28.91077],[-113.04323,28.91075],[-113.04323,28.91073],[-113.04323,28.91071],[-113.04325,28.91069],[-113.04335,28.91069],[-113.04341,28.9107],[-113.04345,28.91071],[-113.04348,28.91075],[-113.04359,28.91079],[-113.04373,28.91079],[-113.04378,28.91081],[-113.04379,28.91083],[-113.04378,28.91089],[-113.04375,28.91092],[-113.0437,28.91093],[-113.04371,28.91096],[-113.04373,28.91099],[-113.04377,28.91102],[-113.04384,28.91104],[-113.04393,28.91105],[-113.04408,28.91106],[-113.04414,28.91107],[-113.04416,28.91109],[-113.04417,28.91116],[-113.04417,28.91117],[-113.04417,28.91118],[-113.04421,28.91118],[-113.04427,28.91118],[-113.04429,28.91119],[-113.0443,28.91122],[-113.04431,28.91128],[-113.0443,28.91129],[-113.04426,28.9113],[-113.04424,28.91131],[-113.04422,28.91133],[-113.04422,28.91142],[-113.04424,28.91145],[-113.04425,28.91147],[-113.04425,28.9115],[-113.04421,28.91155],[-113.04415,28.91157],[-113.04398,28.91159],[-113.04394,28.9116],[-113.04392,28.91161],[-113.04392,28.91163],[-113.04392,28.91168],[-113.04392,28.91174],[-113.04389,28.91176],[-113.04382,28.9118],[-113.04377,28.91183],[-113.0437,28.91184],[-113.04365,28.91184],[-113.04361,28.91182],[-113.04359,28.91179],[-113.04359,28.91176],[-113.04356,28.91175],[-113.04347,28.91176],[-113.04343,28.91176],[-113.04337,28.91174],[-113.04335,28.91171],[-113.04335,28.91165],[-113.04334,28.91162],[-113.04328,28.91162],[-113.04325,28.91161],[-113.04323,28.91159],[-113.04318,28.91158],[-113.04316,28.9116],[-113.04312,28.91163],[-113.04311,28.91166],[-113.04311,28.91172],[-113.04313,28.91178],[-113.04317,28.91182],[-113.04323,28.91183],[-113.04329,28.91183],[-113.0433,28.91183],[-113.04332,28.91181],[-113.04334,28.9118],[-113.0434,28.91179],[-113.04344,28.91181],[-113.04349,28.91184],[-113.04351,28.91188],[-113.04355,28.91191],[-113.04358,28.91194],[-113.04357,28.91198],[-113.04353,28.91199],[-113.04344,28.91199],[-113.04343,28.912],[-113.04343,28.91201],[-113.04348,28.91202],[-113.04355,28.91203],[-113.04358,28.91206],[-113.04359,28.91211],[-113.04355,28.91214],[-113.04341,28.91217],[-113.04335,28.91216],[-113.04331,28.91212],[-113.0433,28.9121],[-113.04324,28.91208],[-113.04317,28.91207],[-113.0431,28.91196]]],[[[-113.3836,28.92322],[-113.38351,28.92287],[-113.3837,28.92289],[-113.3837,28.9228],[-113.38369,28.92268],[-113.38354,28.92235],[-113.38373,28.9223],[-113.38393,28.92241],[-113.38407,28.92245],[-113.38417,28.92257],[-113.38427,28.9227],[-113.38434,28.92288],[-113.38439,28.92298],[-113.38445,28.92309],[-113.3845,28.92318],[-113.38452,28.9233],[-113.3846,28.92338],[-113.3846,28.92355],[-113.3847,28.92359],[-113.38486,28.92365],[-113.38493,28.92382],[-113.38494,28.92392],[-113.38487,28.92402],[-113.38493,28.92412],[-113.38502,28.92426],[-113.38516,28.92449],[-113.38527,28.92471],[-113.38525,28.92487],[-113.38519,28.92509],[-113.3851,28.92524],[-113.38505,28.92533],[-113.38513,28.92586],[-113.38502,28.92606],[-113.3849,28.92622],[-113.38494,28.92634],[-113.38476,28.92649],[-113.38454,28.92655],[-113.38436,28.92605],[-113.38434,28.92555],[-113.38428,28.92532],[-113.38416,28.9252],[-113.38412,28.92505],[-113.38411,28.92498],[-113.38399,28.92496],[-113.38397,28.9249],[-113.3839,28.92478],[-113.38387,28.92458],[-113.38376,28.92438],[-113.38364,28.92409],[-113.38363,28.9239],[-113.38362,28.92369],[-113.38362,28.92352],[-113.38358,28.92344],[-113.38358,28.92334],[-113.3836,28.92322]]],[[[-113.48098,28.95526],[-113.48108,28.95525],[-113.48116,28.95527],[-113.4816,28.95546],[-113.48211,28.95564],[-113.4824,28.95576],[-113.48265,28.9558],[-113.48279,28.95585],[-113.48295,28.95588],[-113.48305,28.95594],[-113.48308,28.95601],[-113.48308,28.95609],[-113.48304,28.95617],[-113.48297,28.95625],[-113.48289,28.95638],[-113.48283,28.95643],[-113.48264,28.95648],[-113.48244,28.95647],[-113.48228,28.95643],[-113.48207,28.95631],[-113.48184,28.95614],[-113.48173,28.95608],[-113.48159,28.95604],[-113.48127,28.95587],[-113.48105,28.95575],[-113.48076,28.95553],[-113.48061,28.95552],[-113.48062,28.95542],[-113.48098,28.95526]]],[[[-113.47357,28.95643],[-113.4735,28.95634],[-113.4735,28.95626],[-113.47355,28.95615],[-113.47363,28.95601],[-113.47387,28.95588],[-113.47399,28.95582],[-113.4742,28.95575],[-113.47453,28.95577],[-113.47485,28.95566],[-113.47519,28.95564],[-113.4757,28.95555],[-113.47593,28.9556],[-113.47599,28.9556],[-113.47609,28.95554],[-113.47622,28.95552],[-113.4764,28.95538],[-113.47643,28.95537],[-113.47651,28.95537],[-113.47658,28.95538],[-113.47664,28.95539],[-113.47669,28.95541],[-113.47674,28.95545],[-113.47681,28.95551],[-113.47689,28.95558],[-113.47698,28.9556],[-113.47708,28.95561],[-113.47717,28.95564],[-113.47727,28.9557],[-113.47729,28.95572],[-113.47731,28.95577],[-113.4773,28.95583],[-113.4773,28.95584],[-113.47734,28.95583],[-113.47737,28.95583],[-113.4774,28.95589],[-113.47739,28.95592],[-113.47737,28.95595],[-113.47732,28.95596],[-113.47729,28.95596],[-113.4773,28.956],[-113.4773,28.95603],[-113.4773,28.95607],[-113.47725,28.95609],[-113.47719,28.95611],[-113.47708,28.95611],[-113.47691,28.95618],[-113.47672,28.95624],[-113.47652,28.95636],[-113.47643,28.95638],[-113.47631,28.9564],[-113.47613,28.95643],[-113.47587,28.95653],[-113.47555,28.9566],[-113.47532,28.95669],[-113.47516,28.95682],[-113.47501,28.95694],[-113.47487,28.95706],[-113.47461,28.95718],[-113.47444,28.95713],[-113.4742,28.95702],[-113.47411,28.95697],[-113.47404,28.95696],[-113.47396,28.95682],[-113.47385,28.95667],[-113.47386,28.95665],[-113.47378,28.95659],[-113.47365,28.95653],[-113.47364,28.95648],[-113.47357,28.95643]]],[[[-113.47546,28.96784],[-113.48137,28.96729],[-113.48079,28.9743],[-113.4851,28.97889],[-113.47707,28.97489],[-113.47546,28.96784]]],[[[-113.51897,28.99796],[-113.51895,28.99795],[-113.5189,28.99795],[-113.51883,28.99796],[-113.51879,28.99795],[-113.51876,28.99791],[-113.51874,28.99789],[-113.51869,28.99788],[-113.51857,28.99785],[-113.51848,28.9978],[-113.51837,28.99776],[-113.51834,28.99772],[-113.51835,28.99767],[-113.51838,28.99764],[-113.51846,28.99758],[-113.5185,28.99754],[-113.51854,28.9975],[-113.51855,28.99745],[-113.51848,28.99706],[-113.51844,28.99699],[-113.51842,28.99694],[-113.51844,28.99689],[-113.51845,28.99684],[-113.51867,28.99672],[-113.51876,28.99666],[-113.51879,28.99659],[-113.51878,28.99653],[-113.51874,28.99645],[-113.51868,28.99636],[-113.51857,28.99627],[-113.51846,28.99619],[-113.51827,28.99602],[-113.51823,28.99596],[-113.51818,28.99573],[-113.51811,28.99556],[-113.51806,28.99542],[-113.51804,28.99521],[-113.51804,28.99514],[-113.51805,28.99512],[-113.51807,28.99512],[-113.51809,28.99512],[-113.51812,28.99513],[-113.51817,28.99516],[-113.51839,28.99526],[-113.51858,28.99532],[-113.51865,28.9954],[-113.5187,28.99547],[-113.51873,28.99561],[-113.51879,28.99578],[-113.51892,28.99588],[-113.51897,28.99598],[-113.51901,28.99605],[-113.51914,28.99612],[-113.51932,28.99616],[-113.51948,28.99615],[-113.51966,28.99613],[-113.51977,28.99613],[-113.51985,28.99615],[-113.51994,28.99625],[-113.51997,28.99633],[-113.51999,28.99644],[-113.52003,28.99665],[-113.52006,28.99671],[-113.52011,28.99675],[-113.5202,28.99677],[-113.52025,28.99679],[-113.52029,28.99683],[-113.52034,28.99689],[-113.52037,28.9969],[-113.52043,28.9969],[-113.52052,28.99688],[-113.52058,28.99686],[-113.52061,28.99687],[-113.52062,28.99689],[-113.52062,28.99694],[-113.52063,28.99696],[-113.52065,28.99697],[-113.52067,28.997],[-113.5207,28.99703],[-113.52071,28.99721],[-113.52069,28.99723],[-113.52068,28.99726],[-113.52066,28.99727],[-113.52063,28.99727],[-113.52048,28.99729],[-113.52044,28.99732],[-113.52041,28.99733],[-113.52026,28.99733],[-113.52024,28.99732],[-113.52021,28.99729],[-113.52018,28.99727],[-113.52013,28.99727],[-113.52009,28.99729],[-113.52008,28.99732],[-113.52008,28.99736],[-113.52007,28.99738],[-113.52004,28.99738],[-113.51997,28.99738],[-113.51994,28.99737],[-113.51993,28.99733],[-113.51995,28.99715],[-113.51998,28.99713],[-113.52002,28.99711],[-113.52006,28.99709],[-113.52008,28.99706],[-113.52007,28.99702],[-113.52004,28.99695],[-113.51999,28.99691],[-113.5199,28.99686],[-113.51978,28.99681],[-113.51975,28.99682],[-113.51971,28.99684],[-113.51969,28.99689],[-113.51968,28.99696],[-113.51967,28.99699],[-113.51963,28.997],[-113.51955,28.99701],[-113.51952,28.99704],[-113.51951,28.99707],[-113.5195,28.9971],[-113.51946,28.99712],[-113.51944,28.99713],[-113.51943,28.99715],[-113.51943,28.99719],[-113.51948,28.99732],[-113.51954,28.99739],[-113.51956,28.99744],[-113.51956,28.99755],[-113.51952,28.99764],[-113.51942,28.99773],[-113.51929,28.99786],[-113.5192,28.99794],[-113.51911,28.99799],[-113.51906,28.998],[-113.519,28.99799],[-113.51897,28.99796]]],[[[-113.52019,28.99947],[-113.52014,28.99941],[-113.5201,28.99938],[-113.52008,28.99936],[-113.52006,28.99932],[-113.52005,28.99929],[-113.52003,28.99928],[-113.52,28.99927],[-113.51996,28.99925],[-113.51994,28.99922],[-113.51994,28.99917],[-113.51993,28.99913],[-113.51991,28.99911],[-113.51988,28.9991],[-113.51986,28.99908],[-113.5198,28.99907],[-113.51978,28.99906],[-113.51977,28.99905],[-113.51976,28.99902],[-113.51976,28.99897],[-113.51975,28.99895],[-113.51974,28.99895],[-113.51969,28.99894],[-113.51967,28.99892],[-113.51965,28.9989],[-113.51965,28.9987],[-113.51966,28.99868],[-113.51971,28.99866],[-113.51973,28.99859],[-113.51978,28.99856],[-113.51985,28.99854],[-113.51992,28.99852],[-113.5199,28.99843],[-113.51993,28.99838],[-113.51996,28.99836],[-113.51994,28.9982],[-113.51995,28.9981],[-113.51996,28.99804],[-113.51996,28.998],[-113.51996,28.99792],[-113.51996,28.99791],[-113.51997,28.9979],[-113.52008,28.99788],[-113.52011,28.99787],[-113.52014,28.99788],[-113.52015,28.9979],[-113.52016,28.99792],[-113.5203,28.99806],[-113.52045,28.99821],[-113.52058,28.9984],[-113.52062,28.99841],[-113.52066,28.99839],[-113.52067,28.99837],[-113.52069,28.99835],[-113.52069,28.99833],[-113.52072,28.99833],[-113.52077,28.99833],[-113.52082,28.99835],[-113.52085,28.99837],[-113.52089,28.99837],[-113.52098,28.99837],[-113.52106,28.99836],[-113.52114,28.99835],[-113.5212,28.99837],[-113.52123,28.9984],[-113.52123,28.99844],[-113.52121,28.99849],[-113.52118,28.99852],[-113.52111,28.99854],[-113.52106,28.9986],[-113.52096,28.99863],[-113.52093,28.99869],[-113.52091,28.99873],[-113.52089,28.99877],[-113.52089,28.99883],[-113.5209,28.99889],[-113.52095,28.99899],[-113.521,28.99904],[-113.52103,28.99909],[-113.52103,28.99914],[-113.52103,28.99918],[-113.52105,28.99923],[-113.52107,28.99929],[-113.52109,28.99934],[-113.52111,28.99938],[-113.52109,28.99942],[-113.52103,28.99944],[-113.52099,28.99943],[-113.52098,28.99941],[-113.52096,28.9994],[-113.52091,28.9994],[-113.52088,28.9994],[-113.52074,28.99943],[-113.52064,28.99944],[-113.52048,28.99947],[-113.52041,28.99949],[-113.52037,28.99954],[-113.52033,28.99957],[-113.52028,28.99957],[-113.52024,28.99954],[-113.52023,28.9995],[-113.52019,28.99947]]],[[[-113.51252,29.00272],[-113.50197,28.99397],[-113.50901,28.99317],[-113.51134,28.98872],[-113.51695,28.99383],[-113.51252,29.00272]]],[[[-113.52227,29.00663],[-113.52224,29.00662],[-113.52219,29.00662],[-113.52211,29.00663],[-113.522,29.00667],[-113.52196,29.0067],[-113.52195,29.00673],[-113.52195,29.00675],[-113.52197,29.00676],[-113.52201,29.00677],[-113.52204,29.00679],[-113.52208,29.00681],[-113.5221,29.00684],[-113.5221,29.00688],[-113.52209,29.0069],[-113.52206,29.00692],[-113.52201,29.00693],[-113.52193,29.00695],[-113.52187,29.00697],[-113.52183,29.00697],[-113.5218,29.00697],[-113.52179,29.00699],[-113.52178,29.00702],[-113.52176,29.00705],[-113.52174,29.00708],[-113.52172,29.0071],[-113.52166,29.00711],[-113.52163,29.00711],[-113.52159,29.0071],[-113.52157,29.00708],[-113.52155,29.00701],[-113.52156,29.00695],[-113.52156,29.00693],[-113.52158,29.00691],[-113.52159,29.0069],[-113.5216,29.00688],[-113.52158,29.00681],[-113.52157,29.00679],[-113.52154,29.00679],[-113.52151,29.00678],[-113.52149,29.00679],[-113.52149,29.0068],[-113.52151,29.00682],[-113.52153,29.00688],[-113.52153,29.00692],[-113.52152,29.00695],[-113.52149,29.00695],[-113.52146,29.00695],[-113.52141,29.00697],[-113.52137,29.00698],[-113.52134,29.00698],[-113.52131,29.00697],[-113.52129,29.00693],[-113.52129,29.00688],[-113.5213,29.00683],[-113.52131,29.0068],[-113.52134,29.00679],[-113.52136,29.00675],[-113.52137,29.00673],[-113.52137,29.00671],[-113.52137,29.00669],[-113.52137,29.00668],[-113.52136,29.00667],[-113.52135,29.00666],[-113.52133,29.00665],[-113.52131,29.00664],[-113.52129,29.00663],[-113.52128,29.00661],[-113.52129,29.00655],[-113.5213,29.00651],[-113.5213,29.00649],[-113.52128,29.00647],[-113.52126,29.00642],[-113.52125,29.00632],[-113.52124,29.0063],[-113.52121,29.00629],[-113.52119,29.00628],[-113.52117,29.00627],[-113.52115,29.00624],[-113.52115,29.00621],[-113.52113,29.00619],[-113.52112,29.00616],[-113.52111,29.00612],[-113.52108,29.00607],[-113.52105,29.00605],[-113.52105,29.00601],[-113.52104,29.00597],[-113.52102,29.00593],[-113.52102,29.0059],[-113.521,29.00585],[-113.52096,29.00578],[-113.52096,29.00571],[-113.52097,29.00565],[-113.52098,29.00561],[-113.52104,29.00551],[-113.5211,29.00542],[-113.52111,29.00539],[-113.5211,29.00538],[-113.5211,29.00535],[-113.52109,29.00534],[-113.52109,29.00531],[-113.5211,29.00528],[-113.52112,29.00526],[-113.52112,29.00523],[-113.52114,29.00519],[-113.52116,29.00516],[-113.52119,29.00513],[-113.52121,29.00509],[-113.52121,29.00506],[-113.52121,29.00503],[-113.52124,29.00495],[-113.52128,29.00484],[-113.52129,29.00481],[-113.52132,29.00479],[-113.52133,29.00476],[-113.52133,29.00475],[-113.52133,29.00473],[-113.52135,29.00469],[-113.52139,29.00467],[-113.5214,29.00466],[-113.52142,29.00462],[-113.52143,29.00457],[-113.52143,29.00453],[-113.52147,29.00448],[-113.52152,29.00445],[-113.52158,29.00442],[-113.52163,29.00438],[-113.52171,29.00433],[-113.52178,29.00427],[-113.52183,29.00422],[-113.52187,29.00416],[-113.52201,29.00408],[-113.52208,29.00405],[-113.52213,29.00403],[-113.52219,29.00405],[-113.52225,29.00404],[-113.52234,29.00402],[-113.52242,29.00399],[-113.52249,29.00399],[-113.52254,29.004],[-113.52258,29.00401],[-113.52271,29.00397],[-113.52288,29.00388],[-113.52299,29.00379],[-113.52303,29.00374],[-113.52303,29.0037],[-113.52302,29.00364],[-113.52304,29.00358],[-113.52306,29.0035],[-113.52304,29.00342],[-113.52303,29.00337],[-113.52304,29.00332],[-113.52308,29.00324],[-113.52314,29.00308],[-113.52315,29.00303],[-113.52314,29.00301],[-113.52312,29.00299],[-113.52304,29.00295],[-113.52302,29.00287],[-113.523,29.00276],[-113.52302,29.00271],[-113.52306,29.00264],[-113.52316,29.0026],[-113.52324,29.00259],[-113.52331,29.00261],[-113.52338,29.00262],[-113.52346,29.00265],[-113.52354,29.00266],[-113.52361,29.00263],[-113.52368,29.00257],[-113.52377,29.00251],[-113.5239,29.00243],[-113.52405,29.00235],[-113.5241,29.0023],[-113.52413,29.00224],[-113.52415,29.00217],[-113.52415,29.00211],[-113.52414,29.00203],[-113.52413,29.00197],[-113.52418,29.0019],[-113.52418,29.00187],[-113.52417,29.00182],[-113.52417,29.00177],[-113.52418,29.00174],[-113.52419,29.00168],[-113.5242,29.00164],[-113.52422,29.00162],[-113.52425,29.0016],[-113.52428,29.0016],[-113.5243,29.0016],[-113.52431,29.00164],[-113.52432,29.00173],[-113.52433,29.00183],[-113.52435,29.00188],[-113.52436,29.00196],[-113.52436,29.00205],[-113.52433,29.00217],[-113.52432,29.00224],[-113.52434,29.0023],[-113.52439,29.00238],[-113.52442,29.00243],[-113.52442,29.00248],[-113.52443,29.00254],[-113.52446,29.00262],[-113.52449,29.00274],[-113.52446,29.00279],[-113.52443,29.00281],[-113.52437,29.00284],[-113.52426,29.00292],[-113.52422,29.00295],[-113.52422,29.00299],[-113.52424,29.00302],[-113.52429,29.00306],[-113.52434,29.0031],[-113.52434,29.00317],[-113.52432,29.00326],[-113.52429,29.00333],[-113.5243,29.00337],[-113.5243,29.00343],[-113.52431,29.00346],[-113.52434,29.00347],[-113.52436,29.0035],[-113.52439,29.00353],[-113.52444,29.00354],[-113.52448,29.00357],[-113.52448,29.00361],[-113.52444,29.00366],[-113.5244,29.00371],[-113.52438,29.00375],[-113.52436,29.00384],[-113.52434,29.00388],[-113.5243,29.00389],[-113.52427,29.00387],[-113.52425,29.00386],[-113.5242,29.00384],[-113.52414,29.00384],[-113.5241,29.00384],[-113.52407,29.00382],[-113.52404,29.00381],[-113.52397,29.00381],[-113.52394,29.00381],[-113.52393,29.00384],[-113.52395,29.00387],[-113.52401,29.00388],[-113.52403,29.0039],[-113.52406,29.00393],[-113.52411,29.00395],[-113.52416,29.00396],[-113.52418,29.00399],[-113.52419,29.00405],[-113.5242,29.00412],[-113.52419,29.00418],[-113.52417,29.00423],[-113.5241,29.00437],[-113.52409,29.00439],[-113.52408,29.00448],[-113.52409,29.00455],[-113.52411,29.00471],[-113.52408,29.00477],[-113.52403,29.00481],[-113.52397,29.00481],[-113.52387,29.00474],[-113.52376,29.00464],[-113.52367,29.00448],[-113.52357,29.00439],[-113.5235,29.00435],[-113.52345,29.00434],[-113.52341,29.00435],[-113.52337,29.00437],[-113.52336,29.00442],[-113.52336,29.00447],[-113.52343,29.00455],[-113.52355,29.00466],[-113.52365,29.00478],[-113.52371,29.00488],[-113.52375,29.00496],[-113.52376,29.00502],[-113.5238,29.00513],[-113.52385,29.00522],[-113.52386,29.00532],[-113.5239,29.00538],[-113.52392,29.00546],[-113.52391,29.00549],[-113.52389,29.00551],[-113.52385,29.00551],[-113.52382,29.00551],[-113.5238,29.00553],[-113.5238,29.00558],[-113.52379,29.00567],[-113.52373,29.00577],[-113.52372,29.0058],[-113.52368,29.00583],[-113.52364,29.00582],[-113.52361,29.00575],[-113.52359,29.00571],[-113.52356,29.0057],[-113.52354,29.00568],[-113.52353,29.00565],[-113.52353,29.00563],[-113.52353,29.00561],[-113.52352,29.00557],[-113.52351,29.00556],[-113.52348,29.00555],[-113.52325,29.0054],[-113.5232,29.00539],[-113.52316,29.00543],[-113.52313,29.00546],[-113.52306,29.00546],[-113.52302,29.00548],[-113.52302,29.00551],[-113.52305,29.00556],[-113.52314,29.00563],[-113.52323,29.00567],[-113.52333,29.00574],[-113.52341,29.0058],[-113.52347,29.00582],[-113.5235,29.00585],[-113.52351,29.00588],[-113.52349,29.00591],[-113.52346,29.00594],[-113.52346,29.00597],[-113.52347,29.00603],[-113.52349,29.00607],[-113.52353,29.00612],[-113.52355,29.00617],[-113.52355,29.00623],[-113.52347,29.0064],[-113.52342,29.00657],[-113.52332,29.00678],[-113.52325,29.00687],[-113.52323,29.00689],[-113.52319,29.00692],[-113.52314,29.00694],[-113.52307,29.00695],[-113.52302,29.00697],[-113.52298,29.00699],[-113.52296,29.00703],[-113.52294,29.00707],[-113.52294,29.0071],[-113.5229,29.00715],[-113.52286,29.00721],[-113.52285,29.00722],[-113.52283,29.00723],[-113.52279,29.00724],[-113.52276,29.00724],[-113.52274,29.00724],[-113.52271,29.00722],[-113.52269,29.0072],[-113.52266,29.00718],[-113.52261,29.00715],[-113.52257,29.00712],[-113.52255,29.00709],[-113.52255,29.00706],[-113.52255,29.00701],[-113.52255,29.00698],[-113.52253,29.00696],[-113.52251,29.00692],[-113.5225,29.00689],[-113.52247,29.00686],[-113.5224,29.00684],[-113.52238,29.00682],[-113.52235,29.00679],[-113.52235,29.00675],[-113.52234,29.00673],[-113.5223,29.00671],[-113.52229,29.0067],[-113.52229,29.00667],[-113.52229,29.00665],[-113.52227,29.00663]]],[[[-113.51106,29.01177],[-113.51096,29.01177],[-113.51085,29.01179],[-113.51082,29.01179],[-113.51075,29.01173],[-113.51072,29.01166],[-113.51072,29.01159],[-113.51077,29.01154],[-113.51082,29.01152],[-113.51089,29.01148],[-113.5109,29.01142],[-113.51109,29.01121],[-113.51129,29.01108],[-113.51151,29.01099],[-113.51187,29.01089],[-113.51212,29.01077],[-113.51221,29.01075],[-113.51239,29.01073],[-113.51255,29.01072],[-113.51272,29.01068],[-113.5129,29.01061],[-113.51313,29.01047],[-113.51355,29.01009],[-113.51394,29.00978],[-113.51406,29.00973],[-113.51421,29.0097],[-113.51439,29.00968],[-113.51472,29.00962],[-113.51489,29.0096],[-113.51512,29.00958],[-113.51525,29.00956],[-113.51536,29.00955],[-113.51554,29.00956],[-113.51571,29.00961],[-113.51586,29.0097],[-113.51592,29.00985],[-113.51593,29.01007],[-113.51593,29.01038],[-113.51599,29.0105],[-113.51604,29.0106],[-113.51607,29.0107],[-113.51602,29.01079],[-113.51586,29.0109],[-113.51576,29.01099],[-113.51567,29.01109],[-113.51551,29.01115],[-113.51545,29.01127],[-113.51535,29.0114],[-113.51526,29.01147],[-113.51521,29.01155],[-113.51516,29.01161],[-113.51504,29.01166],[-113.51477,29.01171],[-113.51455,29.01172],[-113.5143,29.01167],[-113.51412,29.01165],[-113.51392,29.01157],[-113.51389,29.01155],[-113.51377,29.01155],[-113.51366,29.01157],[-113.51358,29.01156],[-113.51335,29.01144],[-113.51328,29.01146],[-113.5132,29.0115],[-113.51307,29.01149],[-113.51292,29.01144],[-113.51282,29.01139],[-113.5128,29.01139],[-113.51278,29.0114],[-113.51274,29.01148],[-113.51269,29.01152],[-113.51265,29.01153],[-113.5126,29.01153],[-113.51258,29.01151],[-113.51252,29.01145],[-113.5125,29.01142],[-113.51245,29.0114],[-113.51238,29.01139],[-113.51234,29.01136],[-113.5123,29.01128],[-113.51226,29.01123],[-113.51222,29.01121],[-113.51214,29.01122],[-113.51211,29.01125],[-113.51207,29.01133],[-113.51205,29.01142],[-113.51197,29.01148],[-113.51188,29.0115],[-113.51175,29.01151],[-113.5117,29.0115],[-113.51165,29.01151],[-113.51156,29.01158],[-113.51135,29.01165],[-113.51132,29.01168],[-113.5113,29.01171],[-113.51132,29.01178],[-113.51137,29.01182],[-113.51144,29.01184],[-113.51196,29.01186],[-113.51202,29.01187],[-113.51205,29.01191],[-113.51205,29.01204],[-113.51206,29.01209],[-113.51203,29.01211],[-113.51141,29.01211],[-113.51135,29.01211],[-113.51131,29.01209],[-113.51116,29.01188],[-113.51112,29.01181],[-113.51106,29.01177]]],[[[-113.52436,29.01333],[-113.52432,29.01325],[-113.5243,29.01319],[-113.52427,29.01315],[-113.52423,29.01308],[-113.5242,29.01294],[-113.52417,29.01285],[-113.52416,29.01275],[-113.52413,29.01258],[-113.52412,29.01253],[-113.5241,29.0125],[-113.52408,29.01247],[-113.52406,29.01242],[-113.52405,29.01238],[-113.52404,29.01233],[-113.52405,29.01223],[-113.52407,29.01217],[-113.52409,29.01211],[-113.52409,29.01208],[-113.52409,29.01204],[-113.52409,29.01202],[-113.52408,29.01199],[-113.52408,29.01195],[-113.52412,29.01184],[-113.52414,29.01176],[-113.52417,29.01171],[-113.52424,29.01164],[-113.52432,29.01155],[-113.52438,29.01148],[-113.52457,29.01121],[-113.52463,29.01114],[-113.52467,29.01109],[-113.52469,29.01102],[-113.5247,29.01099],[-113.5247,29.01085],[-113.52474,29.01077],[-113.52478,29.01073],[-113.52484,29.01072],[-113.52492,29.01072],[-113.52499,29.01072],[-113.52502,29.01073],[-113.52504,29.01076],[-113.52505,29.01081],[-113.52506,29.0109],[-113.52506,29.01099],[-113.52507,29.01102],[-113.52508,29.01104],[-113.52513,29.01105],[-113.52515,29.01108],[-113.52517,29.01117],[-113.5252,29.01121],[-113.52524,29.01128],[-113.52526,29.01138],[-113.52527,29.01144],[-113.52525,29.01153],[-113.52523,29.01162],[-113.52524,29.01165],[-113.52527,29.01169],[-113.52529,29.01172],[-113.5253,29.01179],[-113.52531,29.01186],[-113.52529,29.0119],[-113.52528,29.01191],[-113.52523,29.01192],[-113.52521,29.01192],[-113.5252,29.01193],[-113.5252,29.01195],[-113.52521,29.01198],[-113.52522,29.012],[-113.52519,29.01203],[-113.52509,29.01205],[-113.52506,29.01205],[-113.52501,29.01203],[-113.52499,29.012],[-113.52495,29.01196],[-113.52492,29.01194],[-113.52487,29.01193],[-113.52484,29.01194],[-113.52482,29.01196],[-113.52481,29.01197],[-113.52482,29.01202],[-113.52482,29.01208],[-113.52481,29.01212],[-113.52482,29.01215],[-113.52484,29.01216],[-113.52488,29.01216],[-113.52494,29.01216],[-113.52498,29.01217],[-113.52501,29.0122],[-113.52503,29.01227],[-113.52503,29.0123],[-113.52501,29.01233],[-113.52499,29.01235],[-113.52497,29.01237],[-113.52492,29.01238],[-113.52487,29.01238],[-113.52482,29.01238],[-113.52476,29.01239],[-113.52471,29.01242],[-113.52469,29.01244],[-113.52469,29.01246],[-113.52469,29.01247],[-113.52473,29.01249],[-113.52482,29.01255],[-113.52487,29.0126],[-113.52493,29.01271],[-113.52493,29.01282],[-113.52491,29.01291],[-113.5249,29.01294],[-113.52492,29.01299],[-113.52499,29.01306],[-113.52501,29.01309],[-113.52504,29.01313],[-113.52504,29.01321],[-113.52504,29.01328],[-113.52501,29.01331],[-113.52495,29.01334],[-113.52492,29.01334],[-113.52489,29.01331],[-113.52487,29.01326],[-113.52486,29.01324],[-113.52484,29.01324],[-113.52483,29.01325],[-113.5248,29.01328],[-113.52475,29.01331],[-113.5247,29.01333],[-113.52465,29.01334],[-113.52462,29.01336],[-113.5246,29.01338],[-113.52461,29.0134],[-113.52462,29.01344],[-113.52463,29.01346],[-113.52462,29.01349],[-113.5246,29.0135],[-113.52456,29.01351],[-113.52452,29.01351],[-113.52447,29.01347],[-113.52444,29.01345],[-113.52441,29.01343],[-113.52438,29.01338],[-113.52436,29.01333]]],[[[-113.50607,29.01365],[-113.50613,29.01364],[-113.50616,29.01364],[-113.50643,29.01369],[-113.5065,29.01371],[-113.50654,29.01375],[-113.50654,29.01379],[-113.50652,29.01387],[-113.50649,29.0139],[-113.50635,29.01393],[-113.5063,29.01395],[-113.50623,29.014],[-113.5059,29.01431],[-113.50582,29.01436],[-113.50579,29.01438],[-113.50573,29.01443],[-113.50569,29.01447],[-113.50567,29.01451],[-113.50565,29.01459],[-113.50562,29.01464],[-113.50531,29.01492],[-113.50525,29.01493],[-113.50516,29.01494],[-113.5051,29.01493],[-113.50504,29.01488],[-113.50499,29.01482],[-113.50497,29.01475],[-113.50494,29.01456],[-113.50494,29.01447],[-113.50495,29.0144],[-113.505,29.01427],[-113.50505,29.01419],[-113.50519,29.0141],[-113.50538,29.01402],[-113.50558,29.01391],[-113.50577,29.01382],[-113.50592,29.01371],[-113.50607,29.01365]]],[[[-113.51431,29.0163],[-113.51108,29.01336],[-113.51634,29.01341],[-113.51431,29.0163]]],[[[-113.4694,29.02418],[-113.4603,29.01319],[-113.46627,29.01394],[-113.4694,29.02418]]],[[[-113.4989,29.02783],[-113.49887,29.02782],[-113.4988,29.02784],[-113.49877,29.02784],[-113.49874,29.02784],[-113.49871,29.0278],[-113.49869,29.02778],[-113.49866,29.02778],[-113.49861,29.02777],[-113.49858,29.02776],[-113.49856,29.02773],[-113.49855,29.02769],[-113.49854,29.02763],[-113.49855,29.0276],[-113.49857,29.02759],[-113.49857,29.02758],[-113.49856,29.02757],[-113.49852,29.02756],[-113.49847,29.02756],[-113.49844,29.02754],[-113.49843,29.02752],[-113.49842,29.02751],[-113.49838,29.02751],[-113.49836,29.02749],[-113.49834,29.02745],[-113.49833,29.02744],[-113.49829,29.02744],[-113.49827,29.02743],[-113.49826,29.02741],[-113.49823,29.02732],[-113.49823,29.02724],[-113.49826,29.02717],[-113.49829,29.02712],[-113.49836,29.02709],[-113.49842,29.02709],[-113.49847,29.0271],[-113.49852,29.0271],[-113.49855,29.02712],[-113.49857,29.02715],[-113.4986,29.02719],[-113.49865,29.02721],[-113.49876,29.02726],[-113.49886,29.02732],[-113.49899,29.02739],[-113.49904,29.02747],[-113.4991,29.02755],[-113.49911,29.02764],[-113.49911,29.02773],[-113.49911,29.02779],[-113.4991,29.02782],[-113.49906,29.02784],[-113.49897,29.02785],[-113.4989,29.02783]]],[[[-113.08344,29.06889],[-113.08484,29.06314],[-113.09749,29.06183],[-113.09226,29.06411],[-113.09794,29.06309],[-113.09591,29.06678],[-113.08344,29.06889]]],[[[-114.61589,28.96547],[-114.61596,28.96519],[-114.61618,28.9653],[-114.61623,28.96536],[-114.61627,28.96545],[-114.61627,28.96553],[-114.61625,28.96563],[-114.6162,28.96572],[-114.61611,28.96576],[-114.61601,28.96576],[-114.6159,28.96575],[-114.61579,28.96571],[-114.61572,28.96553],[-114.61589,28.96547]]],[[[-113.5125,29.06207],[-113.51249,29.06197],[-113.51249,29.06195],[-113.51248,29.06193],[-113.51246,29.06192],[-113.51236,29.06191],[-113.51233,29.06191],[-113.51232,29.0619],[-113.51231,29.06189],[-113.51231,29.06181],[-113.51231,29.06179],[-113.51234,29.06177],[-113.51236,29.06177],[-113.51244,29.06176],[-113.51246,29.06171],[-113.5125,29.06169],[-113.51256,29.06166],[-113.51257,29.06163],[-113.51256,29.06153],[-113.51255,29.06145],[-113.51254,29.06142],[-113.51253,29.06135],[-113.51253,29.06132],[-113.51251,29.06129],[-113.51245,29.06127],[-113.51243,29.06122],[-113.51242,29.06119],[-113.51243,29.06114],[-113.51245,29.06112],[-113.51248,29.0611],[-113.51253,29.06109],[-113.51258,29.06109],[-113.51266,29.0611],[-113.51285,29.06122],[-113.51295,29.06131],[-113.51298,29.06134],[-113.51298,29.06137],[-113.51299,29.06142],[-113.51298,29.06144],[-113.51296,29.06146],[-113.51293,29.06147],[-113.51292,29.06148],[-113.51292,29.0615],[-113.51292,29.06154],[-113.51291,29.06157],[-113.51287,29.06158],[-113.51285,29.0616],[-113.51283,29.06162],[-113.51282,29.06165],[-113.51278,29.06169],[-113.51276,29.06172],[-113.51273,29.06174],[-113.5127,29.06174],[-113.51266,29.06174],[-113.51264,29.06176],[-113.51263,29.06179],[-113.51263,29.06181],[-113.51265,29.06182],[-113.51273,29.06184],[-113.51276,29.06185],[-113.51278,29.06187],[-113.51278,29.06193],[-113.51275,29.06201],[-113.51273,29.06203],[-113.5127,29.06203],[-113.51268,29.06201],[-113.51265,29.06197],[-113.51264,29.06197],[-113.51262,29.06197],[-113.51261,29.06198],[-113.51262,29.06205],[-113.5126,29.06212],[-113.51258,29.06213],[-113.51256,29.06213],[-113.51252,29.06214],[-113.5125,29.06212],[-113.5125,29.06207]]],[[[-113.51926,29.06898],[-113.51487,29.06483],[-113.52184,29.06963],[-113.51926,29.06898]]],[[[-113.52462,29.09551],[-113.50943,29.09609],[-113.50233,29.09041],[-113.50817,29.08023],[-113.50302,29.07683],[-113.50551,29.06327],[-113.49924,29.05491],[-113.50271,29.04982],[-113.48917,29.03768],[-113.50472,29.03922],[-113.50719,29.0421],[-113.50311,29.04561],[-113.50696,29.04732],[-113.50284,29.04909],[-113.50689,29.04749],[-113.51378,29.0521],[-113.50971,29.06199],[-113.51559,29.07057],[-113.51481,29.07698],[-113.52182,29.07834],[-113.52766,29.09316],[-113.52462,29.09551]]],[[[-113.52819,29.09891],[-113.52815,29.0989],[-113.52814,29.09891],[-113.5281,29.09892],[-113.52807,29.09891],[-113.52805,29.0989],[-113.52804,29.09885],[-113.52803,29.09881],[-113.52802,29.09877],[-113.52797,29.09874],[-113.52773,29.09866],[-113.52763,29.09865],[-113.52753,29.09862],[-113.52742,29.09859],[-113.52738,29.09856],[-113.52732,29.0985],[-113.52726,29.09841],[-113.52723,29.09831],[-113.52723,29.09823],[-113.52723,29.09816],[-113.52727,29.0981],[-113.52741,29.09801],[-113.52772,29.09782],[-113.5284,29.09743],[-113.52885,29.09719],[-113.52904,29.09709],[-113.52915,29.097],[-113.52924,29.09699],[-113.52931,29.09701],[-113.52941,29.09706],[-113.52947,29.09709],[-113.52951,29.09711],[-113.52956,29.09711],[-113.52958,29.09709],[-113.5296,29.09705],[-113.52959,29.097],[-113.52956,29.09692],[-113.52947,29.09686],[-113.52931,29.0967],[-113.5292,29.09661],[-113.52909,29.09656],[-113.52904,29.09652],[-113.52899,29.09645],[-113.52897,29.0964],[-113.52899,29.09635],[-113.52903,29.09632],[-113.52909,29.09632],[-113.52929,29.09627],[-113.52948,29.09622],[-113.52979,29.09619],[-113.53006,29.09614],[-113.53032,29.09615],[-113.53051,29.09614],[-113.5307,29.09613],[-113.53083,29.09616],[-113.53086,29.09619],[-113.53087,29.09627],[-113.53086,29.09638],[-113.5308,29.09648],[-113.53073,29.09658],[-113.53068,29.09664],[-113.53065,29.09672],[-113.53064,29.09678],[-113.53065,29.09693],[-113.53065,29.09703],[-113.53064,29.09715],[-113.5306,29.09724],[-113.53057,29.0973],[-113.5305,29.0974],[-113.53043,29.09744],[-113.53039,29.09748],[-113.53034,29.09756],[-113.53031,29.09763],[-113.53029,29.09768],[-113.53023,29.09772],[-113.53017,29.09774],[-113.53013,29.09776],[-113.53012,29.09779],[-113.53014,29.0981],[-113.53011,29.09827],[-113.53008,29.09833],[-113.53006,29.09838],[-113.53006,29.09842],[-113.53003,29.09846],[-113.53001,29.09848],[-113.52995,29.09849],[-113.52991,29.09847],[-113.52985,29.09843],[-113.52978,29.09841],[-113.52967,29.0984],[-113.52957,29.0984],[-113.52949,29.0984],[-113.52943,29.09842],[-113.52936,29.09846],[-113.52931,29.09852],[-113.52921,29.09858],[-113.52916,29.0986],[-113.52903,29.09864],[-113.52899,29.09866],[-113.52893,29.0987],[-113.52885,29.09875],[-113.52878,29.09881],[-113.52877,29.09888],[-113.52874,29.09892],[-113.52869,29.09895],[-113.52863,29.09896],[-113.52837,29.09896],[-113.52831,29.09895],[-113.52825,29.09894],[-113.52819,29.09891]]],[[[-113.6067,29.16828],[-113.6067,29.16824],[-113.60668,29.1682],[-113.60666,29.16813],[-113.60665,29.16808],[-113.60662,29.16801],[-113.60658,29.16794],[-113.60656,29.16789],[-113.60659,29.16783],[-113.60663,29.16783],[-113.60667,29.16781],[-113.60667,29.16776],[-113.60666,29.16769],[-113.6067,29.1676],[-113.60672,29.16753],[-113.60675,29.16743],[-113.60677,29.16726],[-113.60678,29.16713],[-113.60685,29.16695],[-113.60692,29.16675],[-113.60701,29.16661],[-113.60711,29.16648],[-113.60719,29.1664],[-113.60731,29.16635],[-113.60743,29.1663],[-113.60759,29.16627],[-113.60769,29.16626],[-113.60773,29.16626],[-113.60775,29.16624],[-113.60782,29.16616],[-113.60799,29.16603],[-113.60805,29.16603],[-113.60801,29.16616],[-113.60798,29.16632],[-113.60796,29.16643],[-113.60793,29.16658],[-113.60794,29.16666],[-113.60794,29.16673],[-113.60802,29.16687],[-113.60812,29.16704],[-113.60815,29.16716],[-113.60816,29.16737],[-113.60812,29.16749],[-113.60812,29.16754],[-113.60813,29.16759],[-113.60818,29.16767],[-113.60823,29.16774],[-113.60821,29.16779],[-113.6082,29.16783],[-113.60821,29.16787],[-113.60823,29.1679],[-113.60824,29.16799],[-113.60823,29.16808],[-113.6082,29.16813],[-113.60813,29.16817],[-113.60809,29.16816],[-113.60808,29.16813],[-113.60807,29.1681],[-113.60804,29.16808],[-113.60801,29.16808],[-113.60796,29.16812],[-113.60793,29.1682],[-113.60791,29.16824],[-113.60782,29.16824],[-113.6078,29.16822],[-113.60768,29.16823],[-113.60755,29.16824],[-113.60741,29.16824],[-113.60726,29.16824],[-113.60717,29.16825],[-113.60714,29.16829],[-113.60714,29.16837],[-113.60712,29.1684],[-113.60705,29.16841],[-113.60701,29.16839],[-113.60701,29.16833],[-113.607,29.16826],[-113.60699,29.16824],[-113.60696,29.16824],[-113.60694,29.16828],[-113.60693,29.16836],[-113.60691,29.16842],[-113.60686,29.16844],[-113.60678,29.16841],[-113.60675,29.16836],[-113.6067,29.16828]]],[[[-113.5139,29.55147],[-113.51151,29.53816],[-113.47438,29.53109],[-113.4764,29.52588],[-113.46168,29.5181],[-113.43099,29.49205],[-113.42539,29.47385],[-113.40655,29.46065],[-113.39335,29.45925],[-113.39294,29.44927],[-113.3848,29.44358],[-113.38386,29.43358],[-113.36163,29.40133],[-113.36333,29.39544],[-113.35203,29.38734],[-113.35179,29.3829],[-113.36196,29.37375],[-113.37613,29.34951],[-113.37066,29.31235],[-113.36678,29.30785],[-113.34496,29.29574],[-113.30442,29.29131],[-113.29443,29.28125],[-113.28835,29.28075],[-113.27602,29.29054],[-113.27426,29.2848],[-113.26053,29.28966],[-113.26102,29.28379],[-113.25545,29.28276],[-113.23746,29.28906],[-113.20716,29.28471],[-113.18353,29.28955],[-113.16758,29.27889],[-113.1768,29.26511],[-113.17861,29.24766],[-113.17705,29.23246],[-113.1728,29.22701],[-113.17237,29.19685],[-113.16702,29.19104],[-113.17401,29.16605],[-113.17455,29.12778],[-113.15386,29.09503],[-113.1559,29.07917],[-113.14836,29.06618],[-113.12465,29.06128],[-113.12349,29.05637],[-113.10019,29.05622],[-113.11514,29.02856],[-113.11614,28.98698],[-113.12241,28.98737],[-113.13926,29.00284],[-113.1497,29.00602],[-113.15462,29.01502],[-113.18858,29.02836],[-113.20034,29.048],[-113.24394,29.06713],[-113.24878,29.07312],[-113.2499,29.08395],[-113.25974,29.09171],[-113.26401,29.10455],[-113.28677,29.12944],[-113.29826,29.13671],[-113.30068,29.1451],[-113.31349,29.14816],[-113.31973,29.1572],[-113.33038,29.1623],[-113.33154,29.15948],[-113.3506,29.16858],[-113.36386,29.18743],[-113.38591,29.19627],[-113.4044,29.20946],[-113.40415,29.21329],[-113.4303,29.24295],[-113.42782,29.25501],[-113.43479,29.25939],[-113.44281,29.27567],[-113.44963,29.28013],[-113.46464,29.28125],[-113.47398,29.27777],[-113.49691,29.28379],[-113.50327,29.29774],[-113.50728,29.32319],[-113.52547,29.33481],[-113.5314,29.35182],[-113.53926,29.35664],[-113.54572,29.37156],[-113.55612,29.37694],[-113.55731,29.38589],[-113.56641,29.3924],[-113.56991,29.40014],[-113.58821,29.40892],[-113.59242,29.41752],[-113.58836,29.42741],[-113.59442,29.43844],[-113.59225,29.45103],[-113.58521,29.46434],[-113.57787,29.4682],[-113.56361,29.50519],[-113.56455,29.51175],[-113.57004,29.51529],[-113.56908,29.52167],[-113.57233,29.52202],[-113.56799,29.5286],[-113.57211,29.53835],[-113.55868,29.546],[-113.56034,29.53618],[-113.55599,29.53412],[-113.55291,29.53791],[-113.55357,29.53434],[-113.54549,29.53398],[-113.52477,29.54328],[-113.52599,29.55079],[-113.5139,29.55147]]],[[[-113.55678,29.55187],[-113.55902,29.54609],[-113.5587,29.55425],[-113.55678,29.55187]]],[[[-113.53826,29.56545],[-113.53435,29.56201],[-113.54529,29.56541],[-113.53826,29.56545]]],[[[-113.56535,29.564],[-113.55965,29.56087],[-113.5605,29.55531],[-113.56216,29.56018],[-113.56398,29.55233],[-113.57569,29.54598],[-113.57933,29.56099],[-113.56685,29.56647],[-113.56535,29.564]]],[[[-118.26262,29.18266],[-118.28065,29.16121],[-118.28982,29.1401],[-118.28156,29.11652],[-118.2827,29.10893],[-118.25427,29.09372],[-118.22805,29.06199],[-118.22203,29.01376],[-118.22979,28.99579],[-118.229,28.97495],[-118.22147,28.96262],[-118.22781,28.93677],[-118.22643,28.92609],[-118.23855,28.91528],[-118.24822,28.89099],[-118.26093,28.88347],[-118.27117,28.889],[-118.29495,28.88143],[-118.28281,28.89332],[-118.28226,28.90114],[-118.2984,28.93574],[-118.29404,28.94385],[-118.29735,28.95205],[-118.29289,28.95235],[-118.29096,28.96824],[-118.31306,28.97958],[-118.30528,28.98645],[-118.30947,28.99868],[-118.30494,29.00386],[-118.31409,29.01955],[-118.31661,29.03758],[-118.32626,29.0491],[-118.33883,29.05515],[-118.34544,29.06729],[-118.36464,29.07754],[-118.3504,29.11463],[-118.35354,29.12939],[-118.3651,29.1462],[-118.33395,29.16944],[-118.32098,29.16983],[-118.31584,29.17529],[-118.30807,29.17067],[-118.29465,29.17155],[-118.28725,29.18087],[-118.27969,29.18067],[-118.26464,29.19063],[-118.26069,29.18891],[-118.26262,29.18266]]],[[[-115.49966,29.61435],[-115.49965,29.61427],[-115.49964,29.61419],[-115.49964,29.61409],[-115.49964,29.61405],[-115.49966,29.61403],[-115.49968,29.61403],[-115.49972,29.61402],[-115.49974,29.61403],[-115.49976,29.61404],[-115.49976,29.61406],[-115.49977,29.61414],[-115.49981,29.61415],[-115.49983,29.61418],[-115.49985,29.6142],[-115.49987,29.61421],[-115.49992,29.6142],[-115.49995,29.61421],[-115.49998,29.61424],[-115.49999,29.61425],[-115.50002,29.61426],[-115.50006,29.61427],[-115.50014,29.61427],[-115.50015,29.61428],[-115.50016,29.61431],[-115.50014,29.61433],[-115.5001,29.61434],[-115.50007,29.61436],[-115.50006,29.61438],[-115.50007,29.61441],[-115.50008,29.61443],[-115.5001,29.61446],[-115.50011,29.61447],[-115.50019,29.61447],[-115.50025,29.61447],[-115.50027,29.61448],[-115.50028,29.61449],[-115.50028,29.61452],[-115.50027,29.61454],[-115.50025,29.61456],[-115.50013,29.61457],[-115.50009,29.61458],[-115.50008,29.6146],[-115.50008,29.61463],[-115.50005,29.61471],[-115.50003,29.61476],[-115.49997,29.61483],[-115.49992,29.61487],[-115.49974,29.61498],[-115.49969,29.61501],[-115.49965,29.61501],[-115.49963,29.615],[-115.49961,29.61493],[-115.49962,29.61484],[-115.49963,29.61471],[-115.49963,29.61468],[-115.49965,29.61464],[-115.49966,29.61454],[-115.49966,29.61435]]],[[[-115.79134,29.79716],[-115.78818,29.79337],[-115.79509,29.78656],[-115.79134,29.79716]]],[[[-114.41745,29.98801],[-114.40195,29.98275],[-114.39168,29.96184],[-114.40942,29.95549],[-114.41531,29.94865],[-114.41236,29.96095],[-114.42371,29.96696],[-114.41562,29.97513],[-114.42006,29.98505],[-114.41745,29.98801]]],[[[-114.38978,29.99491],[-114.38699,29.99203],[-114.38956,29.98868],[-114.38978,29.99491]]],[[[-114.4736,30.02281],[-114.47497,30.01295],[-114.47995,30.02024],[-114.4736,30.02281]]],[[[-114.49107,30.04743],[-114.48923,30.05471],[-114.4865,30.05124],[-114.49107,30.04743]]],[[[-114.55037,30.09397],[-114.54012,30.09225],[-114.53517,30.08325],[-114.54177,30.08346],[-114.54691,30.09039],[-114.55388,30.08975],[-114.55037,30.09397]]],[[[-114.62655,30.12898],[-114.62685,30.12894],[-114.62716,30.12907],[-114.62712,30.12972],[-114.62716,30.13014],[-114.62724,30.13038],[-114.6271,30.13079],[-114.62693,30.13107],[-114.62683,30.13113],[-114.6265,30.13143],[-114.62583,30.13129],[-114.62553,30.13117],[-114.62555,30.13103],[-114.62586,30.13077],[-114.62592,30.13047],[-114.62581,30.13022],[-114.62588,30.12975],[-114.62582,30.12927],[-114.62595,30.12907],[-114.62655,30.12898]]],[[[-116.11293,30.49698],[-116.10814,30.49584],[-116.10064,30.48418],[-116.10986,30.48031],[-116.12227,30.48426],[-116.1228,30.49127],[-116.11293,30.49698]]],[[[-114.74476,31.53209],[-114.75903,31.52859],[-114.77246,31.53289],[-114.77495,31.53876],[-114.76789,31.5467],[-114.77169,31.5587],[-114.75462,31.55189],[-114.74476,31.53209]]],[[[-114.74651,31.80186],[-114.73442,31.76975],[-114.71398,31.74877],[-114.66866,31.71878],[-114.65346,31.69486],[-114.65063,31.67986],[-114.66816,31.67628],[-114.66953,31.6829],[-114.68799,31.68693],[-114.69601,31.69935],[-114.71163,31.71032],[-114.69407,31.69502],[-114.68969,31.68172],[-114.70017,31.68026],[-114.70429,31.68702],[-114.71749,31.68117],[-114.72526,31.68635],[-114.72208,31.69457],[-114.73084,31.69739],[-114.74072,31.69506],[-114.76384,31.70567],[-114.79109,31.72999],[-114.80022,31.7631],[-114.79992,31.81264],[-114.78615,31.81871],[-114.76968,31.81683],[-114.74651,31.80186]]],[[[-116.79601,31.80654],[-116.78877,31.80658],[-116.78693,31.79097],[-116.79704,31.80313],[-116.79601,31.80654]]],[[[-116.80603,31.81321],[-116.8012,31.81198],[-116.8014,31.8059],[-116.80268,31.80981],[-116.80927,31.80989],[-116.80603,31.81321]]],[[[-117.24564,32.4139],[-117.24219,32.41143],[-117.23996,32.39109],[-117.2443,32.39504],[-117.24428,32.40499],[-117.25076,32.41968],[-117.24564,32.4139]]],[[[-117.25977,32.41888],[-117.25969,32.41887],[-117.25959,32.41888],[-117.25952,32.41892],[-117.25942,32.41898],[-117.25937,32.41904],[-117.25933,32.41909],[-117.25934,32.41913],[-117.2594,32.4192],[-117.25946,32.41928],[-117.2595,32.41939],[-117.25952,32.41953],[-117.25953,32.41958],[-117.25957,32.4196],[-117.2596,32.41963],[-117.2596,32.41968],[-117.25954,32.41971],[-117.2595,32.41975],[-117.25946,32.41979],[-117.25938,32.4198],[-117.2593,32.41978],[-117.25925,32.41972],[-117.2592,32.41968],[-117.2592,32.41962],[-117.25924,32.41958],[-117.25923,32.41952],[-117.25915,32.41923],[-117.25908,32.41906],[-117.25903,32.41899],[-117.25894,32.41895],[-117.25888,32.41896],[-117.25854,32.41897],[-117.25828,32.41896],[-117.25825,32.41897],[-117.25822,32.41901],[-117.25812,32.41911],[-117.25799,32.41927],[-117.25794,32.41931],[-117.25788,32.41935],[-117.25785,32.41936],[-117.25781,32.41935],[-117.25776,32.41932],[-117.25771,32.41927],[-117.2577,32.41922],[-117.2577,32.41907],[-117.25769,32.41887],[-117.25768,32.41881],[-117.25764,32.41879],[-117.25761,32.41878],[-117.25757,32.41878],[-117.25751,32.41879],[-117.25742,32.41882],[-117.25736,32.41882],[-117.25732,32.41879],[-117.25729,32.41875],[-117.25728,32.41869],[-117.25727,32.4185],[-117.25733,32.41845],[-117.2574,32.41838],[-117.25749,32.41836],[-117.25761,32.41838],[-117.25768,32.41841],[-117.25781,32.41846],[-117.25794,32.41854],[-117.25805,32.41861],[-117.25811,32.41864],[-117.25823,32.41865],[-117.25829,32.41864],[-117.25836,32.41862],[-117.25841,32.41862],[-117.25845,32.41865],[-117.25855,32.41875],[-117.25869,32.41876],[-117.2588,32.41876],[-117.25888,32.41876],[-117.25891,32.41879],[-117.25894,32.41885],[-117.25899,32.41887],[-117.25905,32.41889],[-117.25912,32.41889],[-117.25931,32.41887],[-117.2594,32.41885],[-117.25945,32.41877],[-117.25951,32.4186],[-117.25956,32.41813],[-117.25961,32.41796],[-117.25961,32.41791],[-117.25957,32.41787],[-117.25956,32.41783],[-117.25958,32.41775],[-117.25957,32.4177],[-117.25955,32.41762],[-117.25953,32.41753],[-117.25949,32.41749],[-117.25949,32.41743],[-117.25951,32.41736],[-117.2596,32.41723],[-117.25962,32.41718],[-117.25962,32.41714],[-117.25962,32.41704],[-117.25963,32.41699],[-117.25967,32.41696],[-117.25969,32.41691],[-117.25968,32.41685],[-117.25969,32.41674],[-117.25971,32.41668],[-117.25979,32.41643],[-117.2598,32.41637],[-117.25979,32.41634],[-117.25977,32.41632],[-117.25971,32.4163],[-117.2596,32.41627],[-117.25957,32.41625],[-117.25953,32.41615],[-117.25948,32.41608],[-117.25948,32.41601],[-117.25945,32.41592],[-117.25943,32.41585],[-117.25946,32.41581],[-117.25953,32.4158],[-117.25959,32.41582],[-117.25966,32.41582],[-117.25971,32.4158],[-117.25972,32.41577],[-117.25969,32.41573],[-117.25964,32.41569],[-117.25953,32.41562],[-117.25942,32.41552],[-117.25938,32.41545],[-117.25932,32.41538],[-117.25927,32.41538],[-117.25924,32.41536],[-117.25921,32.41532],[-117.25921,32.41528],[-117.25925,32.41524],[-117.25928,32.41521],[-117.25936,32.41521],[-117.25942,32.41522],[-117.25947,32.41521],[-117.25951,32.41519],[-117.25953,32.41515],[-117.25954,32.41509],[-117.25954,32.41499],[-117.25952,32.41496],[-117.25948,32.41491],[-117.25944,32.41487],[-117.25942,32.41485],[-117.25944,32.4148],[-117.25952,32.41473],[-117.2596,32.41471],[-117.25965,32.41472],[-117.25968,32.41477],[-117.25977,32.4148],[-117.25981,32.41489],[-117.25978,32.41495],[-117.25975,32.41499],[-117.25978,32.41505],[-117.25984,32.41507],[-117.25997,32.41506],[-117.26008,32.41507],[-117.26017,32.41522],[-117.26022,32.41543],[-117.26035,32.41568],[-117.2604,32.4158],[-117.2604,32.41592],[-117.26043,32.41601],[-117.26047,32.41607],[-117.26053,32.41617],[-117.26058,32.41626],[-117.2606,32.41639],[-117.2606,32.41645],[-117.26063,32.41651],[-117.26071,32.41657],[-117.26077,32.41659],[-117.26081,32.41656],[-117.26084,32.41648],[-117.26087,32.41644],[-117.26093,32.4164],[-117.26106,32.41639],[-117.26107,32.4167],[-117.26107,32.41679],[-117.26115,32.41683],[-117.26126,32.41682],[-117.26137,32.41677],[-117.2614,32.41671],[-117.26149,32.41674],[-117.26156,32.41681],[-117.26155,32.41693],[-117.26151,32.41701],[-117.26154,32.41707],[-117.26155,32.41711],[-117.26154,32.41717],[-117.26153,32.41721],[-117.26149,32.41728],[-117.26145,32.41732],[-117.26139,32.41737],[-117.26131,32.41742],[-117.26115,32.41752],[-117.26109,32.41757],[-117.26111,32.4176],[-117.26119,32.41756],[-117.26127,32.41752],[-117.26133,32.41751],[-117.26136,32.41753],[-117.26137,32.41754],[-117.26139,32.41779],[-117.26143,32.41811],[-117.26145,32.41822],[-117.26145,32.41831],[-117.26143,32.41833],[-117.26138,32.41837],[-117.26139,32.41848],[-117.26135,32.41855],[-117.26134,32.41859],[-117.26135,32.41863],[-117.26132,32.41874],[-117.26127,32.41886],[-117.26114,32.41901],[-117.26107,32.4191],[-117.26098,32.41916],[-117.26095,32.41921],[-117.26091,32.41929],[-117.26086,32.41951],[-117.26078,32.41963],[-117.26069,32.41972],[-117.26066,32.4198],[-117.26062,32.41996],[-117.26058,32.42008],[-117.26055,32.42014],[-117.26053,32.42015],[-117.26051,32.42015],[-117.26047,32.42015],[-117.26037,32.4201],[-117.26024,32.42],[-117.2601,32.4198],[-117.25999,32.41957],[-117.2599,32.41936],[-117.25981,32.41895],[-117.25977,32.41888]]],[[[-117.29893,32.44552],[-117.29407,32.43371],[-117.30003,32.44033],[-117.29893,32.44552]]],[[[-117.10045,32.53655],[-115.81255,32.64119],[-114.71971,32.71865],[-114.74609,32.67596],[-114.75015,32.66167],[-114.7623,32.65158],[-114.76463,32.64316],[-114.78141,32.63255],[-114.78542,32.62236],[-114.80221,32.62528],[-114.80791,32.62035],[-114.80796,32.60621],[-114.80131,32.58835],[-114.81224,32.56223],[-114.7918,32.55784],[-114.80431,32.54433],[-114.8032,32.53],[-114.81055,32.52184],[-114.8078,32.51031],[-114.81306,32.50293],[-114.81592,32.48297],[-114.83246,32.4814],[-114.84907,32.47342],[-114.88386,32.49227],[-114.90012,32.48348],[-114.92894,32.48482],[-114.93499,32.48187],[-114.93934,32.4684],[-114.93193,32.4397],[-114.94828,32.41927],[-114.96144,32.4117],[-114.9607,32.40266],[-114.95356,32.39662],[-114.95448,32.39335],[-114.96398,32.39416],[-114.96844,32.39065],[-114.96321,32.37669],[-114.96187,32.35474],[-114.96658,32.33879],[-114.99022,32.32021],[-114.99351,32.31172],[-115.00759,32.30542],[-115.03642,32.27775],[-115.04271,32.27006],[-115.04166,32.26128],[-115.05301,32.24517],[-114.97531,32.17799],[-114.98972,32.14637],[-114.95699,32.03863],[-114.96742,31.99688],[-114.96547,31.91842],[-114.94512,31.91012],[-114.93787,31.89077],[-114.91361,31.88134],[-114.90968,31.86726],[-114.8907,31.87233],[-114.87161,31.86448],[-114.85698,31.86653],[-114.84317,31.86355],[-114.82568,31.82881],[-114.81885,31.8209],[-114.80687,31.81668],[-114.80837,31.79266],[-114.81783,31.75923],[-114.81694,31.72874],[-114.79271,31.68344],[-114.78367,31.63552],[-114.78609,31.6248],[-114.79557,31.61202],[-114.81645,31.60963],[-114.82222,31.58437],[-114.83274,31.57853],[-114.85794,31.50113],[-114.85451,31.45671],[-114.85933,31.42916],[-114.86976,31.42285],[-114.86801,31.41381],[-114.87234,31.39927],[-114.88015,31.39289],[-114.87668,31.38541],[-114.88117,31.34871],[-114.88073,31.30659],[-114.88365,31.30308],[-114.87927,31.29526],[-114.8882,31.28452],[-114.88684,31.27737],[-114.89203,31.26665],[-114.88206,31.25249],[-114.88127,31.23644],[-114.89056,31.15029],[-114.88424,31.11816],[-114.86748,31.09022],[-114.84811,31.07266],[-114.83215,31.06643],[-114.82253,31.05367],[-114.81428,31.0521],[-114.81175,31.04402],[-114.82422,31.03957],[-114.83341,31.01917],[-114.83284,30.9992],[-114.82193,30.99687],[-114.82479,30.9987],[-114.82898,30.99328],[-114.82667,30.99115],[-114.82115,30.99586],[-114.82375,30.9885],[-114.80832,30.97728],[-114.72032,30.93703],[-114.70994,30.9057],[-114.71101,30.89152],[-114.70476,30.87901],[-114.70385,30.86399],[-114.70988,30.84487],[-114.70162,30.82108],[-114.69358,30.81927],[-114.69993,30.77239],[-114.69169,30.744],[-114.70511,30.71286],[-114.69353,30.67098],[-114.6988,30.63373],[-114.67791,30.58908],[-114.66554,30.57824],[-114.65228,30.55708],[-114.64894,30.52738],[-114.63072,30.48871],[-114.63921,30.45257],[-114.63124,30.41991],[-114.63676,30.4046],[-114.63546,30.39559],[-114.64371,30.37658],[-114.64315,30.37083],[-114.63628,30.36745],[-114.63484,30.35019],[-114.63628,30.34507],[-114.64187,30.34903],[-114.63889,30.33957],[-114.64395,30.33771],[-114.64421,30.31494],[-114.65628,30.28518],[-114.6562,30.27876],[-114.64224,30.26713],[-114.63976,30.26045],[-114.65213,30.24167],[-114.65053,30.2253],[-114.668,30.20045],[-114.66771,30.19141],[-114.65245,30.17492],[-114.6402,30.15247],[-114.63323,30.12641],[-114.62528,30.1179],[-114.6039,30.10798],[-114.59726,30.08871],[-114.58452,30.07414],[-114.58388,30.0519],[-114.57814,30.04458],[-114.5763,30.03254],[-114.56603,30.02646],[-114.56545,30.01162],[-114.55185,30.00194],[-114.53873,29.98276],[-114.54064,29.97705],[-114.5368,29.97042],[-114.48746,29.94876],[-114.47094,29.91327],[-114.45904,29.9093],[-114.43445,29.90931],[-114.41297,29.89068],[-114.40927,29.87764],[-114.41507,29.85725],[-114.41357,29.84835],[-114.40156,29.83134],[-114.38209,29.8226],[-114.37839,29.8139],[-114.36918,29.80775],[-114.37239,29.8058],[-114.37233,29.80933],[-114.38069,29.8131],[-114.39487,29.808],[-114.39518,29.79025],[-114.38598,29.77708],[-114.37186,29.76983],[-114.36226,29.77195],[-114.35459,29.7687],[-114.34611,29.75926],[-114.34279,29.74675],[-114.33048,29.74252],[-114.29428,29.74278],[-114.28143,29.75968],[-114.29104,29.75666],[-114.29297,29.76648],[-114.28428,29.7651],[-114.28023,29.77231],[-114.27133,29.77203],[-114.26328,29.76227],[-114.25949,29.76693],[-114.25855,29.75984],[-114.24323,29.76273],[-114.22979,29.75062],[-114.2081,29.74385],[-114.20049,29.72787],[-114.18136,29.70808],[-114.16645,29.70154],[-114.15927,29.69106],[-114.1449,29.69158],[-114.1323,29.67193],[-114.11092,29.65329],[-114.06342,29.62859],[-114.04582,29.59606],[-114.0311,29.59379],[-114.02272,29.58139],[-114.01651,29.57898],[-113.99424,29.57759],[-113.97891,29.56551],[-113.96377,29.54644],[-113.95099,29.53873],[-113.94222,29.52362],[-113.93041,29.51987],[-113.92737,29.51178],[-113.91617,29.50539],[-113.89691,29.48483],[-113.88093,29.47769],[-113.86229,29.46214],[-113.83609,29.45587],[-113.83145,29.44925],[-113.83174,29.4355],[-113.825,29.42945],[-113.80548,29.42593],[-113.79787,29.41771],[-113.77381,29.41053],[-113.7607,29.39039],[-113.72233,29.36256],[-113.71654,29.34908],[-113.69501,29.32438],[-113.66686,29.30364],[-113.65826,29.30206],[-113.65637,29.29691],[-113.6375,29.28339],[-113.62514,29.25286],[-113.65302,29.22412],[-113.65613,29.20853],[-113.63935,29.1984],[-113.64256,29.18432],[-113.63572,29.17836],[-113.63526,29.17265],[-113.62645,29.17454],[-113.62122,29.16102],[-113.6125,29.16006],[-113.60891,29.16336],[-113.60391,29.14387],[-113.59282,29.13027],[-113.57137,29.11685],[-113.56267,29.08577],[-113.53848,29.05795],[-113.53868,29.03952],[-113.53444,29.03227],[-113.53818,29.03094],[-113.53763,29.03678],[-113.54887,29.04015],[-113.56044,29.02361],[-113.56302,29.00777],[-113.56041,28.99922],[-113.54742,28.98509],[-113.54648,28.96661],[-113.54155,28.95582],[-113.54619,28.96453],[-113.55644,28.95419],[-113.55728,28.94692],[-113.53497,28.90617],[-113.52676,28.90007],[-113.52619,28.89327],[-113.49639,28.88955],[-113.47902,28.89454],[-113.47134,28.91446],[-113.48323,28.9208],[-113.48722,28.92783],[-113.48602,28.93226],[-113.48011,28.93157],[-113.48141,28.94182],[-113.47425,28.9438],[-113.48008,28.94775],[-113.47036,28.94929],[-113.45922,28.94375],[-113.44765,28.95115],[-113.44433,28.94675],[-113.44021,28.94949],[-113.43836,28.95968],[-113.43316,28.95229],[-113.42375,28.94867],[-113.42887,28.93518],[-113.41523,28.9234],[-113.40388,28.92642],[-113.40468,28.93214],[-113.39662,28.93738],[-113.38575,28.93962],[-113.38312,28.93526],[-113.38623,28.92919],[-113.39065,28.92962],[-113.39403,28.91523],[-113.36773,28.90352],[-113.37801,28.90206],[-113.38068,28.89452],[-113.36799,28.87769],[-113.35736,28.87397],[-113.36568,28.87075],[-113.37034,28.86121],[-113.37075,28.8385],[-113.36486,28.82335],[-113.35135,28.8167],[-113.35709,28.8123],[-113.3547,28.80439],[-113.34708,28.79967],[-113.31256,28.80314],[-113.2948,28.81358],[-113.29465,28.81794],[-113.28572,28.81942],[-113.28644,28.82573],[-113.26579,28.83336],[-113.26029,28.84052],[-113.2516,28.84053],[-113.24272,28.83399],[-113.23356,28.83536],[-113.23075,28.82818],[-113.22063,28.82479],[-113.21387,28.81471],[-113.21249,28.8031],[-113.19643,28.79228],[-113.19864,28.77878],[-113.19207,28.76511],[-113.1942,28.74482],[-113.18922,28.72998],[-113.18183,28.71478],[-113.17518,28.71239],[-113.17653,28.70463],[-113.16839,28.69114],[-113.15878,28.66007],[-113.1339,28.64181],[-113.12875,28.63263],[-113.13029,28.59939],[-113.11421,28.55823],[-113.1135,28.52678],[-113.10433,28.50607],[-113.08051,28.49409],[-113.07525,28.48523],[-113.03913,28.47524],[-113.03575,28.46714],[-113.01562,28.45738],[-113.0021,28.45448],[-112.96998,28.45687],[-112.90352,28.47524],[-112.88518,28.46297],[-112.88836,28.4571],[-112.88329,28.45653],[-112.88309,28.45127],[-112.87459,28.45039],[-112.88277,28.43948],[-112.88036,28.43442],[-112.86337,28.43265],[-112.85902,28.44048],[-112.8467,28.4409],[-112.84442,28.42214],[-112.85085,28.42038],[-112.86018,28.40409],[-112.84924,28.38204],[-112.85453,28.37365],[-112.85231,28.36541],[-112.86899,28.33673],[-112.8739,28.31888],[-112.87499,28.30712],[-112.86815,28.30064],[-112.87349,28.28222],[-112.86361,28.26788],[-112.8421,28.25271],[-112.82635,28.23114],[-112.80212,28.20823],[-112.80147,28.20328],[-112.7865,28.19613],[-112.79606,28.18757],[-112.81202,28.13583],[-112.81253,28.11595],[-112.8034,28.08468],[-112.79178,28.07681],[-112.78867,28.06825],[-112.80022,28.05309],[-112.80489,28.02851],[-112.80149,28.01758],[-112.79178,28.00721],[-112.76492,28.0],[-114.20487,28.0],[-114.14169,28.07921],[-114.1307,28.08582],[-114.11226,28.11865],[-114.11275,28.12394],[-114.08217,28.16746],[-114.06224,28.20761],[-114.06081,28.21423],[-114.06553,28.21707],[-114.06909,28.2315],[-114.07883,28.24662],[-114.09112,28.24705],[-114.0957,28.2411],[-114.1044,28.23886],[-114.11534,28.24297],[-114.11683,28.25175],[-114.12494,28.25683],[-114.08119,28.34434],[-114.04786,28.43853],[-114.0455,28.46443],[-114.049,28.4719],[-114.0692,28.48853],[-114.06933,28.51509],[-114.08629,28.52299],[-114.09666,28.54662],[-114.11028,28.55573],[-114.13357,28.5633],[-114.14926,28.55978],[-114.1617,28.57036],[-114.15421,28.59765],[-114.15476,28.6151],[-114.16394,28.64055],[-114.17414,28.65105],[-114.18651,28.65783],[-114.23315,28.66695],[-114.24595,28.6625],[-114.24553,28.65297],[-114.25897,28.66396],[-114.27018,28.6601],[-114.2697,28.68962],[-114.279,28.69532],[-114.28396,28.70598],[-114.30203,28.70604],[-114.30731,28.72012],[-114.31609,28.727],[-114.34704,28.7308],[-114.34258,28.75536],[-114.35077,28.7617],[-114.34861,28.77231],[-114.35963,28.78039],[-114.36128,28.79815],[-114.37219,28.81189],[-114.37865,28.81448],[-114.38608,28.80662],[-114.39724,28.81778],[-114.39738,28.83276],[-114.4043,28.83587],[-114.40468,28.85944],[-114.41412,28.87647],[-114.42683,28.88408],[-114.43731,28.87588],[-114.44901,28.9069],[-114.46131,28.90793],[-114.4883,28.93296],[-114.50586,28.93546],[-114.51124,28.9302],[-114.52608,28.93224],[-114.53165,28.91884],[-114.53349,28.92495],[-114.5448,28.93426],[-114.54333,28.94267],[-114.54827,28.9573],[-114.56218,28.97127],[-114.57309,28.97627],[-114.58406,28.97147],[-114.58176,28.96609],[-114.59217,28.97041],[-114.60113,28.98638],[-114.59915,29.00065],[-114.60445,29.00177],[-114.59958,29.00775],[-114.6064,29.021],[-114.60346,29.02623],[-114.60819,29.05903],[-114.61296,29.0641],[-114.61849,29.06329],[-114.6209,29.07984],[-114.62694,29.0899],[-114.6361,29.09796],[-114.65412,29.09775],[-114.67439,29.11292],[-114.68306,29.10934],[-114.69654,29.11039],[-114.70318,29.1014],[-114.71028,29.11176],[-114.71594,29.11033],[-114.72563,29.13637],[-114.73446,29.13547],[-114.73673,29.139],[-114.73363,29.14318],[-114.73473,29.15858],[-114.74344,29.18184],[-114.75755,29.18398],[-114.77062,29.19769],[-114.77687,29.19434],[-114.78549,29.19703],[-114.79689,29.21143],[-114.8055,29.20929],[-114.81302,29.21424],[-114.82314,29.23647],[-114.83284,29.24177],[-114.83741,29.23695],[-114.86361,29.27585],[-114.87344,29.28478],[-114.88066,29.28624],[-114.88736,29.29787],[-114.91087,29.31436],[-114.9508,29.36151],[-114.967,29.37513],[-114.98323,29.38262],[-115.01178,29.38543],[-115.0304,29.39823],[-115.07253,29.41661],[-115.09525,29.41677],[-115.10546,29.42142],[-115.13021,29.41814],[-115.14084,29.42283],[-115.15374,29.42069],[-115.17915,29.43157],[-115.18856,29.42783],[-115.21128,29.47235],[-115.2291,29.48679],[-115.23635,29.50084],[-115.25027,29.5144],[-115.26556,29.51892],[-115.2996,29.54121],[-115.31408,29.54234],[-115.34144,29.5562],[-115.36981,29.5606],[-115.37853,29.55836],[-115.39271,29.57418],[-115.4073,29.57805],[-115.41473,29.59247],[-115.45711,29.6249],[-115.47837,29.62682],[-115.49308,29.6168],[-115.50538,29.61695],[-115.52414,29.63521],[-115.54044,29.64333],[-115.55705,29.66178],[-115.56347,29.66359],[-115.58456,29.69218],[-115.60194,29.69818],[-115.61967,29.69533],[-115.67874,29.74397],[-115.69987,29.7552],[-115.68454,29.82646],[-115.70196,29.9003],[-115.74284,29.94796],[-115.78808,29.95944],[-115.80394,29.9583],[-115.81269,29.94945],[-115.79809,30.00113],[-115.78126,30.09094],[-115.79011,30.11104],[-115.78802,30.11711],[-115.80183,30.13296],[-115.8027,30.15212],[-115.79486,30.19472],[-115.79538,30.2414],[-115.80279,30.27991],[-115.8118,30.30051],[-115.82655,30.3191],[-115.83727,30.34417],[-115.84954,30.35773],[-115.91685,30.40074],[-115.94741,30.40427],[-115.97745,30.39472],[-115.99163,30.38204],[-115.97994,30.36522],[-115.98247,30.35967],[-115.99073,30.35726],[-116.00068,30.35994],[-116.00682,30.36612],[-116.00508,30.39205],[-116.0131,30.42173],[-116.01845,30.43192],[-116.03112,30.43644],[-116.03569,30.45866],[-116.04722,30.47049],[-116.04821,30.49225],[-116.04336,30.50133],[-116.0325,30.56459],[-116.02663,30.64756],[-116.03268,30.69863],[-116.04668,30.71863],[-116.04993,30.77301],[-116.05747,30.79571],[-116.07404,30.81656],[-116.10636,30.82353],[-116.14846,30.85914],[-116.16088,30.86356],[-116.17358,30.86144],[-116.20063,30.88237],[-116.21534,30.91401],[-116.23292,30.93145],[-116.24545,30.93342],[-116.2699,30.96706],[-116.2848,30.9697],[-116.30164,30.96027],[-116.31967,30.95595],[-116.33026,30.96042],[-116.33776,30.97192],[-116.33838,30.98547],[-116.32694,31.02398],[-116.31185,31.10252],[-116.30905,31.15073],[-116.31081,31.1582],[-116.33498,31.19122],[-116.34037,31.20868],[-116.35253,31.21378],[-116.35459,31.23085],[-116.36411,31.24855],[-116.38445,31.26699],[-116.39245,31.28379],[-116.40006,31.2848],[-116.40677,31.29235],[-116.41646,31.29281],[-116.41694,31.3027],[-116.43277,31.31244],[-116.43999,31.32512],[-116.44447,31.32309],[-116.44918,31.33111],[-116.45672,31.33095],[-116.45296,31.33426],[-116.45583,31.34701],[-116.46373,31.34807],[-116.46876,31.36061],[-116.48716,31.36987],[-116.48675,31.37998],[-116.502,31.40584],[-116.50062,31.41075],[-116.51222,31.41507],[-116.52183,31.43469],[-116.54798,31.44674],[-116.55037,31.45235],[-116.57091,31.46511],[-116.58273,31.46652],[-116.59663,31.46067],[-116.60193,31.46302],[-116.6087,31.49735],[-116.63541,31.51787],[-116.64845,31.51606],[-116.6468,31.51948],[-116.66019,31.52886],[-116.66889,31.55252],[-116.67891,31.55478],[-116.68454,31.55082],[-116.69107,31.55421],[-116.68717,31.55523],[-116.69207,31.57136],[-116.68153,31.5712],[-116.67428,31.5788],[-116.65457,31.57895],[-116.65169,31.58197],[-116.65467,31.59407],[-116.66394,31.60008],[-116.66761,31.61785],[-116.65421,31.64232],[-116.64992,31.66453],[-116.67988,31.69656],[-116.67763,31.69969],[-116.69166,31.70387],[-116.68816,31.70692],[-116.69656,31.71621],[-116.70352,31.71627],[-116.7062,31.71201],[-116.70861,31.71461],[-116.70832,31.71157],[-116.71397,31.71386],[-116.71706,31.71804],[-116.71494,31.7252],[-116.72427,31.7227],[-116.7269,31.7338],[-116.72943,31.73232],[-116.73625,31.74069],[-116.74455,31.74337],[-116.74067,31.74962],[-116.72788,31.74915],[-116.69776,31.73265],[-116.68155,31.72868],[-116.67199,31.71879],[-116.65584,31.72229],[-116.64249,31.73508],[-116.62477,31.77337],[-116.61381,31.77627],[-116.61979,31.7814],[-116.60981,31.81383],[-116.61252,31.8404],[-116.61808,31.84514],[-116.62126,31.84121],[-116.62107,31.84595],[-116.61613,31.84618],[-116.62087,31.85632],[-116.62517,31.85415],[-116.62106,31.85889],[-116.62924,31.86111],[-116.63184,31.85855],[-116.62919,31.85626],[-116.63346,31.8552],[-116.62553,31.84388],[-116.64013,31.86021],[-116.66021,31.86114],[-116.66243,31.86429],[-116.66392,31.86198],[-116.6599,31.86059],[-116.66873,31.8616],[-116.69942,31.89497],[-116.70574,31.89403],[-116.70248,31.89087],[-116.7209,31.90257],[-116.74653,31.90248],[-116.75611,31.91362],[-116.75696,31.94828],[-116.76909,31.97127],[-116.80015,31.98237],[-116.82403,31.97746],[-116.83287,31.97896],[-116.84116,31.98663],[-116.85171,31.98627],[-116.88024,32.01866],[-116.88681,32.03452],[-116.88438,32.04327],[-116.88728,32.04899],[-116.88147,32.06195],[-116.8821,32.07928],[-116.88643,32.08586],[-116.88394,32.09179],[-116.88658,32.12335],[-116.8959,32.15272],[-116.90349,32.16512],[-116.9078,32.16517],[-116.9158,32.20996],[-116.92321,32.22752],[-116.93658,32.24265],[-116.95682,32.25206],[-117.01136,32.26888],[-117.02438,32.26871],[-117.03925,32.28564],[-117.05103,32.32299],[-117.07575,32.36844],[-117.0712,32.37012],[-117.07658,32.36806],[-117.07527,32.37254],[-117.09022,32.39681],[-117.10149,32.43844],[-117.11214,32.45033],[-117.12417,32.48647],[-117.12365,32.5339],[-117.10045,32.53655]]]]}},{"type":"Feature","properties":{"T00_CVEGEO":"03","T00_NOMGEO":"Baja California Sur","NAME":"Baja California Sur"},"geometry":{"type":"MultiPolygon","coordinates":[[[[-109.8945,22.87475],[-109.89462,22.87475],[-109.89468,22.87481],[-109.89467,22.87496],[-109.89471,22.87511],[-109.89467,22.87531],[-109.89459,22.8754],[-109.89448,22.8755],[-109.8943,22.87549],[-109.89418,22.87546],[-109.89422,22.87536],[-109.89428,22.8753],[-109.89428,22.87526],[-109.89425,22.87525],[-109.89421,22.87523],[-109.8942,22.87518],[-109.89419,22.87516],[-109.89419,22.87504],[-109.89424,22.87494],[-109.89439,22.87484],[-109.8945,22.87475]]],[[[-109.89289,22.87646],[-109.89282,22.87644],[-109.8928,22.87644],[-109.89278,22.87643],[-109.89277,22.87639],[-109.89276,22.87637],[-109.89274,22.87635],[-109.89274,22.87634],[-109.89274,22.87631],[-109.89275,22.87627],[-109.89276,22.87626],[-109.89279,22.87623],[-109.89282,22.87623],[-109.89283,22.87622],[-109.89284,22.87619],[-109.89284,22.87617],[-109.89286,22.87616],[-109.89287,22.87613],[-109.89287,22.87612],[-109.8929,22.87611],[-109.89292,22.87608],[-109.89292,22.87606],[-109.89293,22.87602],[-109.89292,22.876],[-109.89292,22.876],[-109.89293,22.87598],[-109.89295,22.87595],[-109.89294,22.8759],[-109.89294,22.8759],[-109.89297,22.87586],[-109.89299,22.87583],[-109.89303,22.87578],[-109.89304,22.87575],[-109.89307,22.87574],[-109.89311,22.87574],[-109.89313,22.87575],[-109.89319,22.87574],[-109.89323,22.87574],[-109.89326,22.87573],[-109.8933,22.87572],[-109.8933,22.87574],[-109.89331,22.87576],[-109.89331,22.87579],[-109.89333,22.87582],[-109.89336,22.87583],[-109.89339,22.87584],[-109.89343,22.87589],[-109.89342,22.87593],[-109.89342,22.87597],[-109.89341,22.876],[-109.89339,22.87599],[-109.89339,22.87597],[-109.89337,22.876],[-109.89335,22.87603],[-109.89335,22.87605],[-109.89337,22.87605],[-109.8934,22.87606],[-109.89341,22.87609],[-109.89341,22.8761],[-109.8934,22.87613],[-109.89337,22.87614],[-109.89332,22.87614],[-109.89331,22.87617],[-109.89332,22.87618],[-109.89334,22.87618],[-109.89336,22.87617],[-109.89337,22.87617],[-109.89337,22.87617],[-109.89339,22.87619],[-109.89339,22.87621],[-109.89336,22.87623],[-109.89334,22.87624],[-109.89332,22.87626],[-109.89332,22.87627],[-109.89333,22.87629],[-109.89333,22.87631],[-109.89334,22.87633],[-109.89331,22.87635],[-109.89331,22.87635],[-109.8933,22.87638],[-109.89329,22.87639],[-109.89327,22.87639],[-109.89327,22.87639],[-109.89325,22.87636],[-109.89325,22.87636],[-109.89324,22.87637],[-109.89322,22.87639],[-109.8932,22.87641],[-109.89318,22.87641],[-109.89315,22.8764],[-109.89314,22.87639],[-109.89312,22.87641],[-109.89309,22.87642],[-109.89304,22.87644],[-109.89301,22.87643],[-109.89299,22.87644],[-109.89297,22.87645],[-109.89293,22.87646],[-109.89289,22.87646]]],[[[-110.14889,24.25256],[-110.14887,24.25251],[-110.14879,24.25255],[-110.14874,24.2526],[-110.14863,24.2526],[-110.14866,24.25256],[-110.14866,24.25253],[-110.14857,24.25255],[-110.14849,24.25255],[-110.14848,24.25251],[-110.14841,24.2525],[-110.14841,24.25253],[-110.14836,24.25254],[-110.14832,24.25251],[-110.14829,24.25246],[-110.14829,24.25226],[-110.14838,24.25225],[-110.14839,24.25222],[-110.14843,24.25217],[-110.14845,24.2521],[-110.14845,24.25207],[-110.14847,24.25198],[-110.14854,24.25191],[-110.1486,24.25188],[-110.14865,24.25186],[-110.14865,24.25186],[-110.14871,24.25183],[-110.14879,24.25179],[-110.14888,24.25178],[-110.14899,24.25179],[-110.14905,24.25181],[-110.14912,24.25182],[-110.14928,24.25187],[-110.14934,24.25189],[-110.14937,24.2519],[-110.1494,24.25191],[-110.14941,24.25192],[-110.14943,24.25193],[-110.14951,24.25192],[-110.1496,24.25195],[-110.14959,24.25202],[-110.14956,24.25202],[-110.14952,24.25202],[-110.14946,24.25209],[-110.14939,24.25224],[-110.14934,24.25226],[-110.14924,24.25227],[-110.14916,24.2523],[-110.14913,24.25237],[-110.14912,24.25242],[-110.14914,24.25252],[-110.14912,24.25254],[-110.14905,24.25254],[-110.149,24.25255],[-110.14896,24.2526],[-110.1489,24.25263],[-110.14889,24.25256]]],[[[-110.33876,24.28913],[-110.33854,24.28909],[-110.33826,24.2891],[-110.33793,24.28894],[-110.33774,24.28884],[-110.33754,24.28867],[-110.33752,24.28866],[-110.33738,24.28856],[-110.33727,24.2885],[-110.33726,24.28837],[-110.33732,24.28834],[-110.33741,24.28833],[-110.33741,24.28832],[-110.3377,24.28817],[-110.3382,24.28761],[-110.33864,24.28716],[-110.33881,24.28711],[-110.3392,24.28692],[-110.33948,24.28674],[-110.3396,24.28656],[-110.33986,24.28638],[-110.33998,24.28638],[-110.34021,24.28623],[-110.34075,24.28616],[-110.34103,24.28598],[-110.34131,24.28588],[-110.3415,24.2859],[-110.3415,24.28602],[-110.34146,24.28616],[-110.34145,24.28626],[-110.34145,24.28644],[-110.34118,24.28662],[-110.34088,24.28695],[-110.34071,24.2871],[-110.34064,24.28721],[-110.34055,24.28732],[-110.34041,24.28743],[-110.34033,24.28755],[-110.34019,24.28786],[-110.34018,24.28787],[-110.33999,24.28794],[-110.34006,24.288],[-110.34006,24.28809],[-110.34008,24.28818],[-110.34004,24.28825],[-110.34003,24.28838],[-110.33995,24.28842],[-110.33995,24.28842],[-110.33981,24.28851],[-110.33972,24.28855],[-110.33966,24.28856],[-110.33961,24.28862],[-110.3396,24.28871],[-110.33957,24.28893],[-110.3396,24.28908],[-110.33951,24.28912],[-110.33943,24.28912],[-110.33931,24.2892],[-110.33909,24.28919],[-110.3389,24.28918],[-110.33876,24.28913]]],[[[-109.80041,24.1519],[-109.80249,24.13671],[-109.81803,24.14282],[-109.86365,24.14745],[-109.87362,24.15298],[-109.87186,24.15955],[-109.89317,24.18683],[-109.92194,24.26036],[-109.92331,24.27149],[-109.91828,24.29093],[-109.93946,24.32497],[-109.93424,24.37593],[-109.92237,24.36552],[-109.91832,24.35099],[-109.8898,24.31283],[-109.88218,24.29209],[-109.86976,24.27042],[-109.85754,24.25831],[-109.84248,24.22723],[-109.81973,24.2048],[-109.80826,24.17035],[-109.79984,24.15796],[-109.80041,24.1519]]],[[[-110.38359,24.45691],[-110.38378,24.45683],[-110.38397,24.45685],[-110.3841,24.45685],[-110.38429,24.4568],[-110.38448,24.45678],[-110.38467,24.45681],[-110.38478,24.45686],[-110.38482,24.45694],[-110.38484,24.457],[-110.38487,24.45712],[-110.38485,24.45717],[-110.38476,24.4572],[-110.3845,24.45733],[-110.38422,24.45744],[-110.38385,24.45754],[-110.3837,24.45759],[-110.38358,24.4576],[-110.38337,24.45763],[-110.38311,24.45765],[-110.38297,24.45763],[-110.38294,24.45761],[-110.38296,24.45753],[-110.38304,24.45741],[-110.38323,24.45722],[-110.38359,24.45691]]],[[[-110.38316,24.46678],[-110.38284,24.46674],[-110.3825,24.46673],[-110.38239,24.46669],[-110.38227,24.46663],[-110.38214,24.46663],[-110.38208,24.46657],[-110.38205,24.46647],[-110.38208,24.46637],[-110.38213,24.46633],[-110.38226,24.46623],[-110.38238,24.4662],[-110.38249,24.46622],[-110.38282,24.46612],[-110.38305,24.46606],[-110.38354,24.46601],[-110.38395,24.46588],[-110.38411,24.46582],[-110.38442,24.4658],[-110.38472,24.46581],[-110.38492,24.46576],[-110.38536,24.46579],[-110.38568,24.46577],[-110.3859,24.46579],[-110.38608,24.46579],[-110.38619,24.46576],[-110.38646,24.46569],[-110.38704,24.46565],[-110.3874,24.46556],[-110.38757,24.46548],[-110.38775,24.46543],[-110.38792,24.4654],[-110.38809,24.46541],[-110.38824,24.46543],[-110.38837,24.46546],[-110.38848,24.46546],[-110.3885,24.46547],[-110.38849,24.46554],[-110.38839,24.46558],[-110.38828,24.46563],[-110.38817,24.46577],[-110.38805,24.46587],[-110.38796,24.46601],[-110.38785,24.46606],[-110.38701,24.46633],[-110.38663,24.46646],[-110.38631,24.46647],[-110.3858,24.46647],[-110.3853,24.46645],[-110.38501,24.46648],[-110.38484,24.4666],[-110.38466,24.46671],[-110.38424,24.46672],[-110.38372,24.46672],[-110.38364,24.46671],[-110.38358,24.46671],[-110.38352,24.46673],[-110.38344,24.46677],[-110.38334,24.46679],[-110.38316,24.46678]]],[[[-110.39909,24.48631],[-110.39888,24.48631],[-110.39864,24.48635],[-110.39845,24.4864],[-110.39834,24.4864],[-110.39829,24.48639],[-110.39816,24.48625],[-110.39812,24.48602],[-110.39814,24.48587],[-110.3984,24.48563],[-110.39891,24.48528],[-110.39913,24.48503],[-110.39937,24.48478],[-110.39952,24.48441],[-110.39983,24.48381],[-110.40009,24.48345],[-110.40035,24.48315],[-110.40043,24.48297],[-110.40047,24.48282],[-110.40082,24.48251],[-110.4013,24.48203],[-110.40178,24.48167],[-110.40227,24.48143],[-110.40296,24.48121],[-110.40371,24.48096],[-110.40442,24.48077],[-110.40487,24.48067],[-110.40504,24.48056],[-110.40541,24.48053],[-110.40588,24.48033],[-110.40634,24.48018],[-110.40674,24.48002],[-110.40725,24.47976],[-110.40747,24.47968],[-110.40789,24.47963],[-110.40812,24.47966],[-110.40836,24.47977],[-110.40846,24.47988],[-110.40847,24.47997],[-110.40838,24.48008],[-110.40829,24.48017],[-110.40825,24.48029],[-110.40826,24.48045],[-110.40831,24.48055],[-110.40834,24.48066],[-110.4083,24.4808],[-110.40844,24.48105],[-110.40885,24.48139],[-110.40924,24.48154],[-110.40934,24.48163],[-110.40939,24.48178],[-110.40931,24.48193],[-110.4092,24.48207],[-110.40897,24.4822],[-110.40844,24.48244],[-110.40817,24.48255],[-110.40768,24.48267],[-110.40698,24.48283],[-110.40651,24.48298],[-110.40609,24.48307],[-110.4057,24.48315],[-110.40545,24.48319],[-110.40508,24.48339],[-110.40469,24.48373],[-110.40455,24.48402],[-110.40449,24.48437],[-110.40457,24.48456],[-110.40477,24.48472],[-110.4048,24.48486],[-110.40478,24.48493],[-110.40463,24.48498],[-110.40442,24.48498],[-110.40418,24.48502],[-110.40406,24.48516],[-110.40395,24.48532],[-110.4038,24.48536],[-110.40348,24.48551],[-110.4034,24.48562],[-110.40333,24.48571],[-110.40302,24.48592],[-110.40262,24.48611],[-110.4024,24.48617],[-110.40228,24.48614],[-110.40214,24.4861],[-110.40201,24.48607],[-110.40181,24.48606],[-110.40148,24.48607],[-110.40143,24.48613],[-110.40138,24.4862],[-110.40132,24.4862],[-110.40125,24.48615],[-110.40112,24.48611],[-110.40098,24.48612],[-110.40076,24.48611],[-110.40068,24.48607],[-110.4006,24.48603],[-110.40056,24.48604],[-110.40057,24.48612],[-110.40054,24.48621],[-110.40049,24.4863],[-110.4004,24.4863],[-110.40033,24.48626],[-110.40026,24.48623],[-110.40013,24.48622],[-110.39997,24.48626],[-110.39977,24.48631],[-110.39945,24.48638],[-110.39926,24.48636],[-110.39909,24.48631]]],[[[-110.35409,24.53146],[-110.33574,24.52353],[-110.32135,24.50233],[-110.30549,24.50355],[-110.30223,24.49481],[-110.30646,24.48719],[-110.2891,24.47285],[-110.29377,24.4587],[-110.30954,24.45463],[-110.31337,24.44021],[-110.30804,24.42525],[-110.31834,24.42062],[-110.32763,24.40244],[-110.33898,24.40498],[-110.34811,24.40128],[-110.35157,24.4054],[-110.34488,24.41473],[-110.34935,24.41813],[-110.35464,24.41504],[-110.34693,24.43077],[-110.34962,24.43335],[-110.36269,24.43705],[-110.37047,24.42894],[-110.37204,24.4402],[-110.36653,24.44321],[-110.37615,24.44108],[-110.3715,24.44611],[-110.37859,24.44897],[-110.3545,24.4565],[-110.37118,24.45742],[-110.36823,24.46303],[-110.35639,24.46902],[-110.37651,24.4675],[-110.36347,24.48151],[-110.38648,24.47469],[-110.38928,24.4817],[-110.38287,24.48869],[-110.39085,24.49049],[-110.38494,24.49424],[-110.39135,24.49371],[-110.38927,24.49771],[-110.39324,24.49733],[-110.38039,24.50714],[-110.39728,24.50983],[-110.38761,24.51612],[-110.39943,24.51853],[-110.38251,24.52224],[-110.36182,24.53347],[-110.35409,24.53146]]],[[[-110.39121,24.59023],[-110.38122,24.58377],[-110.37978,24.5701],[-110.36129,24.55401],[-110.36077,24.54299],[-110.36793,24.53074],[-110.37804,24.54009],[-110.38451,24.5314],[-110.39333,24.53283],[-110.38903,24.53898],[-110.39905,24.53634],[-110.37491,24.55158],[-110.38311,24.55701],[-110.40658,24.54481],[-110.40986,24.54759],[-110.40405,24.5523],[-110.41147,24.55385],[-110.39691,24.55709],[-110.39235,24.56329],[-110.40261,24.56147],[-110.40099,24.56557],[-110.40575,24.56885],[-110.41417,24.56462],[-110.41448,24.56832],[-110.39598,24.58079],[-110.40187,24.58558],[-110.39816,24.59144],[-110.39121,24.59023]]],[[[-110.40305,24.599],[-110.40262,24.59899],[-110.40243,24.59907],[-110.40217,24.59909],[-110.40201,24.59906],[-110.40167,24.59907],[-110.40152,24.59911],[-110.40122,24.59911],[-110.40121,24.59908],[-110.40093,24.59904],[-110.40073,24.599],[-110.40053,24.59899],[-110.40035,24.59899],[-110.39999,24.59892],[-110.40012,24.59874],[-110.39979,24.59885],[-110.39952,24.59881],[-110.39969,24.59863],[-110.40002,24.59856],[-110.40042,24.59852],[-110.40067,24.59854],[-110.4009,24.59878],[-110.40115,24.59893],[-110.40139,24.59891],[-110.4016,24.59885],[-110.4018,24.59876],[-110.40209,24.59868],[-110.40243,24.59861],[-110.4025,24.59857],[-110.40275,24.59838],[-110.40272,24.59835],[-110.40297,24.59828],[-110.40323,24.59818],[-110.40333,24.59812],[-110.40352,24.59804],[-110.40375,24.59795],[-110.40393,24.59791],[-110.40417,24.59781],[-110.40439,24.5978],[-110.40448,24.59808],[-110.40448,24.59842],[-110.40422,24.59871],[-110.40375,24.59899],[-110.40331,24.59905],[-110.40305,24.599]]],[[[-110.56625,24.84007],[-110.56859,24.82898],[-110.56028,24.82248],[-110.56522,24.81421],[-110.56831,24.81583],[-110.56497,24.81841],[-110.56763,24.82273],[-110.57693,24.8203],[-110.58692,24.8282],[-110.58106,24.83834],[-110.57026,24.84361],[-110.56625,24.84007]]],[[[-110.60522,24.84314],[-110.60524,24.84313],[-110.60527,24.84314],[-110.60534,24.84318],[-110.60541,24.84332],[-110.60539,24.84336],[-110.60539,24.84336],[-110.60537,24.8434],[-110.60534,24.84342],[-110.60531,24.84344],[-110.60529,24.84345],[-110.60525,24.84347],[-110.60523,24.84349],[-110.60521,24.84349],[-110.60518,24.84348],[-110.60518,24.84345],[-110.60518,24.84342],[-110.60518,24.8434],[-110.60518,24.84335],[-110.60518,24.84332],[-110.60518,24.8433],[-110.6052,24.84329],[-110.60522,24.84329],[-110.60523,24.84329],[-110.60523,24.84328],[-110.60525,24.84327],[-110.60525,24.84326],[-110.60523,24.84324],[-110.60521,24.84322],[-110.6052,24.84319],[-110.6052,24.84317],[-110.60521,24.84314],[-110.60522,24.84314]]],[[[-110.58027,24.8535],[-110.58026,24.85347],[-110.58026,24.85337],[-110.58022,24.85338],[-110.58017,24.85337],[-110.58017,24.85334],[-110.58018,24.85329],[-110.58021,24.85323],[-110.58021,24.85323],[-110.58019,24.85321],[-110.58016,24.85319],[-110.5801,24.85319],[-110.58006,24.85319],[-110.58003,24.85314],[-110.58002,24.8531],[-110.58003,24.85303],[-110.57999,24.85298],[-110.58008,24.85281],[-110.58012,24.8528],[-110.58019,24.85268],[-110.58022,24.85264],[-110.58025,24.85256],[-110.58059,24.8522],[-110.58063,24.85218],[-110.58066,24.85219],[-110.58069,24.85225],[-110.5807,24.85229],[-110.58071,24.85235],[-110.58072,24.85245],[-110.58083,24.85267],[-110.58088,24.85268],[-110.58091,24.85269],[-110.58093,24.85275],[-110.58094,24.85279],[-110.58095,24.85288],[-110.58118,24.85305],[-110.5812,24.85312],[-110.58108,24.85326],[-110.581,24.85328],[-110.58099,24.85327],[-110.58093,24.85329],[-110.5809,24.85334],[-110.58089,24.85338],[-110.58088,24.85338],[-110.58083,24.85342],[-110.58083,24.85342],[-110.5808,24.85344],[-110.58073,24.85347],[-110.58069,24.85348],[-110.58063,24.85349],[-110.58055,24.8535],[-110.5805,24.85349],[-110.58046,24.85349],[-110.58044,24.85349],[-110.58043,24.85348],[-110.58043,24.85348],[-110.58041,24.85348],[-110.58037,24.85351],[-110.58033,24.85354],[-110.58029,24.85354],[-110.58027,24.8535]]],[[[-110.60318,24.87413],[-110.60334,24.87367],[-110.60355,24.87373],[-110.60363,24.87388],[-110.60376,24.87409],[-110.60383,24.87439],[-110.60391,24.87496],[-110.60374,24.87552],[-110.60377,24.87587],[-110.6039,24.87612],[-110.60385,24.87639],[-110.6037,24.87684],[-110.60361,24.87718],[-110.60348,24.87701],[-110.60349,24.87659],[-110.6034,24.87617],[-110.60338,24.87586],[-110.60333,24.87545],[-110.60321,24.8751],[-110.60322,24.87458],[-110.60318,24.87413]]],[[[-110.50962,25.11231],[-110.50954,25.11224],[-110.50938,25.1123],[-110.50926,25.11231],[-110.50913,25.1123],[-110.50912,25.11208],[-110.50915,25.11183],[-110.50925,25.11162],[-110.50927,25.1115],[-110.50937,25.11136],[-110.50952,25.11129],[-110.50964,25.1113],[-110.51023,25.11133],[-110.51026,25.11134],[-110.51059,25.11149],[-110.51076,25.11148],[-110.51085,25.11146],[-110.51095,25.11142],[-110.51115,25.11143],[-110.51131,25.11145],[-110.51142,25.11151],[-110.5114,25.11163],[-110.51129,25.11172],[-110.51106,25.11171],[-110.51095,25.11169],[-110.51078,25.11178],[-110.51074,25.11184],[-110.51064,25.11194],[-110.51062,25.11206],[-110.51068,25.11218],[-110.51081,25.11229],[-110.51088,25.11237],[-110.51105,25.1127],[-110.51105,25.11289],[-110.51101,25.11304],[-110.5109,25.11313],[-110.51086,25.11325],[-110.51086,25.11345],[-110.51101,25.11375],[-110.51124,25.11392],[-110.51141,25.11409],[-110.51148,25.11423],[-110.51148,25.11431],[-110.51137,25.11448],[-110.51125,25.11454],[-110.51118,25.11471],[-110.51108,25.11488],[-110.51095,25.11498],[-110.51084,25.11502],[-110.51069,25.115],[-110.51053,25.11491],[-110.51023,25.11482],[-110.50995,25.11482],[-110.50976,25.11482],[-110.50957,25.11482],[-110.50942,25.11474],[-110.50938,25.11465],[-110.5094,25.11456],[-110.50948,25.11444],[-110.50939,25.11409],[-110.50931,25.11386],[-110.50928,25.11369],[-110.50928,25.11349],[-110.50935,25.11321],[-110.50946,25.11304],[-110.50961,25.11269],[-110.50965,25.11246],[-110.50962,25.11231]]],[[[-110.70669,25.10487],[-110.69425,25.09312],[-110.68869,25.07148],[-110.66884,25.05204],[-110.60245,25.03884],[-110.58923,25.03118],[-110.58876,25.02312],[-110.57489,25.01588],[-110.57549,25.00478],[-110.56606,24.98812],[-110.5702,24.95383],[-110.55246,24.925],[-110.54711,24.90829],[-110.52632,24.88328],[-110.53071,24.87734],[-110.56837,24.87252],[-110.57861,24.86464],[-110.58984,24.86486],[-110.58283,24.86667],[-110.57341,24.87791],[-110.57362,24.888],[-110.61042,24.90802],[-110.61728,24.91527],[-110.64136,24.91413],[-110.64127,24.91705],[-110.62919,24.91794],[-110.63986,24.92107],[-110.63525,24.92953],[-110.64237,24.94115],[-110.65531,24.94835],[-110.65845,24.96984],[-110.67267,24.99032],[-110.67794,25.01726],[-110.69668,25.02167],[-110.70461,25.03087],[-110.71235,25.03011],[-110.71559,25.03879],[-110.71712,25.05402],[-110.70822,25.09507],[-110.71073,25.10055],[-110.70669,25.10487]]],[[[-110.86098,25.12953],[-110.86102,25.12942],[-110.8609,25.12942],[-110.86079,25.12933],[-110.86058,25.12919],[-110.86056,25.129],[-110.86042,25.12884],[-110.86028,25.12872],[-110.86032,25.1286],[-110.86044,25.12852],[-110.86061,25.12849],[-110.86074,25.12846],[-110.86069,25.12833],[-110.86059,25.12825],[-110.86061,25.12816],[-110.86074,25.1281],[-110.86097,25.12808],[-110.8612,25.12803],[-110.86137,25.12806],[-110.86148,25.12815],[-110.86168,25.12844],[-110.86169,25.12845],[-110.86179,25.12865],[-110.86164,25.12868],[-110.86157,25.12885],[-110.86162,25.12894],[-110.86172,25.12902],[-110.86186,25.12921],[-110.86193,25.1294],[-110.8619,25.12951],[-110.86177,25.12949],[-110.86159,25.12948],[-110.86143,25.1295],[-110.86145,25.12958],[-110.86149,25.1297],[-110.86148,25.12989],[-110.86144,25.12997],[-110.86122,25.13008],[-110.8612,25.13007],[-110.86092,25.12987],[-110.86088,25.12963],[-110.86098,25.12953]]],[[[-110.69497,25.20357],[-110.69548,25.19934],[-110.70467,25.19408],[-110.69746,25.20556],[-110.69497,25.20357]]],[[[-110.91545,25.21026],[-110.91535,25.21002],[-110.91578,25.20988],[-110.91616,25.20953],[-110.91621,25.20928],[-110.91656,25.20916],[-110.91667,25.20932],[-110.91699,25.2096],[-110.91712,25.20994],[-110.917,25.21009],[-110.91686,25.21014],[-110.91666,25.21017],[-110.91651,25.21022],[-110.91635,25.21013],[-110.91625,25.20995],[-110.91619,25.20987],[-110.916,25.20988],[-110.91601,25.20998],[-110.91599,25.21019],[-110.91591,25.2101],[-110.91581,25.21006],[-110.91569,25.2102],[-110.9156,25.21033],[-110.91545,25.21026]]],[[[-110.9215,25.24722],[-110.92139,25.24723],[-110.92133,25.24723],[-110.92125,25.24723],[-110.92114,25.24717],[-110.92102,25.24712],[-110.92091,25.24702],[-110.9208,25.247],[-110.92074,25.24693],[-110.92073,25.24679],[-110.92082,25.24662],[-110.92086,25.24661],[-110.92095,25.24664],[-110.92102,25.24663],[-110.92114,25.24669],[-110.92117,25.24672],[-110.92125,25.24677],[-110.92131,25.2468],[-110.92135,25.24679],[-110.92139,25.24675],[-110.92138,25.24672],[-110.92135,25.24666],[-110.92137,25.24664],[-110.92146,25.24665],[-110.92161,25.24662],[-110.92174,25.24664],[-110.92182,25.2466],[-110.9219,25.24663],[-110.92198,25.24662],[-110.92203,25.24658],[-110.92208,25.24654],[-110.92218,25.24652],[-110.92236,25.24661],[-110.92252,25.24664],[-110.92285,25.2467],[-110.92289,25.24675],[-110.92289,25.24682],[-110.92286,25.24692],[-110.9228,25.24706],[-110.92282,25.24722],[-110.92269,25.24727],[-110.92269,25.24731],[-110.92265,25.24739],[-110.92263,25.24748],[-110.92259,25.24754],[-110.92253,25.24761],[-110.92243,25.24764],[-110.92232,25.24766],[-110.92215,25.24767],[-110.92207,25.24763],[-110.92204,25.24756],[-110.92199,25.24748],[-110.92195,25.24736],[-110.92185,25.24733],[-110.92173,25.24726],[-110.92163,25.24723],[-110.9215,25.24722]]],[[[-110.69173,25.30559],[-110.70336,25.29039],[-110.71083,25.26741],[-110.71964,25.26073],[-110.73017,25.2618],[-110.73564,25.28237],[-110.73154,25.29195],[-110.71615,25.30448],[-110.69894,25.305],[-110.68924,25.31155],[-110.69173,25.30559]]],[[[-110.95396,25.32931],[-110.95367,25.32931],[-110.95364,25.32944],[-110.95344,25.32941],[-110.95339,25.32935],[-110.95335,25.32926],[-110.95334,25.32915],[-110.95333,25.32906],[-110.95333,25.32894],[-110.95334,25.32888],[-110.95334,25.32888],[-110.9531,25.32889],[-110.9529,25.32881],[-110.9528,25.32879],[-110.95283,25.3287],[-110.95288,25.32858],[-110.95304,25.32852],[-110.95328,25.32841],[-110.95347,25.32845],[-110.95364,25.32851],[-110.95372,25.3287],[-110.95386,25.32871],[-110.95393,25.32869],[-110.95416,25.32862],[-110.95437,25.32849],[-110.95454,25.32853],[-110.95459,25.32853],[-110.95461,25.32857],[-110.9546,25.32863],[-110.95447,25.32875],[-110.95451,25.32887],[-110.95455,25.3289],[-110.95456,25.32894],[-110.95455,25.32898],[-110.95453,25.32903],[-110.95448,25.32905],[-110.95445,25.32904],[-110.9544,25.32902],[-110.95431,25.32911],[-110.95428,25.32928],[-110.95426,25.32936],[-110.95427,25.32944],[-110.95424,25.32949],[-110.95417,25.32953],[-110.95413,25.32951],[-110.95411,25.32945],[-110.95407,25.32937],[-110.95396,25.32931]]],[[[-112.11954,25.49539],[-112.11954,25.49495],[-112.11962,25.49482],[-112.1197,25.49477],[-112.11972,25.49467],[-112.11989,25.49465],[-112.12,25.49475],[-112.12011,25.49487],[-112.12006,25.49497],[-112.11998,25.49509],[-112.12003,25.49517],[-112.12011,25.49522],[-112.12,25.49534],[-112.11979,25.49534],[-112.11954,25.49539]]],[[[-112.12012,25.49574],[-112.12025,25.49564],[-112.12039,25.49564],[-112.12056,25.49588],[-112.12069,25.49588],[-112.12078,25.49596],[-112.12072,25.49618],[-112.1204,25.49643],[-112.12032,25.49643],[-112.12026,25.49618],[-112.12018,25.49613],[-112.12015,25.49599],[-112.12012,25.49586],[-112.12012,25.49574]]],[[[-111.13179,25.58793],[-111.13172,25.5878],[-111.1315,25.58786],[-111.13136,25.58784],[-111.13133,25.58763],[-111.13124,25.58741],[-111.13115,25.58727],[-111.13098,25.58718],[-111.13076,25.58726],[-111.13048,25.58728],[-111.13041,25.58717],[-111.13018,25.58689],[-111.12982,25.58692],[-111.12967,25.58704],[-111.12944,25.58683],[-111.12933,25.58663],[-111.12932,25.58636],[-111.12939,25.58598],[-111.12946,25.58587],[-111.12953,25.58571],[-111.1296,25.58528],[-111.12968,25.58514],[-111.12968,25.58504],[-111.12978,25.58479],[-111.12987,25.58462],[-111.12994,25.58446],[-111.13007,25.58431],[-111.13023,25.5843],[-111.13034,25.5843],[-111.1304,25.58431],[-111.13053,25.58441],[-111.13061,25.58464],[-111.1306,25.58468],[-111.13068,25.58478],[-111.13076,25.58519],[-111.13075,25.58523],[-111.13078,25.58548],[-111.1308,25.58568],[-111.13087,25.58589],[-111.13108,25.58608],[-111.13129,25.58632],[-111.13143,25.5864],[-111.13158,25.5865],[-111.13159,25.58668],[-111.13173,25.58681],[-111.1319,25.58721],[-111.13206,25.58748],[-111.13254,25.58783],[-111.13237,25.58814],[-111.13203,25.58813],[-111.13189,25.58808],[-111.13179,25.58793]]],[[[-111.14431,25.58548],[-111.15301,25.58287],[-111.15189,25.58843],[-111.14431,25.58548]]],[[[-110.7729,25.71233],[-110.76964,25.69531],[-110.76305,25.69056],[-110.76945,25.67764],[-110.75737,25.62971],[-110.75513,25.60119],[-110.76021,25.59749],[-110.75872,25.59365],[-110.77498,25.60463],[-110.78006,25.60131],[-110.78627,25.60606],[-110.79237,25.62672],[-110.80494,25.64725],[-110.80241,25.6512],[-110.80546,25.65924],[-110.79992,25.66713],[-110.80019,25.68034],[-110.79651,25.68195],[-110.7989,25.68474],[-110.79325,25.69566],[-110.78489,25.70124],[-110.78063,25.71223],[-110.7729,25.71233]]],[[[-111.03496,25.71429],[-111.03182,25.7025],[-111.01727,25.69361],[-111.0133,25.67875],[-111.01354,25.66945],[-111.02979,25.64977],[-111.0469,25.66436],[-111.04546,25.67559],[-111.05963,25.70727],[-111.04405,25.70711],[-111.04185,25.71284],[-111.03496,25.71429]]],[[[-111.22375,25.72999],[-111.22425,25.72928],[-111.22479,25.72994],[-111.22519,25.73019],[-111.22567,25.73034],[-111.22561,25.73107],[-111.2253,25.73127],[-111.22494,25.73226],[-111.22395,25.73149],[-111.22403,25.73065],[-111.22375,25.72999]]],[[[-111.04323,25.73826],[-111.04338,25.73822],[-111.04361,25.73822],[-111.04393,25.73831],[-111.04413,25.73849],[-111.04413,25.73881],[-111.04421,25.73901],[-111.04443,25.73921],[-111.04446,25.73942],[-111.04448,25.73971],[-111.04446,25.74079],[-111.04453,25.74086],[-111.04461,25.74102],[-111.04461,25.74168],[-111.04478,25.74206],[-111.04473,25.74228],[-111.04458,25.74254],[-111.04448,25.74276],[-111.04428,25.74299],[-111.04384,25.74318],[-111.04351,25.74303],[-111.04331,25.74294],[-111.04313,25.74281],[-111.04298,25.74258],[-111.04293,25.7424],[-111.04298,25.74219],[-111.04303,25.74204],[-111.04306,25.74197],[-111.04308,25.74172],[-111.04311,25.74161],[-111.04311,25.74141],[-111.04308,25.74123],[-111.04303,25.74102],[-111.04281,25.74068],[-111.04276,25.74057],[-111.04268,25.74039],[-111.04263,25.74028],[-111.04261,25.74011],[-111.04261,25.73998],[-111.04286,25.7393],[-111.04293,25.73903],[-111.04293,25.73885],[-111.04301,25.73865],[-111.04303,25.73849],[-111.04311,25.73838],[-111.04323,25.73826]]],[[[-111.04862,25.74095],[-111.04881,25.74064],[-111.04897,25.74078],[-111.04913,25.7411],[-111.04934,25.74137],[-111.04966,25.74147],[-111.04986,25.74178],[-111.05002,25.74217],[-111.05013,25.74247],[-111.05013,25.74272],[-111.04997,25.74293],[-111.04994,25.74297],[-111.04975,25.74289],[-111.04937,25.74282],[-111.04908,25.74282],[-111.04878,25.74274],[-111.0486,25.74247],[-111.04852,25.74222],[-111.04836,25.74208],[-111.04819,25.74175],[-111.04827,25.74155],[-111.04843,25.74121],[-111.04862,25.74095]]],[[[-111.22673,25.7449],[-111.22672,25.7448],[-111.22666,25.74481],[-111.22654,25.74479],[-111.22636,25.7448],[-111.22627,25.7447],[-111.22604,25.74454],[-111.226,25.74441],[-111.22624,25.74442],[-111.2263,25.74417],[-111.22632,25.74394],[-111.22639,25.74391],[-111.22633,25.74381],[-111.22621,25.74368],[-111.22612,25.74344],[-111.22618,25.74337],[-111.22626,25.74346],[-111.22646,25.74343],[-111.22651,25.74336],[-111.22682,25.74332],[-111.22702,25.74334],[-111.22698,25.7433],[-111.22709,25.74321],[-111.22722,25.74327],[-111.22732,25.74336],[-111.22744,25.74338],[-111.22752,25.74355],[-111.22758,25.74371],[-111.22782,25.74386],[-111.22792,25.74398],[-111.22798,25.74412],[-111.228,25.74424],[-111.22808,25.74431],[-111.22817,25.74439],[-111.22808,25.74453],[-111.22794,25.74462],[-111.22783,25.74464],[-111.22772,25.74469],[-111.22757,25.74472],[-111.22735,25.74487],[-111.22718,25.74485],[-111.22709,25.7449],[-111.22692,25.74497],[-111.22673,25.7449]]],[[[-111.27484,25.75793],[-111.27461,25.7579],[-111.27438,25.75792],[-111.27425,25.75795],[-111.27414,25.75793],[-111.27404,25.75789],[-111.27399,25.75782],[-111.27395,25.7576],[-111.27395,25.7574],[-111.27395,25.7571],[-111.27404,25.75691],[-111.27419,25.75677],[-111.27438,25.75663],[-111.27475,25.75641],[-111.2752,25.75608],[-111.27525,25.75586],[-111.2753,25.75562],[-111.27542,25.75545],[-111.27556,25.75539],[-111.27584,25.75534],[-111.27599,25.75543],[-111.27603,25.75551],[-111.27599,25.75564],[-111.27596,25.7557],[-111.27565,25.75606],[-111.27551,25.7562],[-111.27535,25.75646],[-111.2753,25.75666],[-111.2753,25.75694],[-111.2753,25.75729],[-111.27537,25.75754],[-111.27543,25.75774],[-111.27537,25.75788],[-111.27532,25.75793],[-111.27497,25.75798],[-111.27484,25.75793]]],[[[-111.28041,25.76763],[-111.28043,25.76759],[-111.28045,25.76757],[-111.28047,25.76755],[-111.28052,25.76752],[-111.28058,25.76751],[-111.2806,25.76755],[-111.28063,25.7676],[-111.28069,25.76759],[-111.28076,25.76758],[-111.28082,25.76754],[-111.28089,25.76749],[-111.28094,25.76746],[-111.28103,25.76741],[-111.28113,25.76736],[-111.28119,25.76735],[-111.28123,25.76735],[-111.28131,25.76734],[-111.28132,25.76726],[-111.28136,25.76719],[-111.28141,25.76718],[-111.28143,25.7672],[-111.28143,25.76727],[-111.28144,25.76733],[-111.28143,25.76746],[-111.28144,25.76751],[-111.28144,25.76759],[-111.28146,25.76763],[-111.28152,25.76768],[-111.28156,25.76771],[-111.2816,25.76775],[-111.28168,25.76779],[-111.28168,25.7678],[-111.28168,25.76785],[-111.28167,25.7679],[-111.28167,25.76794],[-111.28166,25.76799],[-111.28166,25.76806],[-111.28164,25.76812],[-111.28161,25.76815],[-111.28156,25.76821],[-111.28152,25.76826],[-111.28149,25.76832],[-111.28146,25.76834],[-111.28139,25.76836],[-111.28133,25.76838],[-111.28125,25.76841],[-111.28121,25.76841],[-111.28114,25.76836],[-111.28112,25.76832],[-111.28097,25.76822],[-111.2809,25.76815],[-111.2808,25.7681],[-111.2807,25.76806],[-111.28064,25.76801],[-111.28061,25.76799],[-111.2806,25.76793],[-111.28056,25.76791],[-111.28053,25.76791],[-111.28047,25.76791],[-111.28041,25.7679],[-111.28041,25.76788],[-111.28041,25.76787],[-111.28038,25.76781],[-111.28037,25.76777],[-111.28038,25.7677],[-111.28041,25.76767],[-111.28041,25.76763]]],[[[-111.26009,25.81168],[-111.25508,25.81198],[-111.25044,25.79793],[-111.24726,25.7988],[-111.24836,25.78859],[-111.24332,25.78912],[-111.24871,25.77739],[-111.24246,25.77094],[-111.24524,25.76468],[-111.25925,25.78309],[-111.25554,25.80231],[-111.26009,25.81168]]],[[[-111.31605,25.84155],[-111.31612,25.84147],[-111.31631,25.84147],[-111.31635,25.8413],[-111.31644,25.84103],[-111.31653,25.84095],[-111.31655,25.84082],[-111.31658,25.84069],[-111.31655,25.84054],[-111.31671,25.84023],[-111.31689,25.84013],[-111.31702,25.84013],[-111.31714,25.84007],[-111.31718,25.84007],[-111.31745,25.83997],[-111.31748,25.84011],[-111.31764,25.84031],[-111.31778,25.84051],[-111.31765,25.84071],[-111.31757,25.84076],[-111.3175,25.84097],[-111.3175,25.84102],[-111.3174,25.84131],[-111.31724,25.84131],[-111.317,25.84149],[-111.31674,25.84161],[-111.31653,25.84172],[-111.31644,25.8419],[-111.31648,25.84219],[-111.31647,25.84228],[-111.31636,25.84236],[-111.3162,25.84227],[-111.31611,25.84206],[-111.31604,25.84189],[-111.31601,25.84171],[-111.31605,25.84155],[-111.31605,25.84155]]],[[[-111.18041,26.04597],[-111.17964,26.04533],[-111.17923,26.04577],[-111.17856,26.04574],[-111.17828,26.04515],[-111.17779,26.04509],[-111.17758,26.04471],[-111.17784,26.0439],[-111.17859,26.04453],[-111.17932,26.04469],[-111.17975,26.04473],[-111.18017,26.04476],[-111.18071,26.04484],[-111.18091,26.04509],[-111.18071,26.04565],[-111.18041,26.04597]]],[[[-111.05982,26.07097],[-111.08206,26.03274],[-111.08433,26.01722],[-111.08043,25.99791],[-111.07396,25.9947],[-111.06952,25.99719],[-111.07269,25.98344],[-111.06521,25.98128],[-111.06783,25.97776],[-111.06506,25.97019],[-111.06833,25.9657],[-111.0729,25.97278],[-111.07929,25.97212],[-111.10211,25.99814],[-111.12044,25.99386],[-111.12252,25.97844],[-111.13288,25.96126],[-111.14238,25.95383],[-111.15555,25.93137],[-111.18032,25.90454],[-111.1786,25.89625],[-111.18375,25.89131],[-111.18533,25.88214],[-111.18218,25.86719],[-111.18863,25.85779],[-111.19508,25.85836],[-111.20398,25.84805],[-111.20132,25.81085],[-111.20444,25.80637],[-111.2113,25.81591],[-111.22841,25.82261],[-111.23313,25.84829],[-111.22368,25.86511],[-111.21454,25.86979],[-111.21965,25.8844],[-111.21189,25.89637],[-111.21308,25.90733],[-111.20702,25.91423],[-111.20907,25.92978],[-111.19919,25.9425],[-111.19784,25.95497],[-111.18801,25.96301],[-111.18465,25.97198],[-111.1723,25.97899],[-111.16801,25.9874],[-111.17271,26.0042],[-111.16882,26.01609],[-111.16464,26.01538],[-111.1626,26.01927],[-111.16424,26.02226],[-111.16878,26.02071],[-111.17543,26.04172],[-111.13813,26.05015],[-111.1323,26.05383],[-111.13435,26.06087],[-111.12849,26.06743],[-111.12035,26.05853],[-111.10613,26.05668],[-111.10223,26.05152],[-111.08675,26.05972],[-111.08595,26.05581],[-111.07273,26.06729],[-111.06817,26.06525],[-111.0654,26.07029],[-111.05982,26.07097]]],[[[-111.3036,26.10538],[-111.30355,26.10526],[-111.30355,26.10504],[-111.30357,26.1049],[-111.30366,26.1048],[-111.30382,26.10485],[-111.30413,26.10497],[-111.30414,26.10497],[-111.30421,26.10505],[-111.30428,26.1051],[-111.30436,26.10516],[-111.30454,26.1052],[-111.30471,26.10521],[-111.30472,26.10521],[-111.30511,26.10523],[-111.30565,26.1051],[-111.30591,26.10499],[-111.30612,26.10483],[-111.3062,26.10467],[-111.30624,26.10464],[-111.30629,26.10465],[-111.30635,26.10474],[-111.30637,26.10484],[-111.30633,26.10512],[-111.30636,26.10541],[-111.3063,26.10578],[-111.30616,26.10602],[-111.30602,26.10615],[-111.30561,26.10629],[-111.30524,26.10636],[-111.30502,26.10631],[-111.3047,26.10628],[-111.30426,26.10611],[-111.30389,26.10586],[-111.30367,26.10559],[-111.3036,26.10538]]],[[[-111.26554,26.1373],[-111.25998,26.12611],[-111.26093,26.11809],[-111.26499,26.1163],[-111.26325,26.10614],[-111.27954,26.10648],[-111.29711,26.09857],[-111.29536,26.10339],[-111.28989,26.10163],[-111.27971,26.11127],[-111.28836,26.12034],[-111.27912,26.13535],[-111.26554,26.1373]]],[[[-111.43599,26.64162],[-111.42823,26.63692],[-111.42508,26.62451],[-111.43043,26.62413],[-111.43599,26.64162]]],[[[-111.91367,26.87959],[-111.91346,26.87958],[-111.91333,26.8796],[-111.91316,26.87949],[-111.91319,26.87933],[-111.91326,26.87914],[-111.91326,26.87897],[-111.91343,26.87879],[-111.91352,26.87856],[-111.91365,26.8783],[-111.91392,26.87807],[-111.91416,26.87798],[-111.91431,26.87791],[-111.9146,26.87783],[-111.91495,26.87773],[-111.91509,26.8777],[-111.91519,26.87764],[-111.9153,26.87757],[-111.91539,26.87758],[-111.91538,26.87765],[-111.91527,26.8778],[-111.91528,26.87818],[-111.91495,26.87854],[-111.91458,26.87891],[-111.91436,26.87922],[-111.91411,26.87944],[-111.91391,26.87957],[-111.91367,26.87959]]],[[[-111.91092,27.03632],[-111.91588,27.03394],[-111.90883,27.04285],[-111.91092,27.03632]]],[[[-111.90957,27.05814],[-111.90973,27.05806],[-111.90988,27.0582],[-111.90989,27.05832],[-111.90974,27.05845],[-111.90973,27.05865],[-111.90973,27.05887],[-111.90976,27.05909],[-111.90978,27.05933],[-111.90974,27.05952],[-111.90975,27.05974],[-111.90962,27.05992],[-111.90944,27.05993],[-111.90923,27.05992],[-111.90918,27.05973],[-111.90927,27.05949],[-111.90925,27.05931],[-111.90925,27.05914],[-111.90924,27.05895],[-111.90935,27.05877],[-111.90934,27.05859],[-111.90934,27.05845],[-111.90947,27.05845],[-111.90947,27.05833],[-111.90957,27.05814]]],[[[-112.06862,27.16562],[-112.06865,27.16548],[-112.06869,27.16542],[-112.06869,27.16537],[-112.06866,27.16534],[-112.0686,27.16528],[-112.06858,27.16534],[-112.06858,27.16539],[-112.06855,27.16542],[-112.06851,27.16545],[-112.06847,27.16541],[-112.06848,27.16537],[-112.06845,27.16538],[-112.06839,27.16534],[-112.06834,27.16526],[-112.0684,27.16522],[-112.06841,27.16516],[-112.06839,27.16514],[-112.06837,27.16511],[-112.06835,27.16517],[-112.06832,27.16519],[-112.06826,27.16522],[-112.06822,27.16521],[-112.0682,27.16517],[-112.06817,27.16515],[-112.06814,27.1651],[-112.0681,27.16509],[-112.06811,27.16499],[-112.06814,27.16492],[-112.06819,27.16483],[-112.06812,27.16485],[-112.06807,27.16489],[-112.06799,27.16481],[-112.06785,27.16488],[-112.06778,27.16485],[-112.06773,27.1647],[-112.06783,27.16462],[-112.06789,27.16455],[-112.06795,27.1645],[-112.06792,27.16444],[-112.06788,27.16436],[-112.06782,27.16448],[-112.06769,27.16436],[-112.0677,27.16423],[-112.06768,27.16415],[-112.0677,27.16407],[-112.06785,27.16416],[-112.06791,27.16423],[-112.06798,27.16425],[-112.06805,27.16431],[-112.06815,27.16432],[-112.06826,27.16439],[-112.06839,27.16444],[-112.06843,27.16453],[-112.0685,27.1646],[-112.0685,27.16472],[-112.06853,27.16482],[-112.06856,27.16497],[-112.06877,27.16514],[-112.06896,27.16533],[-112.06912,27.16537],[-112.06913,27.1655],[-112.06909,27.16554],[-112.06903,27.16555],[-112.06896,27.16555],[-112.06888,27.16552],[-112.06883,27.16549],[-112.06876,27.16556],[-112.0687,27.1656],[-112.06862,27.16562]]],[[[-112.08019,27.25105],[-112.04667,27.22455],[-112.05062,27.21739],[-112.04336,27.20835],[-112.05352,27.19545],[-112.05937,27.17965],[-112.0654,27.18363],[-112.07561,27.17761],[-112.08482,27.18574],[-112.08907,27.21537],[-112.09774,27.23052],[-112.10852,27.2372],[-112.0928,27.25834],[-112.08808,27.2587],[-112.08019,27.25105]]],[[[-114.29327,27.11055],[-114.2899,27.09851],[-114.2953,27.10149],[-114.29327,27.11055]]],[[[-114.29386,27.11296],[-114.29384,27.11293],[-114.29383,27.11293],[-114.29372,27.11289],[-114.2936,27.1129],[-114.29354,27.11297],[-114.29349,27.11295],[-114.29346,27.11293],[-114.2934,27.11297],[-114.29338,27.11298],[-114.2933,27.113],[-114.29321,27.11297],[-114.2932,27.11292],[-114.29316,27.11284],[-114.29308,27.11271],[-114.29306,27.11264],[-114.29305,27.11252],[-114.29313,27.11253],[-114.29329,27.11252],[-114.29335,27.11251],[-114.29337,27.11247],[-114.29337,27.1124],[-114.29335,27.1123],[-114.29339,27.11227],[-114.29349,27.11222],[-114.29357,27.11222],[-114.29358,27.11226],[-114.29362,27.1123],[-114.29368,27.11237],[-114.29376,27.11241],[-114.29379,27.11246],[-114.29381,27.1125],[-114.29384,27.11256],[-114.29394,27.11264],[-114.29403,27.11272],[-114.29404,27.11272],[-114.29409,27.11273],[-114.29413,27.11274],[-114.29416,27.11279],[-114.29417,27.11284],[-114.29417,27.11289],[-114.29413,27.11291],[-114.29408,27.11291],[-114.29401,27.11292],[-114.29398,27.11294],[-114.29396,27.11297],[-114.29391,27.11297],[-114.29386,27.11296]]],[[[-114.37422,27.14895],[-114.37208,27.14535],[-114.38474,27.14595],[-114.37422,27.14895]]],[[[-111.88596,27.45569],[-111.86911,27.45451],[-111.85587,27.44074],[-111.85745,27.43332],[-111.88299,27.42736],[-111.89534,27.43064],[-111.9018,27.43814],[-111.90129,27.4493],[-111.88596,27.45569]]],[[[-114.71078,27.514],[-114.71063,27.51397],[-114.71054,27.51394],[-114.71044,27.51397],[-114.71039,27.51397],[-114.71032,27.51392],[-114.71027,27.51391],[-114.71021,27.5139],[-114.71021,27.51383],[-114.71027,27.51379],[-114.71033,27.51375],[-114.71041,27.5137],[-114.71049,27.51364],[-114.7106,27.51367],[-114.71068,27.51362],[-114.71073,27.51361],[-114.71079,27.51366],[-114.71088,27.51363],[-114.71095,27.51363],[-114.711,27.51368],[-114.71102,27.51373],[-114.71106,27.51373],[-114.71105,27.5138],[-114.71106,27.51382],[-114.71113,27.51388],[-114.71109,27.51389],[-114.71103,27.51393],[-114.71098,27.51397],[-114.71092,27.51396],[-114.71086,27.51396],[-114.71078,27.514]]],[[[-114.70967,27.51492],[-114.70968,27.5149],[-114.70971,27.5149],[-114.70973,27.5149],[-114.70976,27.5149],[-114.70976,27.51487],[-114.70975,27.51486],[-114.70968,27.51487],[-114.70964,27.51487],[-114.70958,27.51487],[-114.70955,27.5149],[-114.70954,27.51489],[-114.70951,27.51486],[-114.70948,27.51476],[-114.70948,27.51471],[-114.70952,27.51464],[-114.70959,27.51461],[-114.70973,27.51459],[-114.70983,27.51458],[-114.70997,27.51463],[-114.70997,27.51463],[-114.70999,27.51466],[-114.71001,27.51469],[-114.71001,27.51471],[-114.71002,27.51473],[-114.71003,27.51476],[-114.71003,27.51479],[-114.71003,27.51482],[-114.71002,27.51487],[-114.70996,27.51493],[-114.70984,27.51501],[-114.70976,27.51502],[-114.70976,27.51501],[-114.70972,27.51499],[-114.70971,27.51497],[-114.70967,27.51494],[-114.70967,27.51492]]],[[[-114.71085,27.51594],[-114.71081,27.51589],[-114.71077,27.5159],[-114.71074,27.5159],[-114.71076,27.51585],[-114.71076,27.51581],[-114.71079,27.51579],[-114.71078,27.51574],[-114.71077,27.51572],[-114.71078,27.51568],[-114.71078,27.51566],[-114.71078,27.51564],[-114.71081,27.5156],[-114.71082,27.51561],[-114.71084,27.51559],[-114.71085,27.51557],[-114.71085,27.51555],[-114.71085,27.51553],[-114.71083,27.51556],[-114.7108,27.51556],[-114.71079,27.51555],[-114.71076,27.5155],[-114.71074,27.51551],[-114.71073,27.51552],[-114.71068,27.5155],[-114.71069,27.51547],[-114.71073,27.51544],[-114.71077,27.51542],[-114.7108,27.51542],[-114.71085,27.51543],[-114.71091,27.51542],[-114.71097,27.51541],[-114.71101,27.51538],[-114.71103,27.51543],[-114.71107,27.51545],[-114.71112,27.51547],[-114.71117,27.51547],[-114.71122,27.51552],[-114.71123,27.51561],[-114.71118,27.51561],[-114.71118,27.51564],[-114.71119,27.51567],[-114.71118,27.51573],[-114.71118,27.51572],[-114.71119,27.51576],[-114.71118,27.51583],[-114.71115,27.51586],[-114.71113,27.51588],[-114.7111,27.51586],[-114.71108,27.51585],[-114.71102,27.51586],[-114.71102,27.51588],[-114.71098,27.51592],[-114.71096,27.51594],[-114.71092,27.51594],[-114.71089,27.51597],[-114.71085,27.51594]]],[[[-112.73945,27.84259],[-112.739,27.8424],[-112.73851,27.84224],[-112.73811,27.84227],[-112.73781,27.84229],[-112.73712,27.84219],[-112.73673,27.84192],[-112.73651,27.84155],[-112.73646,27.8412],[-112.73675,27.84112],[-112.7371,27.84115],[-112.73752,27.84144],[-112.73765,27.84178],[-112.73807,27.84188],[-112.73849,27.84194],[-112.73888,27.84188],[-112.73902,27.84196],[-112.73921,27.84193],[-112.73947,27.84195],[-112.73975,27.84198],[-112.73994,27.84202],[-112.74023,27.84194],[-112.74041,27.84202],[-112.74055,27.84218],[-112.74079,27.8423],[-112.74102,27.84241],[-112.7414,27.84239],[-112.74124,27.84271],[-112.74109,27.84289],[-112.74102,27.84316],[-112.74065,27.84327],[-112.7402,27.84328],[-112.73995,27.84307],[-112.73982,27.84283],[-112.73945,27.84259]]],[[[-112.75973,27.9017],[-112.75982,27.90165],[-112.76002,27.90172],[-112.76019,27.90181],[-112.76029,27.90193],[-112.76042,27.90204],[-112.76043,27.90221],[-112.76042,27.90233],[-112.76047,27.90252],[-112.76039,27.90272],[-112.76034,27.90279],[-112.76028,27.90291],[-112.76014,27.90292],[-112.75998,27.90307],[-112.75996,27.90323],[-112.75984,27.9033],[-112.75969,27.90342],[-112.75971,27.90326],[-112.75968,27.90317],[-112.75972,27.90303],[-112.7598,27.90292],[-112.75985,27.90272],[-112.75986,27.9026],[-112.75986,27.90249],[-112.75988,27.90228],[-112.76003,27.90223],[-112.76002,27.90209],[-112.75986,27.90196],[-112.75973,27.90184],[-112.75973,27.9017]]],[[[-115.2233,27.89386],[-115.22323,27.89382],[-115.22318,27.89383],[-115.22305,27.89377],[-115.22295,27.89375],[-115.22284,27.89375],[-115.22275,27.89371],[-115.22275,27.89371],[-115.22274,27.89371],[-115.22268,27.89364],[-115.22255,27.89361],[-115.22238,27.89361],[-115.22228,27.89361],[-115.22227,27.8935],[-115.22231,27.89347],[-115.22254,27.89337],[-115.22254,27.89336],[-115.2226,27.89328],[-115.22264,27.89315],[-115.22263,27.89301],[-115.2227,27.89283],[-115.22279,27.89272],[-115.22279,27.89267],[-115.22292,27.89265],[-115.22297,27.89264],[-115.22307,27.89271],[-115.22319,27.89277],[-115.22331,27.89272],[-115.2234,27.89265],[-115.22342,27.89266],[-115.22366,27.89274],[-115.22388,27.89305],[-115.22389,27.89307],[-115.22384,27.89313],[-115.22377,27.89313],[-115.22374,27.8932],[-115.22378,27.89325],[-115.22382,27.8933],[-115.22394,27.8933],[-115.22417,27.89349],[-115.22429,27.89356],[-115.22429,27.89362],[-115.22407,27.89362],[-115.22404,27.89358],[-115.22399,27.89354],[-115.22388,27.89348],[-115.22381,27.89355],[-115.22378,27.89359],[-115.22369,27.89368],[-115.22362,27.89377],[-115.22369,27.89401],[-115.22344,27.89387],[-115.22342,27.89385],[-115.2233,27.89386]]],[[[-115.19278,27.88531],[-115.18282,27.87565],[-115.16143,27.87028],[-115.15888,27.86332],[-115.16609,27.85306],[-115.17831,27.85024],[-115.17657,27.8564],[-115.18877,27.87605],[-115.22027,27.89061],[-115.21347,27.89663],[-115.19278,27.88531]]],[[[-112.75824,27.97538],[-112.75699,27.96273],[-112.76722,27.93674],[-112.76183,27.92087],[-112.76582,27.90429],[-112.76134,27.89692],[-112.7677,27.89022],[-112.77137,27.86199],[-112.75818,27.84623],[-112.74247,27.83811],[-112.73582,27.82714],[-112.72857,27.82328],[-112.71993,27.82544],[-112.72096,27.81903],[-112.71387,27.80514],[-112.71712,27.79896],[-112.71603,27.78591],[-112.70609,27.77601],[-112.70781,27.76462],[-112.70156,27.75178],[-112.67597,27.72162],[-112.66375,27.71537],[-112.66025,27.70902],[-112.64403,27.71039],[-112.63662,27.70524],[-112.63364,27.69504],[-112.6232,27.68742],[-112.62301,27.67817],[-112.59803,27.66476],[-112.60007,27.65662],[-112.59537,27.6505],[-112.57267,27.6426],[-112.56063,27.64485],[-112.52934,27.63769],[-112.51828,27.62979],[-112.48206,27.61852],[-112.46297,27.59764],[-112.45033,27.59875],[-112.43616,27.59024],[-112.41831,27.59028],[-112.41246,27.58349],[-112.40131,27.58115],[-112.39072,27.56993],[-112.37175,27.56317],[-112.35647,27.5477],[-112.35267,27.53181],[-112.33696,27.51853],[-112.33003,27.51766],[-112.32426,27.49801],[-112.3243,27.47076],[-112.31829,27.46093],[-112.32171,27.44382],[-112.31261,27.43347],[-112.31807,27.43512],[-112.31812,27.42908],[-112.30609,27.4194],[-112.29809,27.40316],[-112.30388,27.39557],[-112.30316,27.38595],[-112.28683,27.36425],[-112.26994,27.35718],[-112.26845,27.34461],[-112.26052,27.33803],[-112.2661,27.34101],[-112.26201,27.33293],[-112.241,27.32526],[-112.23441,27.31486],[-112.23095,27.29539],[-112.21718,27.28086],[-112.21279,27.26559],[-112.1991,27.2516],[-112.20219,27.2465],[-112.19829,27.2414],[-112.21528,27.21461],[-112.21254,27.2038],[-112.1931,27.19633],[-112.1667,27.17187],[-112.16593,27.16556],[-112.13224,27.15812],[-112.11399,27.14663],[-112.112,27.14007],[-112.09721,27.13308],[-112.08819,27.13079],[-112.07074,27.13381],[-112.0628,27.12598],[-112.00921,27.11647],[-111.99149,27.09615],[-111.95338,27.09639],[-111.95277,27.08299],[-111.94398,27.07969],[-111.94769,27.0766],[-111.94596,27.06995],[-111.95863,27.06482],[-111.96985,27.07009],[-111.98874,27.05611],[-112.00582,27.03364],[-112.01524,26.99983],[-112.01455,26.9735],[-112.00805,26.95785],[-111.97578,26.9364],[-111.96414,26.91528],[-111.95616,26.91467],[-111.95684,26.90517],[-111.95224,26.90136],[-111.95654,26.90393],[-111.97151,26.89845],[-111.98266,26.88888],[-111.97289,26.89709],[-111.9544,26.89992],[-111.94896,26.89044],[-111.93888,26.88407],[-111.91582,26.87745],[-111.91235,26.87334],[-111.91208,26.85807],[-111.90233,26.85318],[-111.85305,26.87438],[-111.84605,26.88201],[-111.83275,26.88378],[-111.82206,26.8962],[-111.81663,26.89662],[-111.80827,26.88723],[-111.80153,26.8889],[-111.79162,26.87455],[-111.76591,26.86082],[-111.74801,26.846],[-111.72702,26.81992],[-111.72101,26.80661],[-111.68136,26.77998],[-111.66632,26.77993],[-111.66716,26.77285],[-111.6558,26.75602],[-111.64914,26.75351],[-111.64697,26.74483],[-111.62653,26.74027],[-111.6269,26.73264],[-111.61085,26.72754],[-111.60763,26.71882],[-111.59714,26.71672],[-111.59272,26.7115],[-111.58223,26.71218],[-111.57928,26.7065],[-111.5724,26.70796],[-111.57089,26.70021],[-111.56159,26.69679],[-111.56809,26.65527],[-111.56784,26.63222],[-111.56317,26.62085],[-111.56715,26.61822],[-111.56401,26.6172],[-111.57021,26.58542],[-111.56553,26.5588],[-111.55495,26.55035],[-111.5013,26.53016],[-111.47369,26.53114],[-111.47203,26.53567],[-111.46047,26.53737],[-111.46194,26.52829],[-111.44213,26.51787],[-111.45249,26.51509],[-111.45661,26.50601],[-111.45519,26.48723],[-111.46016,26.47956],[-111.46638,26.47857],[-111.46479,26.475],[-111.4705,26.46432],[-111.46902,26.41343],[-111.45427,26.39538],[-111.44037,26.39018],[-111.43232,26.37974],[-111.42874,26.38386],[-111.42455,26.38062],[-111.42762,26.37731],[-111.42148,26.37277],[-111.4346,26.36959],[-111.43394,26.36236],[-111.42103,26.34849],[-111.40707,26.3468],[-111.40315,26.35029],[-111.40483,26.34319],[-111.3962,26.34068],[-111.38659,26.32206],[-111.38884,26.31523],[-111.38248,26.2998],[-111.383,26.28138],[-111.39477,26.27702],[-111.39766,26.25558],[-111.38842,26.24346],[-111.38323,26.22179],[-111.37754,26.2159],[-111.37753,26.18737],[-111.36096,26.16777],[-111.35436,26.12957],[-111.34399,26.11146],[-111.32386,26.10013],[-111.32557,26.08826],[-111.31868,26.07654],[-111.3191,26.06899],[-111.32834,26.05944],[-111.33025,26.04579],[-111.34549,26.02869],[-111.33529,26.00399],[-111.33845,25.9873],[-111.3552,25.97004],[-111.35864,25.95975],[-111.35225,25.94049],[-111.35561,25.94003],[-111.35285,25.9384],[-111.35522,25.92878],[-111.34371,25.92248],[-111.33675,25.90752],[-111.33594,25.88666],[-111.3422,25.87779],[-111.33403,25.86336],[-111.33336,25.83642],[-111.32497,25.83091],[-111.31805,25.83147],[-111.3159,25.83689],[-111.29205,25.813],[-111.29911,25.80745],[-111.30206,25.80866],[-111.29954,25.8131],[-111.30832,25.81286],[-111.31135,25.79146],[-111.30626,25.77349],[-111.29029,25.76424],[-111.27798,25.74973],[-111.25147,25.73769],[-111.24291,25.72123],[-111.23451,25.72017],[-111.23376,25.72606],[-111.22393,25.72514],[-111.2168,25.7062],[-111.21339,25.70847],[-111.21574,25.69019],[-111.2103,25.67519],[-111.20469,25.67307],[-111.20651,25.6661],[-111.19979,25.65477],[-111.20104,25.6378],[-111.19529,25.63102],[-111.19333,25.61362],[-111.1811,25.59746],[-111.17209,25.59526],[-111.17364,25.58862],[-111.16482,25.57315],[-111.14524,25.56558],[-111.1425,25.54998],[-111.12652,25.53703],[-111.1215,25.52817],[-111.10998,25.5241],[-111.10241,25.5244],[-111.09979,25.52876],[-111.09427,25.52529],[-111.07426,25.52511],[-111.0697,25.53133],[-111.07493,25.52296],[-111.06818,25.51394],[-111.06037,25.51322],[-111.0598,25.51957],[-111.05317,25.52117],[-111.04974,25.51606],[-111.04018,25.51553],[-111.03834,25.52171],[-111.03401,25.51637],[-111.01677,25.51494],[-111.01451,25.50493],[-111.01837,25.50547],[-111.02262,25.49711],[-111.01341,25.47792],[-111.02002,25.47536],[-111.0192,25.46209],[-111.026,25.45832],[-111.02477,25.44373],[-111.01276,25.42074],[-111.00373,25.41622],[-111.00076,25.38798],[-110.99438,25.37438],[-110.98732,25.37084],[-110.97962,25.34142],[-110.96559,25.33016],[-110.95559,25.32907],[-110.9575,25.32263],[-110.94667,25.31325],[-110.94388,25.30541],[-110.94769,25.30331],[-110.94721,25.29677],[-110.93311,25.29158],[-110.93905,25.28612],[-110.93399,25.27764],[-110.93745,25.27219],[-110.94453,25.27136],[-110.94617,25.25755],[-110.93872,25.24426],[-110.94102,25.23673],[-110.93402,25.21585],[-110.92144,25.2098],[-110.91604,25.19088],[-110.90661,25.18346],[-110.91244,25.17481],[-110.90762,25.14578],[-110.89337,25.1308],[-110.87986,25.12633],[-110.86914,25.10548],[-110.86304,25.08073],[-110.84591,25.06905],[-110.82873,25.06307],[-110.82481,25.05792],[-110.82671,25.04722],[-110.8155,25.03438],[-110.79772,25.02967],[-110.78992,25.03589],[-110.75719,25.01382],[-110.76192,25.00621],[-110.75731,25.00101],[-110.7583,24.99589],[-110.75138,24.99357],[-110.74889,24.98795],[-110.74975,24.96597],[-110.72128,24.93515],[-110.72086,24.92621],[-110.71481,24.91928],[-110.70534,24.92161],[-110.69901,24.91522],[-110.7072,24.91175],[-110.70774,24.90738],[-110.70391,24.90749],[-110.70385,24.90141],[-110.68528,24.884],[-110.68886,24.87605],[-110.68418,24.86799],[-110.68479,24.85759],[-110.67472,24.84372],[-110.67342,24.8297],[-110.66459,24.81029],[-110.65706,24.80615],[-110.66306,24.79223],[-110.66532,24.76547],[-110.68157,24.74621],[-110.68849,24.73],[-110.69029,24.70734],[-110.69428,24.70131],[-110.70719,24.6977],[-110.71848,24.68775],[-110.72899,24.6687],[-110.73169,24.6436],[-110.74019,24.6201],[-110.74022,24.58692],[-110.73357,24.56266],[-110.73821,24.55272],[-110.72915,24.51453],[-110.68704,24.46296],[-110.68951,24.45085],[-110.68468,24.44523],[-110.69229,24.43442],[-110.68996,24.4173],[-110.69322,24.40625],[-110.6816,24.39575],[-110.68506,24.38159],[-110.67923,24.37142],[-110.6813,24.35687],[-110.65531,24.32831],[-110.65546,24.32444],[-110.64094,24.31559],[-110.63475,24.29097],[-110.61624,24.27001],[-110.61207,24.25649],[-110.58202,24.23992],[-110.57583,24.22646],[-110.56412,24.22017],[-110.56565,24.21611],[-110.56017,24.2113],[-110.50643,24.19476],[-110.40166,24.17435],[-110.36469,24.17295],[-110.33558,24.17764],[-110.32465,24.17509],[-110.30441,24.18127],[-110.30429,24.18637],[-110.30302,24.1815],[-110.29965,24.21168],[-110.30204,24.21709],[-110.31245,24.22052],[-110.31226,24.22792],[-110.30657,24.23389],[-110.31472,24.24203],[-110.31339,24.2506],[-110.31889,24.2435],[-110.32716,24.24441],[-110.33633,24.25823],[-110.33763,24.27333],[-110.33379,24.2792],[-110.33995,24.31613],[-110.33413,24.32898],[-110.32566,24.3361],[-110.30611,24.33917],[-110.29765,24.35235],[-110.28344,24.35343],[-110.2506,24.34562],[-110.24646,24.35001],[-110.2342,24.34409],[-110.23068,24.33528],[-110.2357,24.33177],[-110.23562,24.3173],[-110.21753,24.30837],[-110.21268,24.2984],[-110.19307,24.29291],[-110.17474,24.25278],[-110.1515,24.24917],[-110.1237,24.22609],[-110.11665,24.22743],[-110.1013,24.2169],[-110.08935,24.21576],[-110.04149,24.1794],[-110.01783,24.17018],[-110.00818,24.15944],[-110.00347,24.13769],[-109.99786,24.12967],[-109.99937,24.11661],[-109.99365,24.10877],[-109.98869,24.05093],[-109.98432,24.04374],[-109.97025,24.03819],[-109.94949,24.03678],[-109.94483,24.03209],[-109.92971,24.02872],[-109.88131,24.03853],[-109.83191,24.06148],[-109.82679,24.06057],[-109.82516,24.03985],[-109.80874,24.03092],[-109.80423,24.02124],[-109.8063,24.01426],[-109.81284,24.01044],[-109.81214,24.00378],[-109.8177,23.99537],[-109.82423,23.99096],[-109.82901,23.99271],[-109.83566,23.98506],[-109.8389,23.97133],[-109.83575,23.9638],[-109.83994,23.95197],[-109.83749,23.93275],[-109.82611,23.91219],[-109.77246,23.87479],[-109.74862,23.84723],[-109.73514,23.84001],[-109.73398,23.83346],[-109.72017,23.81705],[-109.69936,23.79898],[-109.70963,23.77586],[-109.71328,23.73811],[-109.6955,23.6926],[-109.69707,23.66262],[-109.67399,23.64405],[-109.64064,23.63261],[-109.63572,23.62639],[-109.60752,23.62111],[-109.58624,23.6105],[-109.5756,23.60003],[-109.52054,23.58461],[-109.51222,23.56908],[-109.47518,23.55977],[-109.46842,23.55461],[-109.47901,23.53492],[-109.47941,23.51917],[-109.46104,23.48742],[-109.44754,23.47825],[-109.44315,23.46666],[-109.42924,23.45823],[-109.42503,23.45032],[-109.43199,23.41366],[-109.42783,23.40553],[-109.41561,23.40342],[-109.41734,23.39455],[-109.41316,23.38696],[-109.41578,23.382],[-109.42345,23.38307],[-109.4322,23.37694],[-109.42436,23.33822],[-109.428,23.32083],[-109.42537,23.30482],[-109.43956,23.27355],[-109.43733,23.23959],[-109.45062,23.22025],[-109.4554,23.20159],[-109.48532,23.16859],[-109.49496,23.15049],[-109.50882,23.14246],[-109.5176,23.12713],[-109.53614,23.10942],[-109.56702,23.09533],[-109.57647,23.08404],[-109.6081,23.08133],[-109.66883,23.06033],[-109.68036,23.0494],[-109.70709,23.03647],[-109.71544,23.02656],[-109.71809,23.01283],[-109.71519,23.00468],[-109.73345,22.98969],[-109.7595,22.98469],[-109.76386,22.97817],[-109.79236,22.9662],[-109.80751,22.94947],[-109.80909,22.93364],[-109.84235,22.90855],[-109.84502,22.90161],[-109.86699,22.89646],[-109.89012,22.89633],[-109.90337,22.8884],[-109.90541,22.88169],[-109.9114,22.88573],[-109.90997,22.87879],[-109.89395,22.877],[-109.89674,22.87511],[-109.96382,22.87218],[-109.9841,22.88115],[-110.01224,22.90063],[-110.06112,22.94956],[-110.07059,22.97119],[-110.08545,22.99162],[-110.09144,23.01324],[-110.09871,23.01941],[-110.10181,23.02912],[-110.11318,23.09629],[-110.13008,23.13892],[-110.13372,23.16312],[-110.15344,23.22972],[-110.15936,23.28672],[-110.16815,23.31707],[-110.18348,23.33385],[-110.20992,23.38057],[-110.21521,23.3828],[-110.21501,23.39463],[-110.22605,23.40061],[-110.22418,23.40399],[-110.2303,23.40344],[-110.23442,23.42703],[-110.26271,23.47541],[-110.27681,23.48917],[-110.30922,23.54024],[-110.34163,23.57059],[-110.39194,23.60299],[-110.55163,23.67044],[-110.59942,23.69888],[-110.68325,23.76874],[-110.82341,23.91709],[-110.85294,23.94372],[-110.87478,23.95578],[-110.88939,23.97654],[-110.95447,24.03531],[-111.00676,24.07114],[-111.00724,24.07832],[-111.02209,24.09359],[-111.11325,24.15268],[-111.17331,24.18218],[-111.27542,24.24359],[-111.44131,24.32592],[-111.51911,24.35491],[-111.5776,24.36755],[-111.60128,24.36824],[-111.64078,24.35815],[-111.69511,24.35068],[-111.70405,24.32469],[-111.70989,24.3207],[-111.71134,24.30328],[-111.72529,24.3279],[-111.74311,24.346],[-111.8022,24.38541],[-111.87617,24.44254],[-111.90859,24.4573],[-111.92069,24.4702],[-111.92727,24.46911],[-111.94729,24.489],[-111.99679,24.5072],[-112.06009,24.5418],[-112.06859,24.5409],[-112.08796,24.54789],[-112.10206,24.55876],[-112.09911,24.56328],[-112.10202,24.57769],[-112.11643,24.60292],[-112.13039,24.6167],[-112.14569,24.6209],[-112.15874,24.63961],[-112.15759,24.6443],[-112.17099,24.64795],[-112.17479,24.6533],[-112.16499,24.6719],[-112.14989,24.6664],[-112.14199,24.6714],[-112.13519,24.6967],[-112.14319,24.7333],[-112.17489,24.7653],[-112.21609,24.7873],[-112.23809,24.78948],[-112.26146,24.77888],[-112.25949,24.7501],[-112.26939,24.759],[-112.27729,24.7766],[-112.28648,24.78095],[-112.2906,24.78764],[-112.30263,24.79169],[-112.30229,24.8091],[-112.28829,24.814],[-112.27475,24.84016],[-112.20532,25.01575],[-112.15815,25.17072],[-112.14023,25.25435],[-112.13655,25.26334],[-112.12824,25.2676],[-112.1248,25.28186],[-112.13711,25.29767],[-112.1274,25.31437],[-112.11769,25.3507],[-112.10172,25.45765],[-112.10508,25.48283],[-112.09734,25.48845],[-112.10286,25.51632],[-112.09739,25.5909],[-112.09789,25.6745],[-112.09439,25.68428],[-112.09872,25.69234],[-112.10102,25.75147],[-112.10743,25.78246],[-112.11279,25.79575],[-112.12935,25.81556],[-112.13784,25.85115],[-112.16201,25.89898],[-112.17466,25.94479],[-112.19148,25.98631],[-112.23421,26.03668],[-112.2602,26.05382],[-112.28053,26.06202],[-112.29065,26.05548],[-112.30806,26.07189],[-112.30917,26.093],[-112.31815,26.12321],[-112.33842,26.16784],[-112.35135,26.18726],[-112.39503,26.23426],[-112.41391,26.24804],[-112.4467,26.26076],[-112.46059,26.26239],[-112.47564,26.25652],[-112.47548,26.24358],[-112.48025,26.2364],[-112.49751,26.2315],[-112.51958,26.24382],[-112.54055,26.26172],[-112.57622,26.27839],[-112.59266,26.29431],[-112.61622,26.3043],[-112.63499,26.32111],[-112.65297,26.32537],[-112.67991,26.3153],[-112.69147,26.33639],[-112.72111,26.3651],[-112.80937,26.42065],[-112.89429,26.48874],[-112.96265,26.52858],[-112.97788,26.53362],[-113.02777,26.56867],[-113.08317,26.61869],[-113.12527,26.63714],[-113.12581,26.64357],[-113.13833,26.65976],[-113.14834,26.66219],[-113.18799,26.68611],[-113.269,26.70362],[-113.27365,26.70867],[-113.26983,26.7126],[-113.28324,26.75316],[-113.33857,26.78668],[-113.39577,26.80364],[-113.4639,26.80832],[-113.46815,26.80362],[-113.50917,26.79153],[-113.52179,26.75319],[-113.54884,26.73844],[-113.54546,26.72696],[-113.5475,26.72024],[-113.57091,26.71418],[-113.57703,26.7047],[-113.60716,26.71366],[-113.63835,26.72966],[-113.65775,26.7564],[-113.68595,26.78085],[-113.70456,26.79187],[-113.7158,26.79035],[-113.72633,26.80102],[-113.73373,26.79946],[-113.76227,26.87602],[-113.78546,26.91734],[-113.80816,26.94036],[-113.85276,26.97038],[-113.90045,26.98975],[-113.947,26.99944],[-113.97411,26.99462],[-113.98335,26.97336],[-114.00252,26.9711],[-114.01721,26.98365],[-114.0384,27.01184],[-114.05211,27.0201],[-114.05271,27.03286],[-114.06017,27.04969],[-114.09118,27.08709],[-114.13331,27.11694],[-114.18129,27.13852],[-114.2432,27.15108],[-114.26842,27.15088],[-114.29314,27.14102],[-114.29669,27.12286],[-114.2983,27.12883],[-114.31437,27.14321],[-114.32717,27.14819],[-114.3335,27.15688],[-114.36194,27.16323],[-114.38473,27.18023],[-114.39657,27.18197],[-114.39857,27.17609],[-114.41536,27.16885],[-114.42081,27.17361],[-114.431,27.17444],[-114.43485,27.1775],[-114.4272,27.18876],[-114.42723,27.19499],[-114.43489,27.20976],[-114.45627,27.22058],[-114.47793,27.21632],[-114.48799,27.22871],[-114.48458,27.25995],[-114.48848,27.27896],[-114.48514,27.28255],[-114.48512,27.29863],[-114.48858,27.3504],[-114.50018,27.39376],[-114.51347,27.41717],[-114.52704,27.42922],[-114.56456,27.45104],[-114.57663,27.45198],[-114.60099,27.47848],[-114.63218,27.48692],[-114.64394,27.49624],[-114.66937,27.50672],[-114.68714,27.50839],[-114.71447,27.52206],[-114.73727,27.52417],[-114.73968,27.5328],[-114.74438,27.53284],[-114.74661,27.54018],[-114.7622,27.55495],[-114.76558,27.57645],[-114.78481,27.60747],[-114.81109,27.62678],[-114.82114,27.62992],[-114.84039,27.62989],[-114.84574,27.62487],[-114.84409,27.61793],[-114.84759,27.61782],[-114.86089,27.62693],[-114.86273,27.638],[-114.8734,27.64324],[-114.87152,27.64986],[-114.93043,27.67597],[-114.93658,27.68715],[-114.93819,27.70171],[-114.95368,27.71645],[-114.98948,27.72894],[-114.99705,27.72535],[-114.99838,27.71761],[-115.00626,27.71771],[-115.01392,27.73574],[-115.01886,27.74078],[-115.02618,27.74101],[-115.02436,27.74903],[-115.03416,27.75973],[-115.03152,27.7705],[-115.03755,27.78667],[-115.04609,27.79517],[-115.05261,27.8209],[-115.0823,27.84742],[-115.07174,27.85591],[-115.05516,27.86179],[-115.02789,27.84762],[-115.01646,27.83199],[-115.0063,27.82836],[-114.96921,27.82556],[-114.9226,27.83418],[-114.88156,27.82794],[-114.8658,27.8302],[-114.85311,27.82651],[-114.85096,27.81967],[-114.8387,27.81009],[-114.81992,27.80954],[-114.78724,27.81559],[-114.76267,27.80604],[-114.74417,27.80507],[-114.73751,27.80863],[-114.71911,27.80348],[-114.71863,27.79582],[-114.70485,27.78883],[-114.6686,27.78829],[-114.66044,27.7813],[-114.64229,27.7817],[-114.63389,27.77606],[-114.60532,27.77351],[-114.56973,27.78326],[-114.55108,27.78188],[-114.53327,27.78606],[-114.49925,27.77197],[-114.45796,27.78874],[-114.40535,27.81801],[-114.39,27.82186],[-114.38731,27.82893],[-114.37144,27.84298],[-114.33437,27.86953],[-114.31109,27.87367],[-114.29481,27.86413],[-114.26558,27.88839],[-114.27441,27.89756],[-114.27542,27.90694],[-114.26527,27.94238],[-114.20487,28.0],[-112.76492,28.0],[-112.75824,27.97538]]]]}},{"type":"Feature","properties":{"T00_CVEGEO":"04","T00_NOMGEO":"Campeche","NAME":"Campeche"},"geometry":{"type":"MultiPolygon","coordinates":[[[[-91.95649,20.19699],[-91.95636,20.19697],[-91.95622,20.19697],[-91.95612,20.19693],[-91.95602,20.19686],[-91.95588,20.19677],[-91.95574,20.19667],[-91.9556,20.1966],[-91.95554,20.19658],[-91.95546,20.19652],[-91.95537,20.19642],[-91.95536,20.19631],[-91.9554,20.19621],[-91.95546,20.19611],[-91.95561,20.19603],[-91.95579,20.19596],[-91.95602,20.19592],[-91.95627,20.19596],[-91.95642,20.19607],[-91.95657,20.19623],[-91.95674,20.19634],[-91.95698,20.19642],[-91.95728,20.19653],[-91.95751,20.19661],[-91.95771,20.19668],[-91.95774,20.19674],[-91.9577,20.1968],[-91.9574,20.19695],[-91.95723,20.197],[-91.95702,20.19704],[-91.95691,20.19707],[-91.95672,20.19706],[-91.9566,20.19703],[-91.95649,20.19699]]],[[[-91.97847,20.20404],[-91.97831,20.20396],[-91.97822,20.2039],[-91.97813,20.2038],[-91.97801,20.20371],[-91.97789,20.20362],[-91.97784,20.20357],[-91.97777,20.20352],[-91.97765,20.20346],[-91.97754,20.20346],[-91.97746,20.20346],[-91.97735,20.20346],[-91.97725,20.20343],[-91.97714,20.20338],[-91.97706,20.20334],[-91.9769,20.20328],[-91.97677,20.20325],[-91.97665,20.20323],[-91.97656,20.20318],[-91.97649,20.20314],[-91.97645,20.20306],[-91.97646,20.20295],[-91.97655,20.20277],[-91.97664,20.20265],[-91.97675,20.20254],[-91.97682,20.2025],[-91.97691,20.20247],[-91.97698,20.20247],[-91.97703,20.2025],[-91.97706,20.2026],[-91.97713,20.20274],[-91.97719,20.20284],[-91.97726,20.20293],[-91.97733,20.20302],[-91.97741,20.20311],[-91.9775,20.20319],[-91.9776,20.20329],[-91.97771,20.20337],[-91.97781,20.20344],[-91.97791,20.20351],[-91.97802,20.20358],[-91.97811,20.20363],[-91.97818,20.20369],[-91.97824,20.20377],[-91.97833,20.20385],[-91.97845,20.2039],[-91.97856,20.20394],[-91.97867,20.20398],[-91.97877,20.204],[-91.97881,20.204],[-91.97891,20.20398],[-91.97894,20.20399],[-91.97896,20.20403],[-91.97893,20.20407],[-91.97888,20.20408],[-91.97878,20.20409],[-91.97862,20.20407],[-91.97847,20.20404]]],[[[-91.96311,20.20171],[-91.9634,20.20169],[-91.96381,20.20197],[-91.96406,20.20224],[-91.9641,20.2024],[-91.964,20.20258],[-91.96384,20.20279],[-91.96362,20.20297],[-91.96346,20.20319],[-91.96319,20.20385],[-91.96292,20.20442],[-91.96271,20.20502],[-91.96255,20.20557],[-91.96245,20.20611],[-91.96242,20.2068],[-91.96244,20.20736],[-91.96244,20.20794],[-91.9624,20.20839],[-91.96231,20.20862],[-91.96196,20.20827],[-91.96154,20.208],[-91.96112,20.20769],[-91.961,20.20752],[-91.96113,20.20735],[-91.96126,20.20713],[-91.96136,20.20687],[-91.96139,20.20658],[-91.96138,20.20631],[-91.96133,20.20615],[-91.96136,20.20597],[-91.96143,20.20576],[-91.96146,20.20543],[-91.96146,20.20515],[-91.96139,20.20477],[-91.96132,20.20448],[-91.96121,20.20422],[-91.96113,20.2039],[-91.96103,20.20368],[-91.961,20.20347],[-91.96105,20.20319],[-91.96108,20.20294],[-91.96115,20.20279],[-91.96127,20.20267],[-91.96132,20.20242],[-91.96145,20.20215],[-91.96175,20.20206],[-91.96203,20.20198],[-91.96232,20.20187],[-91.96269,20.20174],[-91.96277,20.20173],[-91.96311,20.20171]]],[[[-90.49715,20.3423],[-90.49735,20.3423],[-90.49785,20.34238],[-90.49808,20.34245],[-90.49823,20.34255],[-90.49841,20.34267],[-90.49858,20.3428],[-90.49871,20.34294],[-90.49883,20.34306],[-90.49892,20.3432],[-90.49901,20.34336],[-90.499,20.34355],[-90.49897,20.34371],[-90.49894,20.34385],[-90.49887,20.34398],[-90.49878,20.3441],[-90.49869,20.34418],[-90.49867,20.34419],[-90.49846,20.34428],[-90.49833,20.34435],[-90.49819,20.34438],[-90.49797,20.34442],[-90.49783,20.34443],[-90.49756,20.34444],[-90.49743,20.34445],[-90.49719,20.34442],[-90.49699,20.34429],[-90.49684,20.34424],[-90.49676,20.34415],[-90.4967,20.3441],[-90.49664,20.344],[-90.49654,20.3439],[-90.49641,20.3438],[-90.4963,20.34371],[-90.49626,20.34358],[-90.49621,20.34346],[-90.49622,20.34331],[-90.49614,20.34321],[-90.49616,20.34307],[-90.4963,20.34286],[-90.49636,20.3428],[-90.49636,20.3428],[-90.49652,20.34272],[-90.49654,20.3427],[-90.4966,20.34266],[-90.49662,20.34264],[-90.49676,20.3426],[-90.49687,20.34258],[-90.49703,20.34252],[-90.49705,20.34251],[-90.49714,20.34231],[-90.49715,20.3423]]],[[[-90.47039,20.62146],[-90.47474,20.61074],[-90.4709,20.59839],[-90.47434,20.59971],[-90.47825,20.61826],[-90.46965,20.65306],[-90.46476,20.64421],[-90.47039,20.62146]]],[[[-90.46124,20.63833],[-90.46944,20.65843],[-90.46158,20.65551],[-90.46124,20.63833]]],[[[-90.45246,20.68234],[-90.45123,20.67391],[-90.45686,20.67453],[-90.45179,20.67007],[-90.45409,20.65589],[-90.4657,20.66736],[-90.46679,20.67565],[-90.4586,20.69374],[-90.45246,20.68234]]],[[[-90.37935,20.84832],[-90.38664,20.55558],[-90.34113,20.5537],[-90.33523,20.57634],[-90.33523,20.54131],[-90.22924,20.54356],[-90.2325,20.51989],[-90.22376,20.51916],[-90.2342,20.47046],[-90.18478,20.46104],[-90.18629,20.43693],[-90.16051,20.44186],[-90.13246,20.43965],[-90.13157,20.44307],[-90.10097,20.42525],[-90.06721,20.42522],[-90.06601,20.43397],[-90.05709,20.43296],[-90.05004,20.45603],[-90.04168,20.46645],[-90.02034,20.47708],[-90.00562,20.47736],[-90.00417,20.48702],[-89.83796,20.28717],[-89.87238,20.28762],[-89.87566,20.2531],[-89.84067,20.25102],[-89.84616,20.20968],[-89.8025,20.2016],[-89.80287,20.1649],[-89.79397,20.13617],[-89.74847,20.17927],[-89.5987,19.99819],[-89.60466,19.93828],[-89.59584,19.93742],[-89.59744,19.92112],[-89.58681,19.92046],[-89.58749,19.87442],[-89.57175,19.85295],[-89.57742,19.85351],[-89.53612,19.79745],[-89.52567,19.77555],[-89.4759,19.77122],[-89.47914,19.74064],[-89.49166,19.74223],[-89.47721,19.71105],[-89.46829,19.70016],[-89.44811,19.69835],[-89.41247,19.64937],[-89.14666,19.42386],[-89.14695,19.13315],[-89.13581,19.13237],[-89.14712,18.99504],[-89.1486,18.8773],[-89.14438,18.75592],[-89.15574,18.75311],[-89.15131,18.72402],[-89.15023,18.45106],[-89.12549,18.45062],[-89.12122,18.38585],[-89.13821,18.38554],[-89.13235,18.2934],[-89.15167,18.29356],[-89.15805,18.22132],[-89.14287,18.22416],[-89.14306,18.14582],[-89.20023,18.14463],[-89.20245,18.08327],[-89.14438,18.08244],[-89.14475,18.0577],[-89.16336,18.05788],[-89.163,18.01851],[-89.20673,18.02108],[-89.20741,17.99265],[-89.20587,17.9541],[-89.15217,17.95361],[-89.15171,17.81561],[-90.12669,17.81662],[-90.36059,17.81287],[-90.98763,17.81547],[-90.98766,17.87535],[-90.99563,17.87549],[-90.9955,17.90215],[-90.98766,17.90135],[-90.98795,17.96254],[-91.12019,17.96337],[-91.11358,17.97585],[-91.13066,17.98225],[-91.13318,17.95801],[-91.15112,17.96267],[-91.14472,17.97516],[-91.1726,17.97805],[-91.1856,17.97295],[-91.19271,17.97821],[-91.20012,17.97451],[-91.21745,17.97498],[-91.22375,17.98132],[-91.24001,17.987],[-91.25014,18.00679],[-91.28141,18.024],[-91.29674,18.04194],[-91.32334,18.05329],[-91.32702,18.06266],[-91.34716,18.06395],[-91.35942,18.07037],[-91.38442,18.06406],[-91.39859,18.08],[-91.43336,18.0821],[-91.44417,18.09507],[-91.47016,18.10362],[-91.47732,18.11279],[-91.48435,18.11276],[-91.48886,18.11807],[-91.50403,18.11646],[-91.50194,18.12235],[-91.50573,18.13],[-91.51653,18.13048],[-91.51521,18.15495],[-91.50186,18.15557],[-91.50324,18.16508],[-91.50933,18.17105],[-91.51583,18.16987],[-91.5345,18.14617],[-91.55276,18.15817],[-91.57996,18.15818],[-91.58272,18.15246],[-91.57219,18.14201],[-91.59534,18.12517],[-91.58975,18.10801],[-91.60322,18.10774],[-91.6095,18.09844],[-91.60757,18.0745],[-91.61929,18.0608],[-91.61226,18.04502],[-91.61926,18.01751],[-91.61582,17.98908],[-91.61998,17.97644],[-91.61977,17.95757],[-91.62473,17.94907],[-91.61962,17.91919],[-91.61271,17.91292],[-91.63308,17.90501],[-91.6291,17.89713],[-91.6388,17.87395],[-91.71282,17.91892],[-91.7124,17.92164],[-91.7251,17.92449],[-91.76048,17.95762],[-91.76138,17.946],[-91.75709,17.93973],[-91.76226,17.93901],[-91.768,17.94854],[-91.77118,17.94436],[-91.80464,17.97255],[-91.8672,17.98326],[-91.8881,18.00633],[-91.90035,18.01214],[-91.93535,18.0102],[-91.96674,18.01599],[-91.97877,18.04283],[-91.99215,18.03925],[-92.01442,18.05261],[-92.02824,18.07717],[-92.04209,18.07832],[-92.03598,18.08736],[-92.03993,18.09795],[-92.0526,18.09408],[-92.06217,18.09816],[-92.06802,18.09211],[-92.07679,18.09428],[-92.08297,18.08569],[-92.12166,18.10175],[-92.12742,18.10866],[-92.12833,18.12015],[-92.14904,18.13673],[-92.14878,18.14929],[-92.1609,18.15542],[-92.16056,18.18867],[-92.16442,18.19786],[-92.14893,18.2104],[-92.18324,18.27406],[-92.17295,18.27534],[-92.17442,18.2933],[-92.17722,18.28874],[-92.18042,18.28982],[-92.17135,18.33895],[-92.18194,18.3759],[-92.17735,18.37588],[-92.17614,18.45823],[-92.31028,18.45558],[-92.31055,18.46053],[-92.32155,18.46752],[-92.32252,18.47308],[-92.348,18.44378],[-92.3538,18.44229],[-92.3607,18.44682],[-92.35965,18.45694],[-92.36549,18.46462],[-92.38481,18.47814],[-92.40196,18.47953],[-92.41291,18.48561],[-92.42526,18.5113],[-92.42503,18.55333],[-92.45194,18.60351],[-92.46574,18.61656],[-92.46878,18.65096],[-92.36377,18.66964],[-92.22153,18.67687],[-92.16545,18.68404],[-91.96818,18.69698],[-91.95094,18.6929],[-91.91741,18.64432],[-91.90403,18.63221],[-91.87853,18.61774],[-91.85693,18.61249],[-91.82583,18.63022],[-91.83176,18.63108],[-91.84366,18.64177],[-91.844,18.64707],[-91.84628,18.64433],[-91.85404,18.64728],[-91.84828,18.64718],[-91.85286,18.65351],[-91.8551,18.65116],[-91.84133,18.66425],[-91.79369,18.6671],[-91.73813,18.68097],[-91.70164,18.69799],[-91.69692,18.70678],[-91.65831,18.71871],[-91.6393,18.73293],[-91.5578,18.76554],[-91.53435,18.77976],[-91.53065,18.78009],[-91.52847,18.76898],[-91.52239,18.76561],[-91.49804,18.78177],[-91.49698,18.79217],[-91.45116,18.82913],[-91.39631,18.88985],[-91.32678,18.92971],[-91.205,18.98302],[-91.11653,19.03266],[-91.11057,19.03812],[-91.11078,19.04409],[-91.08108,19.06729],[-90.99331,19.11929],[-90.9079,19.17697],[-90.75831,19.3077],[-90.73836,19.3328],[-90.72647,19.35651],[-90.72104,19.35798],[-90.72515,19.40118],[-90.71237,19.43165],[-90.70295,19.48598],[-90.7111,19.52752],[-90.70411,19.55357],[-90.70634,19.56084],[-90.71191,19.56228],[-90.6945,19.59345],[-90.68555,19.62536],[-90.68966,19.63961],[-90.69574,19.63673],[-90.69152,19.64274],[-90.6994,19.6487],[-90.70743,19.64915],[-90.70627,19.65439],[-90.70967,19.64967],[-90.71055,19.6544],[-90.73767,19.65475],[-90.73797,19.65221],[-90.74368,19.65509],[-90.70604,19.65459],[-90.7039,19.66642],[-90.71236,19.6717],[-90.70711,19.67202],[-90.67074,19.71745],[-90.66668,19.72901],[-90.66998,19.736],[-90.6614,19.75852],[-90.63402,19.78145],[-90.62894,19.78695],[-90.63114,19.78968],[-90.61225,19.79824],[-90.59487,19.812],[-90.5981,19.81301],[-90.59161,19.81453],[-90.59322,19.81706],[-90.59005,19.81401],[-90.57245,19.82711],[-90.56002,19.83135],[-90.53458,19.85311],[-90.52204,19.85835],[-90.52799,19.86442],[-90.53043,19.8623],[-90.52943,19.86542],[-90.53178,19.86321],[-90.52914,19.86585],[-90.52142,19.85868],[-90.50876,19.86601],[-90.5003,19.88092],[-90.49296,19.88505],[-90.47218,19.92512],[-90.46206,19.93032],[-90.45189,19.95858],[-90.4473,19.95947],[-90.45375,19.9619],[-90.45209,19.97415],[-90.46118,19.97295],[-90.47066,19.98577],[-90.47306,19.99479],[-90.4613,20.00252],[-90.46256,20.01403],[-90.47857,20.03097],[-90.4797,20.04155],[-90.49123,20.06125],[-90.48608,20.06928],[-90.48661,20.08751],[-90.48014,20.09633],[-90.47877,20.1132],[-90.49515,20.1601],[-90.48846,20.16999],[-90.47974,20.17352],[-90.47739,20.18438],[-90.48065,20.1998],[-90.47812,20.20524],[-90.48027,20.20848],[-90.47969,20.20484],[-90.48555,20.20434],[-90.48675,20.2118],[-90.48048,20.2089],[-90.48909,20.21562],[-90.4865,20.22163],[-90.49212,20.27225],[-90.48861,20.30016],[-90.49225,20.31132],[-90.48879,20.33085],[-90.49668,20.34092],[-90.488,20.34676],[-90.49338,20.34901],[-90.48286,20.37451],[-90.49057,20.40158],[-90.48615,20.40629],[-90.49265,20.40581],[-90.49237,20.42188],[-90.49649,20.42917],[-90.49162,20.43899],[-90.49265,20.44754],[-90.49586,20.45538],[-90.50071,20.4558],[-90.50261,20.46412],[-90.49822,20.46921],[-90.48549,20.46286],[-90.47498,20.47058],[-90.47588,20.47358],[-90.48237,20.47017],[-90.49379,20.47932],[-90.50215,20.47182],[-90.49943,20.49374],[-90.50231,20.49756],[-90.48238,20.55719],[-90.46448,20.58476],[-90.46247,20.59891],[-90.45308,20.61329],[-90.45666,20.61734],[-90.44817,20.63377],[-90.44555,20.67396],[-90.44148,20.68479],[-90.44332,20.71919],[-90.44804,20.71536],[-90.45254,20.68573],[-90.45401,20.70331],[-90.4485,20.71627],[-90.43388,20.72817],[-90.43117,20.74658],[-90.42379,20.74637],[-90.41441,20.7542],[-90.40747,20.76827],[-90.40682,20.77636],[-90.41492,20.77593],[-90.41385,20.82033],[-90.40422,20.83976],[-90.40452,20.84676],[-90.37935,20.84832]]]]}},{"type":"Feature","properties":{"T00_CVEGEO":"05","T00_NOMGEO":"Coahuila de Zaragoza","NAME":"Coahuila de Zaragoza"},"geometry":{"type":"MultiPolygon","coordinates":[[[[-102.31078,29.87694],[-102.30007,29.87742],[-102.2871,29.87132],[-102.28062,29.86279],[-102.26509,29.8677],[-102.26202,29.86318],[-102.26401,29.85527],[-102.25993,29.85304],[-102.25274,29.85348],[-102.24994,29.86343],[-102.24643,29.86422],[-102.24459,29.84877],[-102.23178,29.84833],[-102.22322,29.84053],[-102.20983,29.84446],[-102.19625,29.83625],[-102.18702,29.84877],[-102.17853,29.84008],[-102.17954,29.82606],[-102.16699,29.82594],[-102.15961,29.81442],[-102.14949,29.81108],[-102.14357,29.80357],[-102.12905,29.79857],[-102.11939,29.80264],[-102.11526,29.79242],[-102.09426,29.79143],[-102.08364,29.79528],[-102.07221,29.78661],[-102.04911,29.78546],[-102.04617,29.79011],[-102.03813,29.79191],[-102.04082,29.79934],[-102.03544,29.80424],[-102.02166,29.80276],[-102.01456,29.79755],[-101.99719,29.80618],[-101.98786,29.79699],[-101.98157,29.80634],[-101.98173,29.81496],[-101.97549,29.81567],[-101.96661,29.81261],[-101.96311,29.8],[-101.95761,29.79587],[-101.94568,29.80151],[-101.93542,29.79955],[-101.93387,29.78629],[-101.92894,29.78271],[-101.91193,29.79804],[-101.87483,29.79407],[-101.8532,29.80776],[-101.83597,29.79234],[-101.82359,29.78727],[-101.81866,29.79254],[-101.82551,29.80751],[-101.81764,29.81167],[-101.80376,29.80379],[-101.81402,29.7924],[-101.81129,29.78423],[-101.80436,29.78004],[-101.78878,29.77955],[-101.78545,29.78833],[-101.77529,29.78917],[-101.75458,29.77745],[-101.74236,29.77895],[-101.73455,29.77149],[-101.71923,29.77572],[-101.71007,29.76181],[-101.68965,29.77108],[-101.6818,29.76112],[-101.67602,29.76056],[-101.67085,29.76907],[-101.66146,29.77125],[-101.65216,29.75859],[-101.64385,29.75407],[-101.63387,29.75987],[-101.62719,29.77086],[-101.61639,29.76974],[-101.60394,29.77445],[-101.57485,29.76927],[-101.57465,29.78847],[-101.56947,29.79681],[-101.55256,29.80408],[-101.54464,29.81218],[-101.53498,29.79759],[-101.53895,29.78636],[-101.53972,29.76136],[-101.53665,29.75812],[-101.51999,29.76492],[-101.50221,29.76415],[-101.47945,29.78347],[-101.46429,29.7896],[-101.45341,29.78466],[-101.45546,29.77067],[-101.44767,29.75048],[-101.43685,29.75109],[-101.41386,29.76842],[-101.40131,29.7707],[-101.39865,29.76264],[-101.41489,29.75259],[-101.41569,29.74641],[-101.39717,29.73535],[-101.39767,29.71378],[-101.3709,29.69881],[-101.37348,29.67747],[-101.36432,29.66689],[-101.3607,29.64868],[-101.3555,29.64936],[-101.34585,29.66276],[-101.31901,29.66063],[-101.30174,29.65095],[-101.30049,29.63793],[-101.31267,29.6059],[-101.31001,29.58536],[-101.30222,29.57603],[-101.29152,29.57207],[-101.2789,29.58766],[-101.27693,29.6011],[-101.28076,29.61715],[-101.27026,29.62821],[-101.26205,29.63024],[-101.24914,29.62285],[-101.25225,29.60316],[-101.24301,29.56617],[-101.25832,29.54276],[-101.26115,29.52939],[-101.25859,29.52244],[-101.2363,29.52373],[-101.18554,29.518],[-101.17612,29.51202],[-101.14762,29.47446],[-101.1298,29.47668],[-101.11309,29.47006],[-101.08771,29.47269],[-101.0618,29.46424],[-101.057,29.44075],[-101.04318,29.42943],[-101.03706,29.40645],[-101.0181,29.3893],[-101.01005,29.36853],[-100.97372,29.35521],[-100.96477,29.34756],[-100.95024,29.34794],[-100.9438,29.34304],[-100.93984,29.33261],[-100.91892,29.32547],[-100.91702,29.31939],[-100.90056,29.31023],[-100.88643,29.30777],[-100.87686,29.28014],[-100.85508,29.27571],[-100.83488,29.26158],[-100.81378,29.26371],[-100.81619,29.25363],[-100.80575,29.25206],[-100.79597,29.24518],[-100.7958,29.22876],[-100.79164,29.22559],[-100.78516,29.22787],[-100.77382,29.21056],[-100.77602,29.19975],[-100.767,29.1957],[-100.76624,29.18489],[-100.77607,29.17269],[-100.77277,29.16839],[-100.7641,29.16542],[-100.75958,29.15703],[-100.73932,29.15017],[-100.73876,29.14034],[-100.72446,29.12728],[-100.6844,29.11139],[-100.67611,29.10329],[-100.66441,29.07468],[-100.6602,29.03191],[-100.64566,28.98789],[-100.64851,28.98291],[-100.64636,28.96748],[-100.65061,28.96223],[-100.64697,28.95643],[-100.65145,28.94286],[-100.62964,28.92255],[-100.63151,28.91677],[-100.64091,28.91461],[-100.63256,28.90374],[-100.6268,28.9039],[-100.62253,28.91019],[-100.61336,28.90118],[-100.60094,28.90161],[-100.60341,28.88768],[-100.59184,28.88961],[-100.58926,28.88549],[-100.59893,28.87963],[-100.59879,28.87479],[-100.59038,28.87291],[-100.58986,28.86157],[-100.57299,28.84876],[-100.57701,28.83582],[-100.57441,28.82855],[-100.54762,28.82624],[-100.5461,28.81282],[-100.53512,28.80471],[-100.53298,28.78853],[-100.5381,28.78125],[-100.52969,28.76865],[-100.53344,28.75881],[-100.5283,28.75577],[-100.52105,28.75761],[-100.51451,28.75133],[-100.51444,28.74216],[-100.50736,28.74041],[-100.50666,28.71693],[-100.51201,28.70648],[-100.50017,28.66166],[-100.47962,28.6556],[-100.47435,28.64712],[-100.46146,28.64083],[-100.44617,28.64168],[-100.44715,28.60922],[-100.43358,28.60629],[-100.42985,28.59622],[-100.39869,28.58537],[-100.39738,28.57483],[-100.41099,28.54975],[-100.40473,28.53554],[-100.39398,28.52739],[-100.38853,28.51539],[-100.33387,28.49928],[-100.34436,28.48615],[-100.36477,28.48151],[-100.36839,28.47666],[-100.33746,28.44302],[-100.3359,28.43013],[-100.34947,28.4034],[-100.34292,28.38715],[-100.31875,28.36002],[-100.31452,28.34606],[-100.28675,28.31324],[-100.29361,28.27876],[-100.25451,28.23787],[-100.22063,28.23275],[-100.20915,28.19122],[-100.18425,28.18496],[-100.15911,28.16768],[-100.14067,28.168],[-100.12006,28.15584],[-100.0846,28.14502],[-100.0678,28.11432],[-100.05647,28.10475],[-100.05299,28.08505],[-100.01774,28.06513],[-100.00763,28.02146],[-99.99048,27.99361],[-99.963,27.98379],[-99.93122,27.98058],[-99.93883,27.95216],[-99.93764,27.94218],[-99.92628,27.93549],[-99.92581,27.92707],[-99.91884,27.91888],[-99.90062,27.91244],[-99.89352,27.89947],[-99.90407,27.8737],[-99.90113,27.86397],[-99.88157,27.84961],[-99.87695,27.84146],[-99.878,27.82558],[-99.87391,27.81291],[-99.87763,27.79965],[-99.86927,27.79428],[-99.85075,27.7939],[-99.84436,27.77843],[-99.84321,27.76986],[-99.93239,27.67471],[-99.99884,27.61527],[-100.18842,27.79913],[-100.3506,27.68459],[-100.41769,27.39363],[-100.678,27.33479],[-100.83412,27.19517],[-100.83055,27.07388],[-100.8096,27.06836],[-100.80926,27.05648],[-100.79943,27.04583],[-100.78422,27.05892],[-100.76586,27.06332],[-100.74852,27.04915],[-100.74771,27.03625],[-100.73583,27.04758],[-100.74617,27.06235],[-100.74861,27.08125],[-100.7377,27.08473],[-100.72612,27.07788],[-100.71965,27.0792],[-100.7081,27.09985],[-100.69744,27.10875],[-100.68271,27.11139],[-100.67678,27.10687],[-100.67423,27.0846],[-100.66248,27.08651],[-100.6537,27.07573],[-100.53399,27.04558],[-100.5388,27.03867],[-100.53569,27.027],[-100.54081,27.01382],[-100.53973,26.98625],[-100.54525,26.97835],[-100.53823,26.93972],[-100.54492,26.92534],[-100.53842,26.90612],[-100.54066,26.88097],[-100.55135,26.85873],[-100.54661,26.84765],[-100.54472,26.82269],[-100.53815,26.80855],[-100.59013,26.75952],[-100.6013,26.73707],[-100.61439,26.68563],[-100.69122,26.61378],[-100.75303,26.7352],[-100.90508,26.60863],[-101.20675,26.36977],[-101.09761,26.25291],[-101.06857,26.18903],[-101.04739,26.16984],[-100.98273,26.13947],[-100.94263,26.09061],[-100.94289,26.08678],[-100.91641,26.07561],[-100.9046,26.0087],[-100.90552,25.95694],[-100.87687,25.94721],[-100.83442,25.94504],[-100.82724,25.92049],[-100.82266,25.91688],[-100.83576,25.86659],[-100.84706,25.85788],[-100.86189,25.81847],[-100.82512,25.75172],[-100.80561,25.7243],[-100.80369,25.70875],[-100.78777,25.68359],[-100.7804,25.64573],[-100.78341,25.63967],[-100.72976,25.63389],[-100.71991,25.60306],[-100.69028,25.5671],[-100.63289,25.5713],[-100.61195,25.5514],[-100.61472,25.54234],[-100.59429,25.54437],[-100.53843,25.53185],[-100.52969,25.51439],[-100.59974,25.51996],[-100.61908,25.50569],[-100.5795,25.49454],[-100.58488,25.47081],[-100.56096,25.46453],[-100.53088,25.46346],[-100.5254,25.44975],[-100.51746,25.44903],[-100.52269,25.43432],[-100.49354,25.43084],[-100.45187,25.41081],[-100.47009,25.33779],[-100.41455,25.32699],[-100.41435,25.3299],[-100.39102,25.32805],[-100.3268,25.34035],[-100.31302,25.33636],[-100.28157,25.31971],[-100.26397,25.30529],[-100.25413,25.3069],[-100.24313,25.26744],[-100.25393,25.26556],[-100.2625,25.25402],[-100.23441,25.23549],[-100.24719,25.23017],[-100.22957,25.21791],[-100.26138,25.20707],[-100.30528,25.21341],[-100.32554,25.22225],[-100.332,25.18628],[-100.47251,25.23119],[-100.59568,25.25476],[-100.70888,25.23645],[-100.80312,25.16525],[-100.8215,24.99671],[-100.79205,24.97914],[-100.79145,24.97405],[-100.72749,24.91871],[-100.82612,24.835],[-100.82741,24.8242],[-100.79697,24.7508],[-100.80546,24.59634],[-100.79993,24.55618],[-100.81041,24.55159],[-100.8478,24.55561],[-100.90223,24.58391],[-100.95878,24.54268],[-101.08049,24.59118],[-101.12761,24.62336],[-101.16464,24.68155],[-101.17903,24.73295],[-101.20172,24.76548],[-101.21503,24.77516],[-101.23608,24.77787],[-101.34213,24.81335],[-101.40215,24.78822],[-101.41265,24.77205],[-101.46163,24.73675],[-101.4917,24.74377],[-101.54057,24.74558],[-101.62226,24.75898],[-101.64076,24.8007],[-101.609,24.78966],[-101.60125,24.83556],[-101.65632,24.86079],[-101.68514,24.84001],[-101.77345,24.87553],[-101.83189,24.97217],[-101.8488,25.01762],[-102.0818,25.0707],[-102.23761,25.11846],[-102.2955,25.12523],[-102.46332,25.11591],[-102.44675,24.99951],[-102.66969,25.06663],[-102.85312,24.772],[-102.85639,24.73977],[-102.86963,24.74205],[-102.87512,24.74887],[-102.88324,24.75055],[-102.89542,24.76599],[-102.90746,24.76788],[-102.91603,24.7761],[-102.92142,24.77295],[-102.92327,24.78032],[-102.94927,24.77975],[-102.96361,24.78811],[-102.96491,24.794],[-102.97456,24.7928],[-102.97517,24.79945],[-102.9908,24.79403],[-103.00136,24.79838],[-103.00513,24.79321],[-103.01506,24.80095],[-103.02181,24.79993],[-103.03335,24.81084],[-103.05374,24.80994],[-103.06884,24.81856],[-103.09294,24.82286],[-103.25914,24.96465],[-103.24536,24.98246],[-103.24655,24.99602],[-103.27046,25.01566],[-103.27405,25.02336],[-103.26748,25.02804],[-103.27801,25.03461],[-103.26944,25.04024],[-103.27446,25.04594],[-103.26878,25.04914],[-103.26957,25.05489],[-103.2615,25.05416],[-103.26217,25.05855],[-103.27423,25.06459],[-103.27822,25.06297],[-103.29123,25.07053],[-103.295,25.07997],[-103.31244,25.08507],[-103.32226,25.09429],[-103.33722,25.09912],[-103.34265,25.11033],[-103.35143,25.10721],[-103.35953,25.11002],[-103.37039,25.124],[-103.37713,25.14205],[-103.39428,25.15773],[-103.40285,25.18234],[-103.40923,25.18238],[-103.42579,25.20154],[-103.43867,25.20195],[-103.45005,25.21905],[-103.4502,25.22861],[-103.46623,25.23868],[-103.47318,25.2501],[-103.49671,25.25574],[-103.50383,25.27465],[-103.51093,25.27981],[-103.50742,25.28401],[-103.50934,25.29146],[-103.49766,25.29515],[-103.49573,25.31111],[-103.48578,25.31483],[-103.47924,25.32392],[-103.48647,25.33286],[-103.48041,25.33433],[-103.46621,25.35234],[-103.46205,25.37631],[-103.40669,25.3989],[-103.39734,25.39532],[-103.39049,25.39739],[-103.38045,25.39095],[-103.36551,25.39315],[-103.35122,25.37297],[-103.33691,25.37123],[-103.34136,25.41014],[-103.36905,25.41646],[-103.39064,25.43459],[-103.39874,25.4506],[-103.43572,25.47907],[-103.49441,25.53773],[-103.46955,25.54643],[-103.45544,25.55706],[-103.45098,25.57893],[-103.43536,25.58277],[-103.43329,25.58808],[-103.4384,25.59664],[-103.42962,25.59891],[-103.42684,25.61209],[-103.41602,25.61442],[-103.42495,25.61998],[-103.42476,25.62368],[-103.40327,25.62812],[-103.40873,25.63967],[-103.40599,25.64502],[-103.38141,25.64034],[-103.38303,25.65531],[-103.36475,25.67197],[-103.35948,25.68886],[-103.3492,25.69344],[-103.35498,25.69986],[-103.33943,25.7076],[-103.35283,25.71655],[-103.34028,25.72403],[-103.3337,25.73873],[-103.32638,25.76044],[-103.32302,25.79993],[-103.31858,25.8127],[-103.32288,25.82508],[-103.33166,25.83166],[-103.34635,25.8603],[-103.35048,26.14239],[-103.26082,26.28472],[-103.31678,26.36177],[-103.37417,26.60235],[-103.63697,26.69343],[-103.64388,26.69015],[-103.65825,26.71948],[-103.69909,26.72525],[-103.70163,26.73078],[-103.71524,26.73507],[-103.72486,26.7721],[-103.75061,26.8099],[-103.75396,26.82957],[-103.7796,26.83612],[-103.80447,26.85501],[-103.82253,26.87537],[-103.85169,26.89613],[-103.85193,26.90523],[-103.83591,26.93581],[-103.85208,26.93461],[-103.78462,26.98069],[-103.77994,27.00888],[-103.74083,27.02252],[-103.7443,27.02669],[-103.75245,27.07792],[-103.78346,27.0912],[-103.79939,27.12473],[-103.79842,27.21347],[-103.80939,27.2492],[-103.81975,27.24295],[-103.83058,27.27684],[-103.83211,27.29829],[-103.87687,27.31159],[-103.86364,27.44092],[-103.8585,27.43989],[-103.85459,27.54943],[-103.86883,27.60713],[-103.88355,27.60077],[-103.89725,27.65654],[-103.88324,27.65759],[-103.89552,27.67402],[-103.8895,27.71321],[-103.89668,27.74055],[-103.88114,27.73918],[-103.93564,27.79755],[-103.90083,27.82685],[-103.9439,27.82687],[-103.95999,27.8353],[-103.94577,27.85638],[-103.94332,27.88884],[-103.95496,27.95082],[-103.93563,27.94534],[-103.94186,27.92779],[-103.89288,27.91402],[-103.87771,27.95749],[-103.92668,27.97135],[-103.88948,28.06037],[-103.86093,28.10902],[-103.86749,28.11213],[-103.76817,28.30037],[-103.76286,28.29819],[-103.72832,28.35649],[-103.643,28.51246],[-103.64335,28.53063],[-103.64794,28.53298],[-103.62456,28.58114],[-103.601,28.5749],[-103.59191,28.59083],[-103.61604,28.59819],[-103.59636,28.63947],[-103.58199,28.62879],[-103.57265,28.64063],[-103.55729,28.61128],[-103.51975,28.66874],[-103.5145,28.66499],[-103.46325,28.75661],[-103.46634,28.75945],[-103.43165,28.81318],[-103.41001,28.84092],[-103.40458,28.82955],[-103.40026,28.82857],[-103.39634,28.83352],[-103.39491,28.84384],[-103.40364,28.86925],[-103.35769,28.92025],[-103.30763,29.00328],[-103.30066,29.00808],[-103.2879,29.00205],[-103.28166,28.98745],[-103.28834,28.97812],[-103.27991,28.97588],[-103.26733,28.996],[-103.25318,28.98664],[-103.25051,28.98026],[-103.23741,28.98179],[-103.22799,28.99171],[-103.22036,28.98348],[-103.21477,28.98763],[-103.20251,28.9871],[-103.18074,28.98222],[-103.17671,28.97783],[-103.17061,28.98034],[-103.16386,28.97204],[-103.15384,28.97147],[-103.13537,28.98351],[-103.11585,28.98435],[-103.11745,29.00014],[-103.09796,29.02675],[-103.10664,29.03836],[-103.10049,29.05145],[-103.1007,29.06033],[-103.09243,29.06445],[-103.09063,29.05395],[-103.08587,29.05381],[-103.08748,29.06733],[-103.07699,29.07561],[-103.08032,29.08711],[-103.07596,29.09142],[-103.06424,29.09126],[-103.05469,29.10072],[-103.04497,29.09525],[-103.03379,29.1012],[-103.03227,29.10707],[-103.03714,29.11381],[-103.02817,29.11552],[-103.02015,29.12575],[-103.01354,29.12506],[-103.01568,29.13444],[-103.0088,29.13754],[-103.00817,29.14824],[-103.00253,29.14998],[-102.99612,29.16062],[-102.99827,29.17399],[-102.99527,29.17964],[-102.97557,29.18628],[-102.95081,29.17352],[-102.94318,29.19159],[-102.93798,29.1882],[-102.9325,29.19472],[-102.91789,29.19083],[-102.91905,29.19913],[-102.91434,29.20014],[-102.91287,29.20687],[-102.91627,29.21564],[-102.9123,29.21943],[-102.89436,29.20857],[-102.87843,29.21366],[-102.86735,29.22372],[-102.8715,29.24159],[-102.88782,29.24578],[-102.9063,29.25931],[-102.89917,29.2692],[-102.90318,29.2791],[-102.88817,29.29269],[-102.89311,29.30785],[-102.88723,29.31146],[-102.88113,29.33361],[-102.88397,29.34798],[-102.87701,29.35484],[-102.86141,29.35128],[-102.83921,29.35889],[-102.84529,29.3649],[-102.84493,29.3743],[-102.834,29.37875],[-102.83277,29.38833],[-102.82539,29.39692],[-102.81238,29.40026],[-102.82562,29.40234],[-102.82626,29.4075],[-102.83321,29.41019],[-102.82695,29.41729],[-102.83225,29.43271],[-102.83073,29.44426],[-102.81936,29.45077],[-102.82381,29.45207],[-102.82537,29.45793],[-102.81419,29.47146],[-102.81458,29.48248],[-102.80066,29.48614],[-102.80725,29.49423],[-102.80439,29.50127],[-102.80831,29.52264],[-102.79214,29.53272],[-102.79086,29.54321],[-102.78037,29.54235],[-102.77104,29.5484],[-102.77773,29.56069],[-102.77398,29.57319],[-102.76627,29.57205],[-102.76212,29.57953],[-102.76841,29.59494],[-102.76015,29.59851],[-102.7459,29.59258],[-102.74019,29.59789],[-102.74101,29.63586],[-102.73739,29.6419],[-102.72571,29.64326],[-102.72568,29.6513],[-102.71773,29.65425],[-102.70403,29.67128],[-102.6965,29.67195],[-102.6933,29.67672],[-102.69942,29.68546],[-102.69861,29.69734],[-102.68891,29.70513],[-102.69102,29.722],[-102.68148,29.72826],[-102.67486,29.74405],[-102.66829,29.7459],[-102.66695,29.73899],[-102.65959,29.73547],[-102.63027,29.73403],[-102.62249,29.7363],[-102.6124,29.74821],[-102.59786,29.75133],[-102.58897,29.749],[-102.57939,29.75562],[-102.57403,29.75501],[-102.57506,29.76616],[-102.56956,29.77174],[-102.555,29.75489],[-102.55532,29.74907],[-102.54804,29.7446],[-102.51366,29.76573],[-102.51078,29.77358],[-102.51869,29.77882],[-102.51777,29.78393],[-102.49914,29.78114],[-102.48724,29.78692],[-102.48078,29.77621],[-102.47233,29.77639],[-102.46623,29.78377],[-102.45835,29.77499],[-102.44834,29.77787],[-102.43918,29.7735],[-102.4342,29.77713],[-102.40927,29.7647],[-102.39447,29.76927],[-102.38757,29.7615],[-102.38504,29.77113],[-102.39027,29.78238],[-102.37721,29.79008],[-102.37755,29.80047],[-102.3631,29.8314],[-102.3649,29.84554],[-102.35214,29.8529],[-102.35001,29.8627],[-102.3415,29.86939],[-102.33375,29.86824],[-102.33212,29.86289],[-102.32546,29.86304],[-102.3214,29.87865],[-102.31078,29.87694]]]]}},{"type":"Feature","properties":{"T00_CVEGEO":"06","T00_NOMGEO":"Colima","NAME":"Colima"},"geometry":{"type":"MultiPolygon","coordinates":[[[[-114.73733,18.37206],[-114.72249,18.36596],[-114.6896,18.37113],[-114.68049,18.36131],[-114.69836,18.34516],[-114.70942,18.35045],[-114.72499,18.34293],[-114.7244,18.34716],[-114.72874,18.34914],[-114.73229,18.34228],[-114.74113,18.34401],[-114.75209,18.33886],[-114.75938,18.34574],[-114.75637,18.3653],[-114.73733,18.37206]]],[[[-104.48606,19.10484],[-104.48592,19.10471],[-104.48593,19.10462],[-104.48599,19.10449],[-104.48599,19.10442],[-104.48583,19.10444],[-104.48567,19.10437],[-104.48567,19.10429],[-104.48557,19.10416],[-104.48548,19.10411],[-104.48542,19.10399],[-104.48526,19.1039],[-104.48501,19.1039],[-104.48472,19.10391],[-104.48466,19.10384],[-104.48479,19.1037],[-104.48488,19.1034],[-104.48496,19.10321],[-104.48495,19.1031],[-104.48481,19.10301],[-104.48487,19.10282],[-104.48517,19.10286],[-104.48531,19.1029],[-104.48549,19.10282],[-104.48554,19.10268],[-104.48547,19.10249],[-104.48564,19.10238],[-104.48547,19.10229],[-104.48535,19.1022],[-104.48569,19.1022],[-104.48582,19.10217],[-104.48599,19.10241],[-104.48609,19.10246],[-104.4863,19.10247],[-104.48651,19.10229],[-104.48656,19.10214],[-104.48646,19.10198],[-104.48634,19.10185],[-104.48627,19.10177],[-104.48634,19.10167],[-104.48657,19.10175],[-104.48662,19.10168],[-104.48661,19.1016],[-104.48651,19.10153],[-104.48653,19.10146],[-104.48669,19.10144],[-104.48694,19.10135],[-104.48711,19.10127],[-104.48733,19.1012],[-104.48754,19.10135],[-104.48771,19.10143],[-104.48789,19.10152],[-104.48797,19.10168],[-104.48802,19.10185],[-104.48818,19.10207],[-104.48847,19.10222],[-104.48867,19.10237],[-104.48863,19.10248],[-104.48851,19.10244],[-104.48826,19.10239],[-104.48825,19.10243],[-104.48813,19.10244],[-104.48794,19.10241],[-104.48801,19.10249],[-104.48829,19.10255],[-104.48847,19.10266],[-104.48789,19.10258],[-104.48784,19.10272],[-104.48772,19.10272],[-104.48774,19.1028],[-104.48786,19.10296],[-104.48785,19.10309],[-104.48786,19.10318],[-104.48804,19.10327],[-104.48814,19.10335],[-104.48832,19.10333],[-104.48861,19.10338],[-104.48869,19.10345],[-104.48881,19.10357],[-104.4887,19.10359],[-104.48872,19.10371],[-104.48867,19.10382],[-104.48861,19.10383],[-104.48862,19.10395],[-104.48857,19.10404],[-104.48848,19.10414],[-104.48842,19.10428],[-104.48837,19.10433],[-104.4884,19.10443],[-104.48833,19.1045],[-104.48821,19.10453],[-104.48812,19.10452],[-104.488,19.1045],[-104.48791,19.10449],[-104.48784,19.10458],[-104.48775,19.10468],[-104.48765,19.10472],[-104.48752,19.10471],[-104.48739,19.10463],[-104.48734,19.10471],[-104.48722,19.10478],[-104.48715,19.10472],[-104.48707,19.10475],[-104.48697,19.10475],[-104.48689,19.10482],[-104.48683,19.10475],[-104.48676,19.10477],[-104.48663,19.1048],[-104.48654,19.10483],[-104.48636,19.10486],[-104.48606,19.10484]]],[[[-110.98633,18.86114],[-110.97978,18.8575],[-110.97713,18.86154],[-110.97774,18.85476],[-110.96979,18.85441],[-110.95773,18.83796],[-110.95098,18.83641],[-110.94681,18.84026],[-110.94387,18.83414],[-110.94025,18.83431],[-110.9394,18.82252],[-110.93029,18.81734],[-110.93003,18.81221],[-110.91578,18.79835],[-110.91504,18.78239],[-110.90773,18.77891],[-110.91567,18.77695],[-110.91903,18.76972],[-110.91592,18.75459],[-110.92008,18.73229],[-110.92866,18.72787],[-110.94009,18.73012],[-110.94286,18.72168],[-110.94954,18.72634],[-110.95146,18.71922],[-110.95811,18.72377],[-110.95495,18.73125],[-110.96077,18.73705],[-110.96361,18.73546],[-110.96407,18.74093],[-110.97081,18.74528],[-110.98453,18.7448],[-110.98897,18.75296],[-111.0002,18.75826],[-111.00595,18.75256],[-111.01088,18.75628],[-111.01553,18.75374],[-111.01861,18.7608],[-111.01513,18.76449],[-111.01907,18.76385],[-111.02295,18.76892],[-111.02142,18.77506],[-111.02828,18.77515],[-111.03585,18.78792],[-111.04056,18.78406],[-111.04622,18.78588],[-111.0491,18.77985],[-111.05558,18.78069],[-111.04096,18.79844],[-111.04644,18.80171],[-111.04509,18.80721],[-111.0482,18.80849],[-111.04341,18.81452],[-111.05205,18.8163],[-111.04161,18.81669],[-111.04044,18.81388],[-111.03701,18.82104],[-111.02742,18.81893],[-111.02509,18.82606],[-111.01801,18.82252],[-111.01293,18.82537],[-111.01252,18.83408],[-111.00702,18.84007],[-111.00828,18.84686],[-110.99792,18.8519],[-110.99889,18.85895],[-110.98933,18.86077],[-110.98854,18.86648],[-110.98377,18.86374],[-110.98633,18.86114]]],[[[-112.0643,18.99157],[-112.06446,18.9913],[-112.06502,18.99135],[-112.0651,18.99145],[-112.06528,18.99173],[-112.06552,18.99195],[-112.06582,18.99201],[-112.06612,18.99215],[-112.06623,18.99236],[-112.06635,18.99259],[-112.06635,18.99259],[-112.06637,18.99273],[-112.06637,18.99273],[-112.06641,18.99293],[-112.06641,18.99293],[-112.06641,18.99308],[-112.06635,18.99321],[-112.06623,18.99336],[-112.06599,18.99333],[-112.06564,18.99324],[-112.06558,18.99305],[-112.06546,18.99273],[-112.06529,18.99262],[-112.06514,18.99252],[-112.06492,18.99241],[-112.06479,18.99236],[-112.06471,18.99231],[-112.06458,18.99207],[-112.06432,18.99178],[-112.0643,18.99157],[-112.0643,18.99157]]],[[[-103.61827,19.51252],[-103.60619,19.50055],[-103.61482,19.49404],[-103.6124,19.48563],[-103.61535,19.47499],[-103.60146,19.46268],[-103.58632,19.43952],[-103.57891,19.43548],[-103.57426,19.41156],[-103.56877,19.40624],[-103.5562,19.40697],[-103.52671,19.37276],[-103.5222,19.35782],[-103.50165,19.34489],[-103.49254,19.3465],[-103.48642,19.33789],[-103.48681,19.32741],[-103.49566,19.31975],[-103.48987,19.31068],[-103.49922,19.3085],[-103.50096,19.29975],[-103.50917,19.29515],[-103.50532,19.25327],[-103.5099,19.2433],[-103.50568,19.23615],[-103.50659,19.22749],[-103.51413,19.21798],[-103.50986,19.21366],[-103.51523,19.21135],[-103.51086,19.19966],[-103.49858,19.18695],[-103.49762,19.17464],[-103.50312,19.17017],[-103.50211,19.16248],[-103.50916,19.15596],[-103.51395,19.13834],[-103.511,19.13205],[-103.52361,19.11564],[-103.51738,19.09879],[-103.52647,19.07873],[-103.52222,19.07666],[-103.52257,19.06621],[-103.50936,19.05755],[-103.50658,19.04942],[-103.50133,19.04872],[-103.49694,19.03517],[-103.4885,19.02758],[-103.49877,19.01167],[-103.49082,18.99582],[-103.48984,18.98077],[-103.49567,18.97204],[-103.48844,18.9639],[-103.49305,18.95795],[-103.50859,18.96367],[-103.50291,18.95779],[-103.50636,18.94822],[-103.52253,18.94791],[-103.51441,18.93439],[-103.52354,18.9272],[-103.53405,18.92629],[-103.52841,18.91231],[-103.53134,18.90626],[-103.54148,18.90966],[-103.55807,18.90658],[-103.55962,18.89595],[-103.56884,18.89252],[-103.57324,18.87133],[-103.58234,18.87562],[-103.58437,18.86615],[-103.58757,18.86584],[-103.5882,18.87575],[-103.59628,18.88394],[-103.60252,18.8816],[-103.61555,18.89242],[-103.62027,18.89304],[-103.63027,18.88532],[-103.64056,18.86724],[-103.61718,18.84285],[-103.62619,18.83097],[-103.62068,18.82035],[-103.62002,18.80138],[-103.63797,18.7832],[-103.6537,18.77654],[-103.66183,18.77895],[-103.67901,18.77321],[-103.68543,18.75729],[-103.70029,18.75435],[-103.70364,18.73896],[-103.71892,18.71043],[-103.73797,18.69407],[-103.73776,18.68415],[-103.75263,18.70306],[-103.80341,18.74891],[-103.87659,18.79923],[-103.9475,18.84209],[-103.98318,18.87258],[-104.1608,18.96268],[-104.29992,19.01412],[-104.32707,19.01988],[-104.33206,19.01762],[-104.33646,19.02242],[-104.33617,19.0294],[-104.33099,19.03629],[-104.33007,19.05116],[-104.31466,19.06117],[-104.31775,19.05468],[-104.30572,19.05689],[-104.30383,19.07152],[-104.31427,19.08974],[-104.33383,19.10224],[-104.3452,19.10341],[-104.34401,19.09843],[-104.35415,19.09103],[-104.35604,19.09719],[-104.34956,19.1033],[-104.35459,19.10532],[-104.35048,19.11003],[-104.3554,19.11538],[-104.37537,19.11966],[-104.39393,19.11461],[-104.39879,19.10648],[-104.38979,19.09601],[-104.39544,19.08512],[-104.40414,19.10077],[-104.40745,19.10092],[-104.40548,19.10315],[-104.41123,19.10654],[-104.42317,19.10067],[-104.42776,19.09213],[-104.43846,19.09857],[-104.43641,19.08604],[-104.44171,19.08325],[-104.44482,19.09111],[-104.44824,19.09105],[-104.44457,19.09253],[-104.44925,19.09436],[-104.45146,19.10848],[-104.46751,19.11026],[-104.48937,19.12455],[-104.604,19.15086],[-104.66453,19.17173],[-104.69058,19.17697],[-104.68799,19.18488],[-104.68093,19.18377],[-104.6836,19.18996],[-104.67997,19.19317],[-104.67514,19.18549],[-104.65366,19.18261],[-104.62933,19.1729],[-104.61881,19.18085],[-104.61529,19.1741],[-104.61895,19.16766],[-104.61146,19.161],[-104.61282,19.15548],[-104.58983,19.15009],[-104.58577,19.16181],[-104.59613,19.16405],[-104.60028,19.17905],[-104.59002,19.18653],[-104.58398,19.17799],[-104.57693,19.1802],[-104.57476,19.19303],[-104.56724,19.20126],[-104.5691,19.21869],[-104.56025,19.2197],[-104.56028,19.22818],[-104.55451,19.23709],[-104.53028,19.25979],[-104.52331,19.26037],[-104.50838,19.24422],[-104.50142,19.25259],[-104.49453,19.25394],[-104.48844,19.24723],[-104.48895,19.22994],[-104.48384,19.23054],[-104.47725,19.2387],[-104.47166,19.22883],[-104.46301,19.23296],[-104.467,19.2451],[-104.45569,19.24804],[-104.4598,19.25445],[-104.45752,19.25942],[-104.4384,19.26287],[-104.43574,19.27015],[-104.43925,19.27798],[-104.41744,19.28027],[-104.40094,19.28907],[-104.39742,19.28582],[-104.40244,19.2784],[-104.40131,19.26681],[-104.39555,19.27129],[-104.38432,19.27204],[-104.37426,19.28188],[-104.36331,19.27533],[-104.36186,19.26908],[-104.34387,19.28954],[-104.31479,19.27935],[-104.31062,19.2895],[-104.30009,19.29602],[-104.29758,19.30267],[-104.28363,19.297],[-104.28145,19.30281],[-104.26979,19.30192],[-104.26117,19.3118],[-104.24626,19.31195],[-104.21842,19.29901],[-104.21416,19.30237],[-104.20691,19.30001],[-104.20434,19.3036],[-104.19166,19.29221],[-104.19001,19.30203],[-104.17962,19.3088],[-104.17979,19.31256],[-104.16979,19.31296],[-104.1688,19.30767],[-104.16375,19.30823],[-104.16164,19.30272],[-104.15292,19.31515],[-104.14478,19.31124],[-104.14015,19.31616],[-104.13603,19.31293],[-104.1322,19.32088],[-104.12984,19.31781],[-104.12298,19.31904],[-104.12549,19.32425],[-104.12158,19.32749],[-104.13334,19.35374],[-104.12025,19.36009],[-104.11879,19.37166],[-104.10959,19.38119],[-104.09022,19.39302],[-104.08383,19.4156],[-104.07087,19.43523],[-104.07993,19.43178],[-104.08663,19.44203],[-104.07673,19.48021],[-104.06897,19.48429],[-104.06172,19.4977],[-104.05175,19.4976],[-104.03913,19.48466],[-104.00004,19.46883],[-103.98709,19.47429],[-103.974,19.47455],[-103.96479,19.45416],[-103.89951,19.43454],[-103.89795,19.4386],[-103.90876,19.45363],[-103.88932,19.46359],[-103.87941,19.44449],[-103.86375,19.44738],[-103.85644,19.43133],[-103.83524,19.4397],[-103.82413,19.43779],[-103.82796,19.43266],[-103.81924,19.40874],[-103.79272,19.42751],[-103.77437,19.43055],[-103.75065,19.44566],[-103.7353,19.44342],[-103.71825,19.45349],[-103.71578,19.46701],[-103.70826,19.46985],[-103.69004,19.49244],[-103.66487,19.50263],[-103.65153,19.50099],[-103.61827,19.51252]]],[[[-110.80101,19.33487],[-110.7945,19.33345],[-110.79139,19.32454],[-110.80055,19.31169],[-110.79627,19.3027],[-110.80145,19.29862],[-110.80851,19.30123],[-110.81265,19.29823],[-110.81884,19.30651],[-110.81568,19.31438],[-110.80319,19.3201],[-110.80567,19.3252],[-110.80052,19.32626],[-110.80101,19.33487]]]]}},{"type":"Feature","properties":{"T00_CVEGEO":"07","T00_NOMGEO":"Chiapas","NAME":"Chiapas"},"geometry":{"type":"MultiPolygon","coordinates":[[[[-91.97363,17.91143],[-91.94498,17.91026],[-91.93959,17.90629],[-91.93943,17.90111],[-91.95683,17.87993],[-91.95611,17.86902],[-91.94423,17.86291],[-91.92806,17.87082],[-91.9239,17.88238],[-91.92549,17.89193],[-91.91812,17.89952],[-91.90296,17.89603],[-91.89416,17.8875],[-91.87068,17.89078],[-91.84968,17.88286],[-91.8354,17.88659],[-91.81618,17.90014],[-91.8109,17.8994],[-91.80436,17.86886],[-91.77968,17.8513],[-91.79038,17.83541],[-91.79237,17.82451],[-91.78225,17.78248],[-91.79115,17.75654],[-91.79016,17.74602],[-91.79836,17.74418],[-91.81032,17.75132],[-91.83066,17.73767],[-91.81843,17.72743],[-91.78651,17.71902],[-91.78053,17.70782],[-91.77595,17.70916],[-91.7766,17.71543],[-91.76785,17.70311],[-91.75391,17.70534],[-91.74824,17.70017],[-91.7388,17.71081],[-91.74138,17.70577],[-91.73329,17.69658],[-91.72476,17.69206],[-91.71921,17.69327],[-91.71754,17.69841],[-91.71847,17.69477],[-91.71464,17.69501],[-91.71707,17.68774],[-91.70823,17.68813],[-91.70403,17.69222],[-91.70095,17.67894],[-91.69371,17.685],[-91.68137,17.67013],[-91.67299,17.68347],[-91.66582,17.68352],[-91.65854,17.67481],[-91.65474,17.67615],[-91.659,17.66593],[-91.66433,17.66666],[-91.66039,17.66552],[-91.6636,17.66215],[-91.65865,17.65645],[-91.65976,17.64919],[-91.65405,17.64523],[-91.65878,17.63971],[-91.65594,17.64193],[-91.65281,17.63857],[-91.65444,17.63396],[-91.65808,17.63454],[-91.6549,17.63055],[-91.65989,17.63044],[-91.65703,17.62543],[-91.64456,17.62192],[-91.64674,17.6179],[-91.65219,17.61976],[-91.65679,17.6122],[-91.66356,17.61216],[-91.65285,17.60321],[-91.65308,17.59866],[-91.64461,17.5957],[-91.64714,17.59019],[-91.63882,17.58147],[-91.64103,17.55801],[-91.63476,17.5505],[-91.63791,17.54709],[-91.63569,17.5427],[-91.63918,17.54159],[-91.63428,17.53462],[-91.64249,17.52901],[-91.64182,17.51892],[-91.64907,17.51777],[-91.64659,17.50914],[-91.65244,17.5004],[-91.65007,17.49568],[-91.65447,17.49669],[-91.65221,17.49219],[-91.66102,17.48737],[-91.66281,17.47981],[-91.66685,17.48212],[-91.6702,17.4764],[-91.67263,17.47814],[-91.67145,17.47365],[-91.67511,17.47154],[-91.67678,17.47588],[-91.6819,17.46945],[-91.69024,17.47499],[-91.69209,17.46702],[-91.69979,17.46711],[-91.6652,17.46166],[-91.67204,17.44406],[-91.64332,17.43099],[-91.63733,17.42995],[-91.63488,17.43649],[-91.6202,17.4317],[-91.61748,17.42624],[-91.60894,17.4255],[-91.60689,17.41689],[-91.57968,17.40734],[-91.55879,17.40053],[-91.55785,17.42224],[-91.53724,17.41973],[-91.53684,17.40736],[-91.50993,17.3922],[-91.505,17.39948],[-91.45649,17.37572],[-91.43929,17.38428],[-91.41983,17.37407],[-91.41437,17.35918],[-91.41677,17.34562],[-91.39699,17.33794],[-91.38351,17.31283],[-91.38954,17.29951],[-91.41259,17.30755],[-91.42552,17.30184],[-91.42749,17.27658],[-91.43975,17.25],[-91.42742,17.21659],[-91.41122,17.20619],[-91.37552,17.20455],[-91.35474,17.19077],[-91.34695,17.1768],[-91.3503,17.1637],[-91.34648,17.15902],[-91.33556,17.16124],[-91.33123,17.17679],[-91.32444,17.18274],[-91.27908,17.17963],[-91.26644,17.17013],[-91.26344,17.15826],[-91.27306,17.13773],[-91.26694,17.10788],[-91.25629,17.10104],[-91.23445,17.10059],[-91.22695,17.09506],[-91.2103,17.05308],[-91.17525,17.0157],[-91.1544,17.00487],[-91.13671,17.0069],[-91.12275,17.00338],[-91.12004,16.97753],[-91.1044,16.9702],[-91.0932,16.95182],[-91.07981,16.94351],[-91.06447,16.92513],[-91.07404,16.91363],[-91.06562,16.90286],[-91.00711,16.88618],[-90.99387,16.87706],[-90.98783,16.86308],[-90.98228,16.86577],[-90.9805,16.87268],[-90.98506,16.89795],[-90.97607,16.9029],[-90.965,16.9015],[-90.9573,16.89658],[-90.9545,16.88447],[-90.95769,16.87862],[-90.97213,16.87096],[-90.97405,16.86362],[-90.96792,16.86037],[-90.95004,16.8654],[-90.93363,16.85932],[-90.93388,16.84232],[-90.92176,16.82193],[-90.87771,16.82378],[-90.8613,16.81165],[-90.85564,16.79876],[-90.84878,16.79653],[-90.80409,16.79871],[-90.8028,16.77623],[-90.76243,16.76275],[-90.75684,16.75106],[-90.71525,16.72789],[-90.70776,16.71809],[-90.70951,16.70475],[-90.68169,16.68857],[-90.67594,16.66056],[-90.65759,16.63946],[-90.66198,16.62796],[-90.65335,16.5945],[-90.66697,16.58918],[-90.66684,16.5818],[-90.65755,16.57718],[-90.64463,16.57907],[-90.64049,16.59581],[-90.6256,16.5777],[-90.64707,16.56052],[-90.64856,16.54476],[-90.6426,16.53435],[-90.6454,16.51864],[-90.63559,16.51352],[-90.61658,16.52179],[-90.60562,16.50364],[-90.60921,16.49419],[-90.61859,16.48864],[-90.63344,16.48911],[-90.63249,16.48008],[-90.62042,16.47718],[-90.61344,16.48845],[-90.59519,16.49077],[-90.59245,16.48876],[-90.59366,16.47534],[-90.58844,16.46968],[-90.54701,16.48235],[-90.54291,16.47985],[-90.54693,16.46805],[-90.5278,16.45771],[-90.5238,16.46719],[-90.51421,16.46989],[-90.5006,16.46691],[-90.4958,16.45349],[-90.48035,16.46126],[-90.47723,16.45791],[-90.47788,16.44368],[-90.48651,16.43092],[-90.48608,16.42391],[-90.47181,16.42503],[-90.45877,16.42102],[-90.42072,16.42489],[-90.40771,16.40403],[-90.3984,16.41576],[-90.39426,16.41593],[-90.38729,16.412],[-90.3878,16.40614],[-90.40134,16.39863],[-90.40112,16.39143],[-90.38645,16.37794],[-90.37292,16.37435],[-90.37032,16.36593],[-90.37455,16.35962],[-90.37972,16.36003],[-90.38892,16.37275],[-90.39581,16.37451],[-90.40976,16.36301],[-90.40931,16.3459],[-90.40621,16.34773],[-90.40752,16.3589],[-90.40303,16.36105],[-90.39924,16.34939],[-90.38332,16.34521],[-90.38164,16.33845],[-90.38686,16.33425],[-90.39753,16.3396],[-90.41001,16.32918],[-90.40865,16.31234],[-90.41164,16.30723],[-90.43856,16.30209],[-90.43885,16.29802],[-90.43179,16.29222],[-90.43999,16.28715],[-90.44048,16.27979],[-90.42722,16.26959],[-90.42242,16.25918],[-90.42826,16.25389],[-90.44547,16.26152],[-90.45471,16.24865],[-90.45055,16.24054],[-90.44004,16.24757],[-90.43808,16.24008],[-90.42782,16.23319],[-90.45119,16.22489],[-90.45667,16.2095],[-90.45197,16.18504],[-90.43146,16.17765],[-90.4245,16.16318],[-90.45024,16.14995],[-90.44851,16.1438],[-90.42788,16.13712],[-90.42976,16.11777],[-90.45144,16.1245],[-90.45661,16.11215],[-90.45366,16.09226],[-90.44636,16.09335],[-90.43377,16.10514],[-90.42503,16.10366],[-90.4256,16.09624],[-90.43516,16.09599],[-90.44515,16.08302],[-90.44084,16.07419],[-91.73138,16.07402],[-92.21007,15.26121],[-92.05919,15.07033],[-92.07315,15.06151],[-92.06835,15.05536],[-92.07019,15.04678],[-92.07792,15.04588],[-92.07865,15.0323],[-92.08566,15.02073],[-92.0973,15.01508],[-92.09879,15.00961],[-92.12698,15.01523],[-92.13923,15.00251],[-92.13943,14.99457],[-92.15076,14.98692],[-92.14477,14.97495],[-92.14856,14.95292],[-92.14119,14.9226],[-92.14469,14.9095],[-92.13621,14.89165],[-92.14656,14.8702],[-92.17174,14.86019],[-92.18178,14.84687],[-92.18483,14.82826],[-92.17707,14.81578],[-92.17727,14.80097],[-92.16072,14.77349],[-92.16185,14.76202],[-92.17175,14.75674],[-92.16992,14.74375],[-92.15783,14.73637],[-92.14749,14.71903],[-92.14894,14.7054],[-92.14299,14.69116],[-92.14705,14.67944],[-92.14573,14.66344],[-92.15013,14.65591],[-92.16043,14.65072],[-92.15909,14.64192],[-92.16826,14.64058],[-92.17705,14.62622],[-92.18121,14.61446],[-92.17444,14.61162],[-92.18248,14.57833],[-92.19825,14.56429],[-92.21526,14.5569],[-92.21654,14.54315],[-92.22675,14.5321],[-92.36762,14.66213],[-92.41062,14.69494],[-92.40898,14.70302],[-92.43008,14.72148],[-92.43257,14.72842],[-92.51589,14.80503],[-92.85347,15.15235],[-92.85397,15.15878],[-92.86023,15.16106],[-92.95438,15.25674],[-93.19153,15.4708],[-93.33234,15.59112],[-93.55127,15.76208],[-93.74897,15.89651],[-93.84076,15.94868],[-93.89075,15.97262],[-93.92164,15.98413],[-93.94123,15.983],[-93.95284,15.98989],[-93.95714,15.9846],[-94.036,16.02209],[-94.10276,16.14251],[-94.10956,16.1791],[-94.04846,16.21617],[-94.03519,16.23955],[-94.03513,16.24828],[-94.04353,16.25568],[-94.03295,16.27594],[-94.05066,16.32971],[-94.13915,16.46178],[-93.86742,17.13696],[-93.87012,17.14665],[-93.86231,17.15154],[-93.86091,17.16374],[-93.83904,17.17294],[-93.82713,17.1725],[-93.82662,17.19049],[-93.82011,17.19532],[-93.80376,17.22487],[-93.80594,17.23022],[-93.7983,17.24192],[-93.7886,17.23232],[-93.77244,17.24582],[-93.76297,17.23934],[-93.73679,17.24751],[-93.69566,17.24723],[-93.68987,17.2553],[-93.66269,17.25627],[-93.66441,17.28619],[-93.63813,17.29095],[-93.60793,17.31493],[-93.52435,17.43288],[-93.5138,17.4428],[-93.50713,17.46649],[-93.50983,17.47399],[-93.50604,17.47749],[-93.51487,17.49032],[-93.50501,17.49542],[-93.50755,17.5014],[-93.50252,17.49952],[-93.4988,17.52225],[-93.49561,17.52273],[-93.48414,17.54987],[-93.47297,17.55349],[-93.45864,17.54561],[-93.4517,17.54648],[-93.44594,17.58598],[-93.42048,17.59005],[-93.40959,17.6193],[-93.38496,17.63417],[-93.38478,17.64438],[-93.35627,17.64803],[-93.3605,17.66489],[-93.35378,17.68107],[-93.35672,17.68715],[-93.35322,17.69675],[-93.3543,17.71288],[-93.36397,17.72349],[-93.36255,17.72869],[-93.36809,17.7276],[-93.3695,17.733],[-93.37394,17.73299],[-93.36984,17.73738],[-93.38156,17.74854],[-93.39054,17.7734],[-93.38656,17.77756],[-93.37541,17.7668],[-93.35281,17.76373],[-93.34913,17.76708],[-93.34311,17.78751],[-93.3585,17.78839],[-93.36441,17.77908],[-93.38094,17.78316],[-93.3764,17.79585],[-93.37048,17.79403],[-93.3666,17.80292],[-93.35209,17.79542],[-93.34058,17.79812],[-93.3493,17.81543],[-93.33949,17.83567],[-93.34095,17.84323],[-93.33527,17.84621],[-93.33429,17.8517],[-93.34971,17.86796],[-93.35058,17.87606],[-93.34126,17.90314],[-93.33602,17.90498],[-93.34089,17.93033],[-93.33666,17.9366],[-93.32583,17.92791],[-93.298,17.93858],[-93.29535,17.94179],[-93.29837,17.94786],[-93.283,17.9675],[-93.27832,17.98529],[-93.25671,17.96304],[-93.2453,17.96009],[-93.24091,17.95009],[-93.22997,17.94904],[-93.20735,17.96064],[-93.192,17.95613],[-93.18314,17.94031],[-93.14507,17.93235],[-93.14598,17.91992],[-93.13693,17.91836],[-93.12912,17.90785],[-93.10497,17.90742],[-93.09137,17.89756],[-93.09195,17.88657],[-93.12362,17.87445],[-93.13179,17.85231],[-93.11563,17.82221],[-93.10164,17.84583],[-93.09408,17.84117],[-93.04312,17.84257],[-93.02543,17.82542],[-93.02725,17.82032],[-93.01641,17.80813],[-93.01954,17.80312],[-93.01224,17.79849],[-93.01201,17.79367],[-93.0187,17.79071],[-93.01591,17.78534],[-93.02779,17.77164],[-93.03722,17.76899],[-93.03658,17.76635],[-93.04263,17.76841],[-93.04776,17.75835],[-93.04686,17.74843],[-93.05427,17.7424],[-93.05772,17.72049],[-93.05347,17.71878],[-93.05384,17.71141],[-93.04436,17.71339],[-93.04314,17.70437],[-93.03885,17.70682],[-93.03711,17.70338],[-93.0408,17.69356],[-93.03714,17.69367],[-93.03792,17.68836],[-93.03911,17.69196],[-93.04202,17.68638],[-93.0379,17.68065],[-93.04181,17.68068],[-93.0404,17.67468],[-93.04442,17.6734],[-93.04042,17.66849],[-93.04504,17.66731],[-93.04545,17.6591],[-93.04414,17.62004],[-93.04052,17.60983],[-93.02952,17.59775],[-93.01496,17.59147],[-93.01065,17.58049],[-93.00448,17.57959],[-93.00556,17.55525],[-92.98833,17.55],[-92.98836,17.54135],[-92.98048,17.53756],[-92.98218,17.53344],[-92.99264,17.53001],[-92.98299,17.51891],[-92.98487,17.51131],[-92.97865,17.51259],[-92.97506,17.51864],[-92.96804,17.51797],[-92.95806,17.49197],[-92.94811,17.48274],[-92.94465,17.48331],[-92.93919,17.50244],[-92.92046,17.50268],[-92.91293,17.49821],[-92.90729,17.5052],[-92.89806,17.503],[-92.88735,17.51046],[-92.8598,17.50028],[-92.85568,17.47896],[-92.84987,17.46898],[-92.83609,17.47487],[-92.83584,17.48052],[-92.83155,17.48085],[-92.81962,17.43274],[-92.82582,17.42378],[-92.85618,17.41887],[-92.85426,17.4112],[-92.82921,17.3963],[-92.82939,17.4086],[-92.80627,17.41056],[-92.78579,17.41752],[-92.79079,17.40498],[-92.7683,17.3855],[-92.77066,17.36039],[-92.75873,17.3582],[-92.75417,17.3433],[-92.7295,17.34813],[-92.67876,17.37849],[-92.67623,17.41162],[-92.6679,17.42595],[-92.66818,17.45669],[-92.6594,17.44428],[-92.64886,17.4607],[-92.62433,17.46586],[-92.60582,17.47737],[-92.59406,17.49295],[-92.5999,17.5008],[-92.59234,17.50961],[-92.59698,17.52036],[-92.5714,17.54961],[-92.55994,17.54479],[-92.55802,17.54022],[-92.53007,17.55],[-92.51998,17.57305],[-92.49719,17.57225],[-92.46761,17.57712],[-92.43677,17.57009],[-92.40821,17.58062],[-92.40207,17.57804],[-92.40085,17.58603],[-92.35067,17.61793],[-92.35813,17.64196],[-92.35494,17.65405],[-92.34915,17.65473],[-92.34989,17.70278],[-92.34012,17.70376],[-92.33734,17.71209],[-92.32955,17.71071],[-92.32808,17.71373],[-92.31527,17.70967],[-92.31331,17.70451],[-92.30867,17.70628],[-92.2948,17.69993],[-92.28868,17.70266],[-92.27462,17.69226],[-92.22605,17.74878],[-92.19449,17.77664],[-92.18848,17.76813],[-92.17194,17.78657],[-92.15245,17.77906],[-92.1517,17.76457],[-92.13082,17.76608],[-92.13597,17.77901],[-92.12713,17.7859],[-92.14658,17.81467],[-92.12048,17.79597],[-92.10553,17.81294],[-92.1046,17.82762],[-92.09939,17.83463],[-92.10646,17.83812],[-92.10203,17.85088],[-92.09049,17.85073],[-92.09046,17.8566],[-92.0563,17.84675],[-92.0494,17.85477],[-92.05245,17.86724],[-92.06054,17.87187],[-92.0673,17.87035],[-92.07179,17.87767],[-92.02969,17.88914],[-92.0197,17.88782],[-92.01924,17.89547],[-92.01554,17.8975],[-92.00335,17.89052],[-91.99128,17.91961],[-91.99988,17.94334],[-91.99048,17.93602],[-91.98399,17.91852],[-91.97363,17.91143]]]]}},{"type":"Feature","properties":{"T00_CVEGEO":"08","T00_NOMGEO":"Chihuahua","NAME":"Chihuahua"},"geometry":{"type":"MultiPolygon","coordinates":[[[[-107.65313,31.78368],[-106.52851,31.78381],[-106.51266,31.76941],[-106.50998,31.76148],[-106.48754,31.74771],[-106.47319,31.75047],[-106.4663,31.75988],[-106.45204,31.76462],[-106.4364,31.75564],[-106.41679,31.75155],[-106.38126,31.73233],[-106.37206,31.71259],[-106.3494,31.69639],[-106.33396,31.66282],[-106.30316,31.62231],[-106.3025,31.61081],[-106.28851,31.58722],[-106.2804,31.56229],[-106.24718,31.5428],[-106.23633,31.51318],[-106.22383,31.50011],[-106.21959,31.48154],[-106.20812,31.46758],[-106.17457,31.45524],[-106.15855,31.43849],[-106.13241,31.42518],[-106.10831,31.42262],[-106.08019,31.3986],[-106.00477,31.39265],[-105.97144,31.3666],[-105.9535,31.36409],[-105.94527,31.35209],[-105.94785,31.3405],[-105.93782,31.31823],[-105.93171,31.31281],[-105.90773,31.31236],[-105.89328,31.29038],[-105.87032,31.28971],[-105.79488,31.20307],[-105.78327,31.19815],[-105.77257,31.1662],[-105.74189,31.1647],[-105.72034,31.14975],[-105.71704,31.1412],[-105.70931,31.13628],[-105.64827,31.11539],[-105.64232,31.09849],[-105.62703,31.0982],[-105.60413,31.08326],[-105.59563,31.06466],[-105.58501,31.05589],[-105.57893,31.02124],[-105.56966,31.017],[-105.57039,31.00869],[-105.55758,30.99004],[-105.53295,30.98463],[-105.52214,30.97619],[-105.51632,30.96546],[-105.50284,30.968],[-105.49457,30.95756],[-105.49929,30.95078],[-105.48987,30.94567],[-105.49152,30.9423],[-105.47109,30.93368],[-105.46718,30.92479],[-105.45185,30.9244],[-105.45317,30.91615],[-105.44713,30.91936],[-105.44156,30.9084],[-105.4162,30.90028],[-105.41236,30.88887],[-105.40411,30.89214],[-105.40009,30.88938],[-105.39943,30.88434],[-105.40446,30.88015],[-105.39165,30.87423],[-105.3952,30.8714],[-105.39499,30.85879],[-105.40118,30.85318],[-105.39623,30.85049],[-105.38768,30.85367],[-105.36901,30.84738],[-105.36185,30.8506],[-105.35193,30.83557],[-105.34583,30.84054],[-105.33909,30.84025],[-105.33709,30.83364],[-105.32816,30.83106],[-105.32957,30.8255],[-105.31862,30.8283],[-105.3165,30.81087],[-105.30975,30.81693],[-105.30615,30.80975],[-105.30097,30.82395],[-105.29115,30.82582],[-105.28906,30.81909],[-105.27994,30.81615],[-105.2758,30.80712],[-105.2674,30.80857],[-105.25636,30.79442],[-105.23756,30.80351],[-105.22957,30.80368],[-105.22739,30.79926],[-105.21554,30.80589],[-105.2107,30.79862],[-105.22004,30.78864],[-105.21681,30.78354],[-105.20855,30.78267],[-105.19555,30.79225],[-105.186,30.78449],[-105.18497,30.77726],[-105.17554,30.76757],[-105.16591,30.77953],[-105.16357,30.77117],[-105.15623,30.76944],[-105.16168,30.75241],[-105.14279,30.75462],[-105.12673,30.7476],[-105.11858,30.74959],[-105.12083,30.74417],[-105.11113,30.74332],[-105.11202,30.73341],[-105.10342,30.72882],[-105.1056,30.72366],[-105.08057,30.70792],[-105.08257,30.70138],[-105.06889,30.70348],[-105.06268,30.69817],[-105.06193,30.68582],[-105.05724,30.68774],[-105.05461,30.68205],[-105.04689,30.67986],[-105.04711,30.68816],[-105.03954,30.68852],[-105.02724,30.67885],[-105.01858,30.68468],[-105.0136,30.68221],[-105.00689,30.68577],[-105.0014,30.67261],[-104.98538,30.66176],[-104.98417,30.63516],[-104.97167,30.61],[-104.9589,30.61029],[-104.94421,30.60292],[-104.93569,30.60611],[-104.9305,30.59845],[-104.92697,30.60455],[-104.92235,30.60353],[-104.91853,30.59664],[-104.91981,30.58688],[-104.90976,30.58493],[-104.89915,30.57051],[-104.89515,30.5601],[-104.89773,30.5541],[-104.88764,30.54662],[-104.88918,30.53497],[-104.88028,30.52984],[-104.88138,30.5235],[-104.88579,30.52425],[-104.88138,30.52014],[-104.88567,30.51807],[-104.87913,30.51744],[-104.87659,30.51065],[-104.87329,30.51359],[-104.87389,30.4954],[-104.86648,30.49403],[-104.87184,30.48003],[-104.86593,30.4678],[-104.8698,30.45773],[-104.86446,30.44991],[-104.86823,30.44202],[-104.85828,30.43735],[-104.86147,30.42644],[-104.85218,30.41894],[-104.84783,30.42068],[-104.84795,30.41391],[-104.8574,30.40828],[-104.85428,30.4004],[-104.85915,30.3904],[-104.83727,30.37387],[-104.81656,30.37511],[-104.81936,30.36796],[-104.81152,30.36668],[-104.81109,30.36165],[-104.81472,30.35318],[-104.82212,30.34993],[-104.80997,30.34109],[-104.81127,30.33265],[-104.79756,30.3305],[-104.7918,30.32583],[-104.78804,30.3175],[-104.77706,30.31027],[-104.77903,30.30331],[-104.76532,30.30611],[-104.75808,30.28268],[-104.76318,30.27458],[-104.75775,30.27141],[-104.75755,30.27418],[-104.75101,30.27155],[-104.74808,30.27419],[-104.75023,30.26169],[-104.73697,30.25594],[-104.73714,30.26148],[-104.73332,30.26112],[-104.70619,30.23413],[-104.71102,30.22319],[-104.70259,30.21286],[-104.70475,30.20785],[-104.70015,30.20452],[-104.68625,30.17291],[-104.68937,30.15458],[-104.68667,30.15207],[-104.68988,30.14922],[-104.68536,30.14427],[-104.69644,30.13467],[-104.69535,30.11834],[-104.69051,30.11759],[-104.69142,30.11131],[-104.68553,30.10896],[-104.68725,30.10567],[-104.69107,30.10861],[-104.69431,30.10167],[-104.689,30.09524],[-104.68498,30.09926],[-104.68994,30.08861],[-104.68508,30.08539],[-104.69069,30.07759],[-104.6868,30.07655],[-104.68828,30.07362],[-104.69342,30.07357],[-104.69085,30.07049],[-104.70371,30.0643],[-104.70658,30.05057],[-104.69509,30.03782],[-104.70076,30.03574],[-104.70329,30.02265],[-104.68983,30.01495],[-104.69404,30.00277],[-104.68988,30.00287],[-104.68718,29.99613],[-104.69492,29.99255],[-104.6856,29.99025],[-104.69348,29.97583],[-104.68849,29.97377],[-104.68102,29.97759],[-104.68555,29.97104],[-104.68204,29.96929],[-104.685,29.9566],[-104.67347,29.95601],[-104.68043,29.94683],[-104.67813,29.93922],[-104.68191,29.94015],[-104.67923,29.93241],[-104.68294,29.92917],[-104.67868,29.92655],[-104.67694,29.91307],[-104.66562,29.90941],[-104.66552,29.90161],[-104.65565,29.90599],[-104.65802,29.89046],[-104.6507,29.89134],[-104.64579,29.87829],[-104.63293,29.87],[-104.62993,29.85355],[-104.62163,29.84956],[-104.62371,29.84243],[-104.61565,29.84643],[-104.60939,29.83943],[-104.62035,29.83096],[-104.60857,29.82782],[-104.60998,29.81896],[-104.60095,29.81585],[-104.59381,29.80506],[-104.59114,29.80945],[-104.586,29.80203],[-104.58979,29.79606],[-104.58126,29.79459],[-104.57872,29.78258],[-104.56534,29.77013],[-104.56833,29.76628],[-104.56393,29.76151],[-104.5697,29.75246],[-104.54971,29.7414],[-104.56043,29.73607],[-104.54949,29.73103],[-104.55236,29.71733],[-104.54496,29.71653],[-104.54572,29.69912],[-104.53083,29.69049],[-104.54415,29.6807],[-104.53564,29.67348],[-104.53617,29.66725],[-104.53091,29.67076],[-104.52616,29.66797],[-104.52498,29.65957],[-104.51659,29.6524],[-104.51721,29.64736],[-104.50998,29.64448],[-104.51585,29.641],[-104.50833,29.63265],[-104.50617,29.63773],[-104.49807,29.6396],[-104.49478,29.63405],[-104.48743,29.6338],[-104.48585,29.62869],[-104.47634,29.62832],[-104.47399,29.61864],[-104.46557,29.61831],[-104.46665,29.60969],[-104.45634,29.60846],[-104.39897,29.573],[-104.39321,29.5535],[-104.3842,29.55386],[-104.38491,29.54299],[-104.37334,29.54414],[-104.36021,29.53586],[-104.35614,29.54119],[-104.35235,29.53676],[-104.35313,29.52866],[-104.3398,29.52722],[-104.33537,29.51979],[-104.32177,29.52227],[-104.31854,29.53174],[-104.3134,29.53175],[-104.31108,29.52363],[-104.29512,29.52387],[-104.29205,29.51976],[-104.26364,29.51415],[-104.2603,29.50666],[-104.23681,29.49714],[-104.23074,29.47911],[-104.21287,29.48508],[-104.20881,29.48067],[-104.2175,29.45611],[-104.1955,29.4414],[-104.1934,29.43526],[-104.1822,29.42721],[-104.18035,29.41284],[-104.16778,29.40287],[-104.16792,29.39551],[-104.16229,29.39165],[-104.15337,29.39326],[-104.15054,29.38695],[-104.1445,29.38776],[-104.14298,29.38057],[-104.13611,29.38481],[-104.1294,29.37985],[-104.12421,29.38119],[-104.1195,29.37072],[-104.1078,29.37357],[-104.09847,29.36622],[-104.09814,29.36157],[-104.09107,29.35963],[-104.09126,29.35346],[-104.08307,29.34658],[-104.07291,29.34619],[-104.05593,29.33688],[-104.05443,29.32997],[-104.03788,29.3199],[-103.97619,29.29672],[-103.96802,29.29988],[-103.93831,29.29298],[-103.92573,29.29432],[-103.9186,29.29031],[-103.91798,29.28494],[-103.89953,29.28773],[-103.88947,29.27941],[-103.87939,29.28551],[-103.86953,29.28069],[-103.84439,29.28],[-103.82671,29.26977],[-103.81403,29.27451],[-103.80837,29.2716],[-103.80636,29.26145],[-103.80077,29.2593],[-103.78332,29.26551],[-103.77554,29.24956],[-103.78147,29.24052],[-103.7818,29.22814],[-103.77729,29.22193],[-103.76956,29.22126],[-103.76812,29.22758],[-103.76037,29.23345],[-103.75426,29.22773],[-103.75587,29.22004],[-103.74264,29.22229],[-103.73976,29.2054],[-103.71827,29.18114],[-103.7133,29.18507],[-103.70365,29.18487],[-103.69832,29.1776],[-103.65922,29.17059],[-103.65014,29.15669],[-103.6122,29.16529],[-103.5935,29.1503],[-103.58501,29.14966],[-103.55406,29.15851],[-103.5502,29.14385],[-103.53916,29.14475],[-103.52476,29.13727],[-103.52484,29.12133],[-103.50181,29.1179],[-103.5047,29.10792],[-103.49434,29.10847],[-103.48584,29.09567],[-103.4707,29.08512],[-103.47404,29.07084],[-103.47168,29.06679],[-103.46358,29.06591],[-103.46079,29.07243],[-103.45,29.07266],[-103.4459,29.0612],[-103.43441,29.05732],[-103.43,29.04872],[-103.43281,29.04363],[-103.41858,29.04304],[-103.41446,29.03804],[-103.40499,29.0395],[-103.40164,29.03128],[-103.39092,29.03464],[-103.38632,29.02209],[-103.37687,29.0239],[-103.3596,29.01878],[-103.35114,29.02805],[-103.34507,29.0468],[-103.32748,29.03989],[-103.32909,29.03078],[-103.3422,29.028],[-103.33647,29.01817],[-103.32636,29.01622],[-103.31461,29.02604],[-103.30688,29.02377],[-103.31597,29.01084],[-103.30769,29.00227],[-103.35769,28.92025],[-103.40364,28.86925],[-103.39491,28.84384],[-103.39634,28.83352],[-103.40026,28.82857],[-103.40458,28.82955],[-103.41001,28.84092],[-103.43165,28.81318],[-103.46634,28.75945],[-103.46325,28.75661],[-103.5145,28.66499],[-103.51975,28.66874],[-103.55729,28.61128],[-103.57265,28.64063],[-103.58199,28.62879],[-103.59636,28.63947],[-103.61604,28.59819],[-103.59191,28.59083],[-103.601,28.5749],[-103.62456,28.58114],[-103.64794,28.53298],[-103.64335,28.53063],[-103.643,28.51246],[-103.72832,28.35649],[-103.76286,28.29819],[-103.76817,28.30037],[-103.86749,28.11213],[-103.86093,28.10902],[-103.88948,28.06037],[-103.92668,27.97135],[-103.87771,27.95749],[-103.89288,27.91402],[-103.94186,27.92779],[-103.93563,27.94534],[-103.95496,27.95082],[-103.94332,27.88884],[-103.94577,27.85638],[-103.95999,27.8353],[-103.9439,27.82687],[-103.90083,27.82685],[-103.93564,27.79755],[-103.88114,27.73918],[-103.89668,27.74055],[-103.8895,27.71321],[-103.89552,27.67402],[-103.88324,27.65759],[-103.89725,27.65654],[-103.88355,27.60077],[-103.86883,27.60713],[-103.85459,27.54943],[-103.8585,27.43989],[-103.86364,27.44092],[-103.87687,27.31159],[-103.83211,27.29829],[-103.83058,27.27684],[-103.81975,27.24295],[-103.80939,27.2492],[-103.79842,27.21347],[-103.79939,27.12473],[-103.78346,27.0912],[-103.75245,27.07792],[-103.7443,27.02669],[-103.74083,27.02252],[-103.77994,27.00888],[-103.78462,26.98069],[-103.85208,26.93461],[-103.83591,26.93581],[-103.85193,26.90523],[-103.85169,26.89613],[-103.82253,26.87537],[-103.80447,26.85501],[-103.7796,26.83612],[-103.75396,26.82957],[-103.75061,26.8099],[-103.72486,26.7721],[-103.71524,26.73507],[-103.70163,26.73078],[-103.69909,26.72525],[-103.86129,26.75409],[-103.86129,26.75042],[-103.88118,26.75491],[-103.99382,26.75361],[-103.99499,26.77754],[-104.03318,26.77439],[-104.04573,26.74297],[-104.05692,26.74815],[-104.18393,26.77357],[-104.2278,26.77715],[-104.25139,26.80899],[-104.26138,26.83038],[-104.27303,26.84228],[-104.28187,26.83564],[-104.28361,26.82531],[-104.29488,26.81775],[-104.28615,26.8152],[-104.29153,26.81576],[-104.3153,26.79907],[-104.30531,26.79289],[-104.30175,26.77194],[-104.31727,26.76073],[-104.29975,26.75194],[-104.28653,26.7254],[-104.30679,26.70716],[-104.30577,26.70067],[-104.33038,26.65653],[-104.37541,26.64071],[-104.43477,26.60452],[-104.45089,26.57158],[-104.45546,26.54924],[-104.46855,26.52034],[-104.49589,26.46685],[-104.50282,26.46584],[-104.49539,26.43341],[-104.50097,26.41475],[-104.57444,26.34046],[-104.59385,26.38044],[-104.62008,26.36884],[-104.64531,26.39161],[-104.65407,26.39105],[-104.66223,26.40933],[-104.6702,26.41208],[-104.66876,26.41856],[-104.67411,26.42114],[-104.67728,26.42933],[-104.68686,26.43319],[-104.70968,26.45588],[-104.71181,26.46506],[-104.72174,26.46927],[-104.72703,26.47796],[-104.73716,26.47939],[-104.74783,26.49244],[-104.76095,26.48581],[-104.7769,26.49259],[-104.79122,26.50456],[-104.80927,26.50849],[-104.85657,26.50286],[-104.89889,26.51001],[-104.93672,26.48371],[-104.94437,26.46834],[-104.96321,26.47339],[-104.96958,26.46595],[-104.95623,26.46284],[-104.96309,26.44918],[-104.97374,26.45304],[-104.98011,26.45099],[-104.98104,26.45435],[-104.9873,26.45217],[-104.99231,26.45653],[-105.00038,26.45495],[-105.00557,26.44847],[-105.01501,26.44828],[-105.02706,26.43694],[-105.05257,26.42976],[-105.05662,26.4193],[-105.10154,26.5214],[-105.26467,26.46207],[-105.2706,26.46645],[-105.26945,26.47976],[-105.27907,26.48747],[-105.28992,26.48811],[-105.29162,26.48089],[-105.29845,26.48201],[-105.30192,26.47244],[-105.31547,26.47034],[-105.31674,26.46228],[-105.33398,26.46935],[-105.33874,26.47805],[-105.35276,26.47887],[-105.35715,26.48561],[-105.35451,26.49261],[-105.3427,26.50451],[-105.34854,26.5055],[-105.34802,26.51249],[-105.35628,26.52472],[-105.36862,26.53427],[-105.37283,26.52966],[-105.38198,26.52918],[-105.38492,26.52283],[-105.39335,26.52317],[-105.40342,26.51752],[-105.43859,26.52834],[-105.47013,26.52789],[-105.47438,26.52637],[-105.46862,26.51732],[-105.46792,26.51105],[-105.4715,26.5087],[-105.49562,26.52563],[-105.49608,26.54285],[-105.54899,26.54657],[-105.61948,26.68351],[-105.601,26.61484],[-105.64088,26.61999],[-105.63719,26.60914],[-105.64552,26.61661],[-105.67487,26.61767],[-105.67094,26.63522],[-105.67658,26.63581],[-105.67843,26.64388],[-105.68987,26.65718],[-105.70479,26.6529],[-105.7289,26.69789],[-105.73495,26.68482],[-105.73507,26.69208],[-105.74561,26.70594],[-105.74633,26.71386],[-105.7813,26.70745],[-105.79425,26.69876],[-105.7758,26.66093],[-105.81454,26.69096],[-105.86543,26.74737],[-105.87453,26.73857],[-105.89409,26.74101],[-105.89833,26.76385],[-105.9086,26.75283],[-105.9281,26.76593],[-105.93756,26.76667],[-105.93918,26.76321],[-106.04733,26.84487],[-106.06504,26.82763],[-106.10063,26.75933],[-106.11429,26.76514],[-106.12525,26.77941],[-106.15778,26.77097],[-106.16437,26.77504],[-106.17762,26.77233],[-106.1797,26.76306],[-106.17042,26.75012],[-106.17395,26.74346],[-106.17872,26.74443],[-106.17657,26.72772],[-106.14143,26.72078],[-106.13177,26.71379],[-106.13067,26.7022],[-106.13301,26.69733],[-106.14745,26.70923],[-106.16012,26.70233],[-106.17265,26.70516],[-106.18967,26.69513],[-106.18498,26.68666],[-106.19042,26.68023],[-106.18798,26.67447],[-106.19712,26.68377],[-106.19834,26.676],[-106.20301,26.68122],[-106.20791,26.67806],[-106.20603,26.66894],[-106.2111,26.66773],[-106.21982,26.65635],[-106.2181,26.65161],[-106.2223,26.64274],[-106.21947,26.63914],[-106.22556,26.63537],[-106.22347,26.62782],[-106.22673,26.61495],[-106.2306,26.6162],[-106.23091,26.60956],[-106.23653,26.61216],[-106.23689,26.5886],[-106.23243,26.58771],[-106.23394,26.58069],[-106.23063,26.5763],[-106.23463,26.56917],[-106.23295,26.55956],[-106.23952,26.56243],[-106.24121,26.54499],[-106.28013,26.53206],[-106.26956,26.52717],[-106.28066,26.51175],[-106.27401,26.50767],[-106.25387,26.50735],[-106.25517,26.49891],[-106.24746,26.48218],[-106.25085,26.47858],[-106.24202,26.46682],[-106.26521,26.42414],[-106.26436,26.40611],[-106.29759,26.39645],[-106.30217,26.36387],[-106.27545,26.36741],[-106.28703,26.33508],[-106.29951,26.33708],[-106.31225,26.34875],[-106.33296,26.31986],[-106.43277,26.20401],[-106.41561,26.1394],[-106.45863,26.11216],[-106.46124,26.10522],[-106.4544,26.09526],[-106.47122,26.06052],[-106.46503,26.05193],[-106.45409,26.04635],[-106.45339,26.02784],[-106.46744,26.01828],[-106.4704,26.00542],[-106.4447,26.00508],[-106.45581,25.97258],[-106.49166,25.96805],[-106.50146,25.95495],[-106.53371,25.94576],[-106.5473,25.95242],[-106.56012,25.9127],[-106.55596,25.6917],[-106.52655,25.71338],[-106.46403,25.74171],[-106.46361,25.72904],[-106.50882,25.7075],[-106.52798,25.69177],[-106.52733,25.68653],[-106.53643,25.67596],[-106.56552,25.66656],[-106.56966,25.65766],[-106.59181,25.64739],[-106.62925,25.60379],[-106.63084,25.5858],[-106.6429,25.58518],[-106.65559,25.57516],[-106.65747,25.57019],[-106.65282,25.55884],[-106.67141,25.56742],[-106.68024,25.58932],[-106.70796,25.60245],[-106.68196,25.57916],[-106.69884,25.58084],[-106.70575,25.59735],[-106.70254,25.5812],[-106.74479,25.58516],[-106.81782,25.57339],[-106.87375,25.57186],[-106.89921,25.64374],[-106.89377,25.64429],[-106.92238,25.64608],[-106.99431,25.66223],[-106.96693,25.66833],[-106.96914,25.683],[-106.96531,25.69787],[-106.99029,25.71492],[-107.00551,25.69871],[-107.01061,25.69836],[-107.01067,25.69146],[-107.04312,25.69769],[-107.04689,25.70058],[-107.04807,25.71082],[-107.06421,25.71907],[-107.06473,25.73277],[-107.06049,25.73999],[-107.06467,25.74816],[-107.0579,25.75736],[-107.19457,25.8523],[-107.20886,25.85631],[-107.20694,25.86392],[-107.21311,25.86189],[-107.22902,25.86974],[-107.23937,25.88038],[-107.2465,25.87777],[-107.24246,25.89237],[-107.29612,25.92479],[-107.28703,25.95398],[-107.28003,25.95809],[-107.28237,25.98992],[-107.27634,26.00197],[-107.30668,26.04878],[-107.30488,26.0764],[-107.34652,26.10952],[-107.41611,26.14122],[-107.43234,26.13824],[-107.43103,26.14286],[-107.45999,26.13831],[-107.49216,26.11146],[-107.50611,26.11578],[-107.52001,26.10422],[-107.5281,26.12138],[-107.52626,26.12774],[-107.53458,26.13093],[-107.53738,26.13766],[-107.54367,26.13732],[-107.53999,26.1408],[-107.54327,26.14634],[-107.55395,26.15175],[-107.55567,26.15962],[-107.56538,26.16464],[-107.57752,26.16469],[-107.58202,26.17064],[-107.62076,26.16264],[-107.63574,26.15457],[-107.65275,26.16364],[-107.69631,26.16547],[-107.69918,26.17073],[-107.70613,26.17006],[-107.71107,26.17441],[-107.71742,26.16474],[-107.73871,26.16724],[-107.73786,26.15694],[-107.74759,26.15379],[-107.74791,26.14349],[-107.75516,26.13451],[-107.78068,26.13693],[-107.78891,26.16861],[-107.80453,26.1748],[-107.81027,26.18368],[-107.81824,26.18345],[-107.82274,26.18762],[-107.82401,26.18411],[-107.83994,26.18293],[-107.85401,26.19652],[-107.85625,26.22603],[-107.97411,26.38863],[-107.97302,26.39252],[-108.01279,26.43904],[-107.96963,26.47016],[-107.98561,26.4721],[-107.97051,26.48906],[-107.95726,26.49374],[-107.95545,26.50598],[-107.96198,26.5178],[-107.96101,26.52695],[-107.98974,26.54804],[-107.99204,26.56228],[-108.01247,26.57964],[-108.01217,26.59139],[-108.0325,26.60318],[-108.03543,26.60971],[-108.0318,26.61592],[-108.04514,26.61971],[-108.04452,26.62496],[-108.05157,26.62983],[-108.05866,26.62658],[-108.06881,26.63144],[-108.07455,26.62799],[-108.07442,26.63644],[-108.08159,26.64199],[-108.07792,26.64617],[-108.05627,26.65189],[-108.05594,26.65646],[-108.04652,26.65979],[-108.04268,26.66675],[-108.03171,26.66798],[-108.03032,26.67426],[-108.01174,26.68948],[-108.00677,26.71548],[-108.00928,26.72398],[-108.01922,26.73066],[-108.01371,26.75031],[-108.00569,26.76104],[-108.01425,26.77315],[-108.03764,26.76978],[-108.02681,26.79846],[-108.0941,26.87046],[-108.14424,26.86765],[-108.13959,26.89548],[-108.14309,26.90788],[-108.14754,26.9085],[-108.1559,26.89521],[-108.16855,26.89507],[-108.17454,26.88146],[-108.18391,26.89973],[-108.19007,26.89587],[-108.20738,26.906],[-108.20277,26.89061],[-108.20971,26.88543],[-108.23023,26.90572],[-108.22501,26.92287],[-108.23101,26.9328],[-108.22924,26.94266],[-108.23501,26.95862],[-108.21836,26.96478],[-108.21582,26.97768],[-108.20737,26.98311],[-108.1969,26.98112],[-108.18151,26.99411],[-108.18027,27.00016],[-108.19406,27.02318],[-108.19485,27.02622],[-108.19181,27.02589],[-108.19506,27.0327],[-108.19948,27.03517],[-108.20283,27.03066],[-108.21156,27.03444],[-108.22584,27.02722],[-108.24121,27.04184],[-108.24616,27.03881],[-108.25044,27.04103],[-108.26084,27.03312],[-108.26292,27.02675],[-108.286,27.01247],[-108.29092,27.01483],[-108.2889,27.02658],[-108.29462,27.02586],[-108.30338,27.03662],[-108.31655,27.03448],[-108.32597,27.02049],[-108.32202,27.00893],[-108.33332,27.00459],[-108.3501,27.02255],[-108.37163,27.02301],[-108.40963,27.0134],[-108.41372,27.02015],[-108.44309,27.02949],[-108.45478,27.02703],[-108.4643,27.0401],[-108.4713,27.03049],[-108.4755,27.03994],[-108.47996,27.03958],[-108.49172,27.03138],[-108.48537,27.02783],[-108.48416,27.01743],[-108.49729,27.0134],[-108.50086,27.00443],[-108.50443,27.00718],[-108.50625,27.00308],[-108.50175,26.99666],[-108.50248,26.98735],[-108.55175,26.99714],[-108.57224,27.01265],[-108.56253,27.04601],[-108.60227,27.03694],[-108.60618,27.06358],[-108.59695,27.0769],[-108.60072,27.11897],[-108.61142,27.15414],[-108.62241,27.15689],[-108.64431,27.17881],[-108.65321,27.17605],[-108.64751,27.1867],[-108.64933,27.1912],[-108.65333,27.18998],[-108.66257,27.21954],[-108.65808,27.23165],[-108.66437,27.23939],[-108.64733,27.25698],[-108.62558,27.28924],[-108.59104,27.31808],[-108.62912,27.38292],[-108.62773,27.41056],[-108.63341,27.42813],[-108.66164,27.46474],[-108.65301,27.46903],[-108.65577,27.47731],[-108.6524,27.53703],[-108.65527,27.54379],[-108.7128,27.56624],[-108.72295,27.58814],[-108.73984,27.59995],[-108.75419,27.63673],[-108.7493,27.66473],[-108.76234,27.67504],[-108.76475,27.69349],[-108.77278,27.6965],[-108.76601,27.70583],[-108.78444,27.7149],[-108.78448,27.73046],[-108.79927,27.72302],[-108.80737,27.73799],[-108.81699,27.73216],[-108.83295,27.74435],[-108.89551,27.7448],[-108.92028,27.78397],[-108.91045,27.80913],[-108.90451,27.80768],[-108.88607,27.81367],[-108.86913,27.83928],[-108.91486,27.854],[-108.92452,27.90086],[-108.9265,27.94059],[-108.9503,27.95404],[-108.9637,27.97252],[-108.98197,27.98027],[-108.99167,27.97998],[-109.01635,28.00802],[-109.03189,28.01828],[-109.04155,28.06388],[-109.05178,28.09014],[-109.04894,28.09265],[-109.06279,28.1258],[-109.06855,28.13012],[-109.06678,28.14171],[-109.07288,28.14857],[-109.06198,28.1992],[-109.07488,28.2726],[-109.06882,28.27365],[-109.05843,28.26726],[-109.06869,28.28613],[-109.0595,28.28473],[-109.05187,28.27642],[-109.05044,28.28084],[-109.04575,28.28116],[-109.04638,28.27317],[-109.04067,28.26699],[-109.02277,28.27753],[-108.99743,28.25505],[-108.9883,28.26254],[-108.98704,28.27783],[-108.99553,28.28638],[-108.99691,28.29549],[-108.99396,28.29796],[-108.98904,28.29681],[-108.98905,28.29145],[-108.9829,28.28706],[-108.98607,28.28371],[-108.98355,28.27696],[-108.97366,28.27309],[-108.96725,28.265],[-108.92881,28.25955],[-108.922,28.25149],[-108.91267,28.26],[-108.88065,28.26472],[-108.85608,28.25153],[-108.85137,28.25948],[-108.84199,28.25325],[-108.83041,28.26504],[-108.79165,28.25361],[-108.79667,28.26716],[-108.75097,28.27156],[-108.68722,28.30346],[-108.67648,28.30289],[-108.66192,28.29547],[-108.65582,28.3018],[-108.64435,28.29828],[-108.64128,28.2916],[-108.63548,28.30625],[-108.63617,28.33522],[-108.61116,28.33525],[-108.6035,28.34756],[-108.55092,28.31805],[-108.51963,28.33476],[-108.52164,28.36506],[-108.50567,28.3608],[-108.50136,28.35572],[-108.47969,28.36955],[-108.48897,28.37511],[-108.51553,28.42628],[-108.51362,28.4396],[-108.50413,28.45443],[-108.51743,28.45562],[-108.52038,28.45975],[-108.51346,28.4729],[-108.51369,28.48449],[-108.50479,28.49335],[-108.50766,28.50821],[-108.52328,28.50591],[-108.53185,28.53897],[-108.53128,28.55666],[-108.56135,28.59117],[-108.56439,28.61271],[-108.58014,28.63244],[-108.57897,28.65733],[-108.5839,28.66593],[-108.58378,28.74013],[-108.62073,28.75032],[-108.62522,28.75933],[-108.64328,28.76506],[-108.64555,28.79472],[-108.63632,28.79188],[-108.62439,28.80011],[-108.62381,28.80612],[-108.62962,28.81172],[-108.65784,28.80922],[-108.68119,28.85477],[-108.67817,28.86327],[-108.68712,28.87565],[-108.70683,28.88426],[-108.70597,28.88924],[-108.70979,28.88951],[-108.7049,28.90023],[-108.70891,28.9059],[-108.70593,28.90658],[-108.69814,28.93626],[-108.71421,29.00146],[-108.7113,29.00348],[-108.72434,29.06989],[-108.7131,29.07036],[-108.71496,29.0766],[-108.70943,29.083],[-108.71152,29.08741],[-108.72746,29.08576],[-108.72958,29.09653],[-108.70825,29.11427],[-108.69852,29.12773],[-108.70949,29.14913],[-108.72884,29.1718],[-108.74529,29.16234],[-108.75386,29.20009],[-108.73982,29.20082],[-108.7354,29.21771],[-108.74282,29.22586],[-108.74123,29.24042],[-108.75109,29.25093],[-108.76188,29.25388],[-108.75429,29.25945],[-108.75004,29.25672],[-108.73066,29.2634],[-108.73029,29.26909],[-108.6822,29.26743],[-108.66972,29.30741],[-108.70361,29.40845],[-108.70737,29.43947],[-108.71907,29.45978],[-108.71774,29.46595],[-108.69432,29.46711],[-108.6896,29.484],[-108.64398,29.48883],[-108.62515,29.50103],[-108.6487,29.5091],[-108.6623,29.54448],[-108.63831,29.55831],[-108.6595,29.58404],[-108.64113,29.58888],[-108.64632,29.61044],[-108.64465,29.62754],[-108.65498,29.64943],[-108.61827,29.66052],[-108.64516,29.69195],[-108.65909,29.71612],[-108.59252,29.71764],[-108.59274,29.72839],[-108.54077,29.73622],[-108.53495,29.75136],[-108.54125,29.79613],[-108.61855,29.80046],[-108.62943,29.80627],[-108.63571,29.82968],[-108.60719,29.84714],[-108.62168,29.8782],[-108.61468,29.88446],[-108.61485,29.89512],[-108.62286,29.95047],[-108.6287,29.95303],[-108.61549,29.96587],[-108.60691,30.02861],[-108.61473,30.05783],[-108.61452,30.08927],[-108.61821,30.08945],[-108.61165,30.10234],[-108.62021,30.29822],[-108.58352,30.2854],[-108.58306,30.28141],[-108.56499,30.26973],[-108.55054,30.26664],[-108.54219,30.28351],[-108.56576,30.30818],[-108.57144,30.32773],[-108.57491,30.32754],[-108.58,30.33748],[-108.62205,30.34031],[-108.61983,30.37479],[-108.64864,30.41686],[-108.61355,30.43571],[-108.60383,30.46511],[-108.66476,30.46815],[-108.65711,30.47031],[-108.66196,30.52194],[-108.67408,30.53229],[-108.67778,30.55707],[-108.68739,30.55476],[-108.72743,30.58047],[-108.72666,30.59454],[-108.75653,30.59607],[-108.76201,30.58727],[-108.83064,30.60173],[-108.84827,30.61425],[-108.87646,30.62457],[-108.87773,30.63783],[-108.86692,30.68938],[-108.88691,30.71928],[-108.91896,30.73935],[-108.94829,30.73691],[-108.93545,30.77363],[-108.92984,30.86102],[-108.93923,30.90756],[-108.80238,30.9041],[-108.80325,31.00482],[-108.6838,31.00597],[-108.68438,31.03373],[-108.75246,31.03384],[-108.72989,31.05215],[-108.75044,31.06975],[-108.76615,31.07362],[-108.76999,31.10247],[-108.83329,31.12545],[-108.84563,31.13557],[-108.835,31.16933],[-108.80501,31.19295],[-108.84832,31.1951],[-108.86068,31.21892],[-108.90032,31.20245],[-108.90621,31.20636],[-108.90628,31.21334],[-108.89832,31.22523],[-108.8798,31.23878],[-108.81722,31.239],[-108.75591,31.33241],[-108.20846,31.33336],[-108.20836,31.78375],[-107.65313,31.78368]]]]}},{"type":"Feature","properties":{"T00_CVEGEO":"09","T00_NOMGEO":"Ciudad de México","NAME":"Ciudad de México"},"geometry":{"type":"MultiPolygon","coordinates":[[[[-99.11123,19.56149],[-99.13057,19.53609],[-99.12736,19.53508],[-99.128,19.52453],[-99.1144,19.51106],[-99.09739,19.51263],[-99.06385,19.49878],[-99.06798,19.48908],[-99.04645,19.44236],[-99.05519,19.42427],[-99.05813,19.40069],[-98.99193,19.3676],[-98.99455,19.35814],[-98.95789,19.32322],[-98.96722,19.30597],[-98.97652,19.25312],[-98.96598,19.24994],[-98.96858,19.23222],[-98.9403,19.22324],[-98.94255,19.21561],[-98.95108,19.21818],[-98.96852,19.21057],[-98.96769,19.18974],[-98.95238,19.16863],[-98.96736,19.16444],[-98.95462,19.14952],[-98.96645,19.14387],[-98.9575,19.12238],[-98.96571,19.08586],[-98.97899,19.07445],[-98.98359,19.07876],[-99.02899,19.08537],[-99.0432,19.07575],[-99.05979,19.04823],[-99.12543,19.06206],[-99.13537,19.08929],[-99.22677,19.09606],[-99.27869,19.1317],[-99.2876,19.1466],[-99.30713,19.21373],[-99.31624,19.2215],[-99.31534,19.22919],[-99.34233,19.24112],[-99.33915,19.26769],[-99.34821,19.27396],[-99.36492,19.27777],[-99.35148,19.29415],[-99.35349,19.2974],[-99.34998,19.29683],[-99.3566,19.30667],[-99.33383,19.33059],[-99.32848,19.35309],[-99.31813,19.35815],[-99.32069,19.36044],[-99.3176,19.36573],[-99.30348,19.37783],[-99.29901,19.36751],[-99.29388,19.37014],[-99.26171,19.39599],[-99.25812,19.40476],[-99.25697,19.40043],[-99.2483,19.40865],[-99.2373,19.41236],[-99.22227,19.42702],[-99.22962,19.43737],[-99.21813,19.44411],[-99.21997,19.45288],[-99.21153,19.46799],[-99.20717,19.46957],[-99.22111,19.47507],[-99.20925,19.51241],[-99.20466,19.51513],[-99.15717,19.50285],[-99.16297,19.51796],[-99.17417,19.52346],[-99.17136,19.52719],[-99.17704,19.52933],[-99.176,19.53203],[-99.15679,19.52809],[-99.15851,19.53392],[-99.15108,19.54484],[-99.16089,19.54926],[-99.15809,19.55735],[-99.14918,19.56201],[-99.13375,19.58624],[-99.1237,19.59275],[-99.11788,19.59059],[-99.11859,19.58446],[-99.10809,19.56489],[-99.11123,19.56149]]]]}},{"type":"Feature","properties":{"T00_CVEGEO":"10","T00_NOMGEO":"Durango","NAME":"Durango"},"geometry":{"type":"MultiPolygon","coordinates":[[[[-105.96731,26.78553],[-105.93918,26.76321],[-105.93756,26.76667],[-105.9281,26.76593],[-105.9086,26.75283],[-105.89833,26.76385],[-105.89409,26.74101],[-105.87453,26.73857],[-105.86543,26.74737],[-105.81454,26.69096],[-105.7758,26.66093],[-105.79425,26.69876],[-105.7813,26.70745],[-105.74633,26.71386],[-105.74561,26.70594],[-105.73507,26.69208],[-105.73495,26.68482],[-105.7289,26.69789],[-105.70479,26.6529],[-105.68987,26.65718],[-105.67843,26.64388],[-105.67658,26.63581],[-105.67094,26.63522],[-105.67487,26.61767],[-105.64552,26.61661],[-105.63719,26.60914],[-105.64088,26.61999],[-105.601,26.61484],[-105.61948,26.68351],[-105.54899,26.54657],[-105.49608,26.54285],[-105.49562,26.52563],[-105.4715,26.5087],[-105.46792,26.51105],[-105.46862,26.51732],[-105.47438,26.52637],[-105.47013,26.52789],[-105.43859,26.52834],[-105.40342,26.51752],[-105.39335,26.52317],[-105.38492,26.52283],[-105.38198,26.52918],[-105.37283,26.52966],[-105.36862,26.53427],[-105.35628,26.52472],[-105.34802,26.51249],[-105.34854,26.5055],[-105.3427,26.50451],[-105.35451,26.49261],[-105.35715,26.48561],[-105.35276,26.47887],[-105.33874,26.47805],[-105.33398,26.46935],[-105.31674,26.46228],[-105.31547,26.47034],[-105.30192,26.47244],[-105.29845,26.48201],[-105.29162,26.48089],[-105.28992,26.48811],[-105.27907,26.48747],[-105.26945,26.47976],[-105.2706,26.46645],[-105.26467,26.46207],[-105.10154,26.5214],[-105.05662,26.4193],[-105.05257,26.42976],[-105.02706,26.43694],[-105.01501,26.44828],[-105.00557,26.44847],[-105.00038,26.45495],[-104.99231,26.45653],[-104.9873,26.45217],[-104.98104,26.45435],[-104.98011,26.45099],[-104.97374,26.45304],[-104.96309,26.44918],[-104.95623,26.46284],[-104.96958,26.46595],[-104.96321,26.47339],[-104.94437,26.46834],[-104.93672,26.48371],[-104.89889,26.51001],[-104.85657,26.50286],[-104.80927,26.50849],[-104.79122,26.50456],[-104.7769,26.49259],[-104.76095,26.48581],[-104.74783,26.49244],[-104.73716,26.47939],[-104.72703,26.47796],[-104.72174,26.46927],[-104.71181,26.46506],[-104.70968,26.45588],[-104.68686,26.43319],[-104.67728,26.42933],[-104.67411,26.42114],[-104.66876,26.41856],[-104.6702,26.41208],[-104.66223,26.40933],[-104.65407,26.39105],[-104.64531,26.39161],[-104.62008,26.36884],[-104.59385,26.38044],[-104.57444,26.34046],[-104.50097,26.41475],[-104.49539,26.43341],[-104.50282,26.46584],[-104.49589,26.46685],[-104.46855,26.52034],[-104.45546,26.54924],[-104.45089,26.57158],[-104.43477,26.60452],[-104.37541,26.64071],[-104.33038,26.65653],[-104.30577,26.70067],[-104.30679,26.70716],[-104.28653,26.7254],[-104.29975,26.75194],[-104.31727,26.76073],[-104.30175,26.77194],[-104.30531,26.79289],[-104.3153,26.79907],[-104.29153,26.81576],[-104.28615,26.8152],[-104.29488,26.81775],[-104.28361,26.82531],[-104.28187,26.83564],[-104.27303,26.84228],[-104.26138,26.83038],[-104.25139,26.80899],[-104.2278,26.77715],[-104.18393,26.77357],[-104.05692,26.74815],[-104.04573,26.74297],[-104.03318,26.77439],[-103.99499,26.77754],[-103.99382,26.75361],[-103.88118,26.75491],[-103.86129,26.75042],[-103.86129,26.75409],[-103.65825,26.71948],[-103.64388,26.69015],[-103.63697,26.69343],[-103.37417,26.60235],[-103.31678,26.36177],[-103.26082,26.28472],[-103.35048,26.14239],[-103.34635,25.8603],[-103.33166,25.83166],[-103.32288,25.82508],[-103.31858,25.8127],[-103.32302,25.79993],[-103.32638,25.76044],[-103.3337,25.73873],[-103.34028,25.72403],[-103.35283,25.71655],[-103.33943,25.7076],[-103.35498,25.69986],[-103.3492,25.69344],[-103.35948,25.68886],[-103.36475,25.67197],[-103.38303,25.65531],[-103.38141,25.64034],[-103.40599,25.64502],[-103.40873,25.63967],[-103.40327,25.62812],[-103.42476,25.62368],[-103.42495,25.61998],[-103.41602,25.61442],[-103.42684,25.61209],[-103.42962,25.59891],[-103.4384,25.59664],[-103.43329,25.58808],[-103.43536,25.58277],[-103.45098,25.57893],[-103.45544,25.55706],[-103.46955,25.54643],[-103.49441,25.53773],[-103.43572,25.47907],[-103.39874,25.4506],[-103.39064,25.43459],[-103.36905,25.41646],[-103.34136,25.41014],[-103.33691,25.37123],[-103.35122,25.37297],[-103.36551,25.39315],[-103.38045,25.39095],[-103.39049,25.39739],[-103.39734,25.39532],[-103.40669,25.3989],[-103.46205,25.37631],[-103.46621,25.35234],[-103.48041,25.33433],[-103.48647,25.33286],[-103.47924,25.32392],[-103.48578,25.31483],[-103.49573,25.31111],[-103.49766,25.29515],[-103.50934,25.29146],[-103.50738,25.28435],[-103.5107,25.27912],[-103.50383,25.27465],[-103.49671,25.25574],[-103.47318,25.2501],[-103.46623,25.23868],[-103.4502,25.22861],[-103.45005,25.21905],[-103.43867,25.20195],[-103.42579,25.20154],[-103.40923,25.18238],[-103.40285,25.18234],[-103.39428,25.15773],[-103.37713,25.14205],[-103.37039,25.124],[-103.35953,25.11002],[-103.35143,25.10721],[-103.34265,25.11033],[-103.33722,25.09912],[-103.32226,25.09429],[-103.31244,25.08507],[-103.295,25.07997],[-103.29123,25.07053],[-103.27822,25.06297],[-103.27423,25.06459],[-103.26217,25.05855],[-103.2615,25.05416],[-103.26957,25.05489],[-103.26878,25.04914],[-103.27446,25.04594],[-103.26944,25.04024],[-103.27801,25.03461],[-103.26748,25.02804],[-103.27405,25.02336],[-103.27046,25.01566],[-103.24655,24.99602],[-103.24536,24.98246],[-103.25914,24.96465],[-103.08911,24.82119],[-103.06884,24.81856],[-103.05374,24.80994],[-103.03335,24.81084],[-103.02181,24.79993],[-103.01506,24.80095],[-103.00513,24.79321],[-103.00136,24.79838],[-102.9908,24.79403],[-102.97521,24.79946],[-102.97456,24.7928],[-102.96491,24.794],[-102.96361,24.78811],[-102.94914,24.7797],[-102.92298,24.78021],[-102.92167,24.77309],[-102.91603,24.7761],[-102.90746,24.76788],[-102.89548,24.76602],[-102.88309,24.75043],[-102.87512,24.74887],[-102.86969,24.74206],[-102.85639,24.73977],[-102.85312,24.772],[-102.66969,25.06663],[-102.65241,25.04522],[-102.64954,25.02795],[-102.64299,25.02781],[-102.62888,25.00832],[-102.63553,25.00417],[-102.63382,24.99955],[-102.64295,24.97864],[-102.67298,24.97881],[-102.67305,24.94275],[-102.56623,24.90222],[-102.56536,24.86635],[-102.54917,24.82993],[-102.51217,24.70972],[-102.49463,24.61255],[-102.4798,24.49044],[-102.48699,24.44422],[-102.47312,24.44521],[-102.47269,24.43968],[-102.48026,24.42801],[-102.52014,24.42393],[-102.52278,24.41524],[-102.52669,24.41622],[-102.53392,24.40772],[-102.60658,24.41116],[-102.60729,24.4054],[-102.61856,24.39637],[-102.65505,24.3886],[-102.66235,24.38157],[-102.6999,24.37397],[-102.71436,24.37821],[-102.72202,24.37536],[-102.75665,24.37698],[-102.76444,24.38702],[-102.77934,24.3958],[-102.78107,24.40273],[-102.78884,24.40624],[-102.81241,24.38949],[-102.83173,24.38469],[-102.84589,24.39808],[-102.85388,24.42436],[-102.85857,24.42292],[-102.865,24.43031],[-102.86061,24.43449],[-102.87376,24.45],[-102.87758,24.4494],[-102.89188,24.46111],[-102.89424,24.45838],[-102.89042,24.45147],[-102.89487,24.45035],[-102.89507,24.44134],[-102.90178,24.43571],[-102.9001,24.4285],[-102.96743,24.4577],[-102.98356,24.43325],[-103.04314,24.4665],[-103.07507,24.42262],[-103.08751,24.43602],[-103.09852,24.40162],[-103.1317,24.42467],[-103.1395,24.42847],[-103.15772,24.42784],[-103.16525,24.43519],[-103.17545,24.43326],[-103.18194,24.41989],[-103.20208,24.42447],[-103.2024,24.42137],[-103.21732,24.42081],[-103.21788,24.41721],[-103.22282,24.4171],[-103.22224,24.42059],[-103.23663,24.42705],[-103.23397,24.43583],[-103.25352,24.44725],[-103.26451,24.43458],[-103.28264,24.42883],[-103.31024,24.43565],[-103.32392,24.4265],[-103.3862,24.42296],[-103.39405,24.4321],[-103.39974,24.43277],[-103.39919,24.42883],[-103.40981,24.42628],[-103.41932,24.43048],[-103.42161,24.41658],[-103.43023,24.40891],[-103.42514,24.38785],[-103.42802,24.38655],[-103.42537,24.37939],[-103.42977,24.37437],[-103.43051,24.36014],[-103.44132,24.34128],[-103.44892,24.33861],[-103.44833,24.3326],[-103.46269,24.32046],[-103.48405,24.31834],[-103.48499,24.30093],[-103.50454,24.29577],[-103.50675,24.28796],[-103.52375,24.28896],[-103.53123,24.29391],[-103.56834,24.28637],[-103.56641,24.2611],[-103.55648,24.242],[-103.56257,24.2311],[-103.56551,24.2114],[-103.55953,24.19378],[-103.56606,24.18522],[-103.58096,24.17958],[-103.60576,24.15115],[-103.622,24.11746],[-103.63596,24.11029],[-103.66035,24.14932],[-103.69522,24.13029],[-103.76002,24.07724],[-103.79976,24.05056],[-103.81027,24.04009],[-103.81327,24.02197],[-103.84312,24.02696],[-103.84782,24.00323],[-103.87238,24.00702],[-103.85027,23.98883],[-103.83879,23.96482],[-103.83394,23.96964],[-103.81835,23.9649],[-103.83079,23.90779],[-103.8531,23.87461],[-103.84975,23.86256],[-103.83261,23.84893],[-103.83118,23.82466],[-103.81606,23.80765],[-103.82224,23.80076],[-103.82026,23.79188],[-103.83509,23.78509],[-103.86235,23.75263],[-103.84101,23.70124],[-103.84429,23.68457],[-103.85107,23.6796],[-103.78509,23.67656],[-103.79353,23.63085],[-103.81129,23.61365],[-103.84917,23.64008],[-103.87742,23.62897],[-103.87344,23.62046],[-103.8778,23.6187],[-103.88251,23.59227],[-103.899,23.60397],[-103.90686,23.60187],[-103.88984,23.58492],[-103.89008,23.57982],[-103.91192,23.57608],[-103.91227,23.58812],[-103.92146,23.58917],[-103.91626,23.56572],[-103.9253,23.55698],[-103.95029,23.53851],[-103.95694,23.53838],[-103.96276,23.52989],[-103.99633,23.51474],[-104.06597,23.46349],[-104.08626,23.39862],[-104.11121,23.3512],[-104.12901,23.18221],[-104.17212,23.1284],[-104.17361,22.98244],[-104.16284,22.9753],[-104.16822,22.96421],[-104.16426,22.94931],[-104.16658,22.94522],[-104.15409,22.93783],[-104.15528,22.92843],[-104.15111,22.92213],[-104.13595,22.91811],[-104.13299,22.90495],[-104.12291,22.90343],[-104.11675,22.90767],[-104.11264,22.90511],[-104.11773,22.8977],[-104.1075,22.88479],[-104.1063,22.85688],[-104.11592,22.85534],[-104.11682,22.85095],[-104.1043,22.8336],[-104.11021,22.82251],[-104.10623,22.81313],[-104.11148,22.81031],[-104.09522,22.80584],[-104.09436,22.80073],[-104.10022,22.79482],[-104.09682,22.78814],[-104.09217,22.78852],[-104.09375,22.77884],[-104.08237,22.77364],[-104.08047,22.76661],[-104.09528,22.75924],[-104.10719,22.7686],[-104.11937,22.76225],[-104.13925,22.76842],[-104.15737,22.75968],[-104.18217,22.75826],[-104.19961,22.77647],[-104.22103,22.77942],[-104.22741,22.77663],[-104.22458,22.76669],[-104.23207,22.7531],[-104.25077,22.748],[-104.25836,22.73892],[-104.26634,22.73654],[-104.26914,22.72086],[-104.26833,22.71754],[-104.2627,22.71764],[-104.27762,22.7024],[-104.27959,22.69523],[-104.27485,22.68202],[-104.27918,22.67106],[-104.28832,22.66352],[-104.28072,22.65338],[-104.28996,22.64561],[-104.28182,22.64584],[-104.26927,22.63582],[-104.27365,22.62709],[-104.28328,22.6217],[-104.27606,22.6157],[-104.27254,22.60497],[-104.26053,22.59616],[-104.2614,22.5862],[-104.27058,22.58895],[-104.27816,22.58307],[-104.28928,22.56014],[-104.28884,22.55296],[-104.30568,22.55789],[-104.31117,22.55401],[-104.31317,22.54722],[-104.31005,22.54613],[-104.31408,22.54072],[-104.32105,22.53551],[-104.32582,22.53739],[-104.31898,22.53205],[-104.31949,22.51766],[-104.30282,22.49201],[-104.29612,22.47299],[-104.29902,22.4617],[-104.31542,22.44815],[-104.3175,22.43828],[-104.3222,22.43525],[-104.32018,22.43009],[-104.32932,22.42828],[-104.33059,22.43223],[-104.33094,22.42419],[-104.33697,22.42403],[-104.33571,22.42029],[-104.34445,22.41757],[-104.34883,22.40971],[-104.3715,22.42166],[-104.45924,22.38684],[-104.49538,22.37632],[-104.49479,22.37195],[-104.48785,22.3689],[-104.49498,22.36053],[-104.48732,22.35319],[-104.4812,22.35272],[-104.48368,22.34943],[-104.49385,22.35117],[-104.5065,22.34516],[-104.51865,22.3606],[-104.5359,22.3648],[-104.54785,22.37648],[-104.55124,22.38886],[-104.55737,22.38575],[-104.56087,22.39478],[-104.57225,22.39401],[-104.58166,22.39994],[-104.58846,22.41265],[-104.59318,22.41209],[-104.59717,22.43675],[-104.60543,22.44545],[-104.60255,22.4605],[-104.65528,22.46215],[-104.65367,22.52424],[-104.65575,22.54007],[-104.66306,22.5477],[-104.66761,22.56254],[-104.66999,22.56526],[-104.68095,22.55909],[-104.70873,22.55462],[-104.71516,22.55595],[-104.71979,22.56904],[-104.72818,22.55893],[-104.73606,22.55795],[-104.7598,22.56871],[-104.76755,22.58139],[-104.77593,22.58512],[-104.77256,22.59189],[-104.7798,22.60334],[-104.77409,22.63255],[-104.7794,22.64317],[-104.78891,22.64797],[-104.80425,22.64874],[-104.80401,22.64034],[-104.81467,22.63425],[-104.81668,22.63968],[-104.82942,22.64022],[-104.84002,22.64586],[-104.84011,22.65113],[-104.85839,22.64832],[-104.86248,22.60707],[-104.96052,22.50531],[-104.9879,22.49872],[-105.00754,22.58567],[-105.07236,22.6565],[-105.06841,22.67841],[-105.05729,22.68809],[-104.89271,22.73741],[-104.91563,22.74853],[-104.90971,22.78443],[-104.91337,22.79048],[-104.90557,22.79957],[-104.91101,22.80133],[-104.90825,22.8076],[-104.91838,22.81978],[-104.93422,22.82731],[-104.9405,22.81616],[-104.95171,22.82183],[-104.95896,22.8136],[-104.9884,22.83605],[-104.98779,22.88825],[-105.00506,22.90355],[-105.00548,22.90707],[-105.00005,22.90889],[-105.01003,22.92236],[-104.99688,22.952],[-105.00833,22.96846],[-105.00313,22.97698],[-105.01382,22.97767],[-105.07601,22.95964],[-105.16356,22.95387],[-105.29769,22.95416],[-105.32356,22.94133],[-105.33037,22.94769],[-105.3282,22.95264],[-105.33413,22.95341],[-105.33084,22.96317],[-105.34304,22.96816],[-105.33682,22.9712],[-105.33946,22.97608],[-105.33626,22.98047],[-105.34011,22.9825],[-105.33505,22.98876],[-105.33896,22.99286],[-105.3337,22.99468],[-105.34102,23.00837],[-105.34409,23.00779],[-105.34314,23.01234],[-105.35385,23.01978],[-105.35079,23.03563],[-105.35877,23.04625],[-105.35086,23.05093],[-105.35046,23.06057],[-105.35793,23.06319],[-105.35831,23.07392],[-105.37065,23.07491],[-105.3847,23.08448],[-105.38609,23.08137],[-105.39824,23.0882],[-105.40122,23.09569],[-105.39879,23.10221],[-105.40852,23.1032],[-105.41588,23.11689],[-105.43154,23.12055],[-105.44036,23.11669],[-105.44618,23.11963],[-105.45531,23.11733],[-105.50197,23.12801],[-105.53121,23.11806],[-105.53706,23.10454],[-105.5486,23.10441],[-105.5543,23.09888],[-105.56933,23.11005],[-105.57537,23.10496],[-105.5747,23.11005],[-105.58424,23.11286],[-105.59763,23.10915],[-105.60904,23.11663],[-105.60695,23.12179],[-105.61697,23.12198],[-105.61875,23.1263],[-105.62396,23.12238],[-105.64398,23.14176],[-105.6458,23.1515],[-105.63687,23.15591],[-105.63886,23.16761],[-105.63303,23.17345],[-105.64071,23.18545],[-105.63433,23.18977],[-105.63522,23.19692],[-105.6297,23.20229],[-105.63573,23.21474],[-105.62966,23.21923],[-105.63031,23.23558],[-105.64263,23.23895],[-105.63917,23.24501],[-105.64609,23.25177],[-105.64774,23.26031],[-105.64278,23.26597],[-105.64545,23.26936],[-105.6432,23.27648],[-105.6637,23.28742],[-105.66483,23.28266],[-105.67264,23.28163],[-105.68707,23.28752],[-105.69396,23.30131],[-105.68737,23.30714],[-105.69946,23.30772],[-105.69232,23.31097],[-105.69371,23.32036],[-105.70077,23.32424],[-105.69883,23.32823],[-105.70217,23.33265],[-105.694,23.34057],[-105.7035,23.34009],[-105.70516,23.34873],[-105.71515,23.35021],[-105.71224,23.36428],[-105.73068,23.37489],[-105.72921,23.3781],[-105.71732,23.37859],[-105.72241,23.38603],[-105.71709,23.39269],[-105.71207,23.39255],[-105.71024,23.40813],[-105.70399,23.41126],[-105.70028,23.42017],[-105.7071,23.42585],[-105.72832,23.42898],[-105.72839,23.43958],[-105.73886,23.4452],[-105.72465,23.46081],[-105.72805,23.46681],[-105.72344,23.47484],[-105.74862,23.49367],[-105.75103,23.50027],[-105.76033,23.50296],[-105.75686,23.52489],[-105.76037,23.5351],[-105.76911,23.54194],[-105.76929,23.55646],[-105.78589,23.56947],[-105.78537,23.57499],[-105.80664,23.58887],[-105.81163,23.61102],[-105.84551,23.60325],[-105.84518,23.58369],[-105.85359,23.59728],[-105.88431,23.59039],[-105.89265,23.55264],[-105.9089,23.58827],[-105.92662,23.68413],[-105.9159,23.72642],[-105.90608,23.7394],[-105.92305,23.74775],[-105.91974,23.7578],[-105.92947,23.76551],[-105.92479,23.77147],[-105.92878,23.78658],[-105.93217,23.79469],[-105.93932,23.79143],[-105.96126,23.84074],[-105.95365,23.90858],[-105.88329,23.87855],[-105.86723,23.87524],[-105.8629,23.87792],[-105.86548,23.88071],[-105.85758,23.89929],[-105.86413,23.90532],[-105.86597,23.91607],[-105.87898,23.92606],[-105.88154,23.93282],[-105.89991,23.94392],[-105.94541,23.94802],[-105.90845,23.98342],[-105.91213,23.99753],[-105.92886,23.99928],[-105.93762,24.00499],[-105.94233,24.01431],[-105.9487,24.01177],[-105.9598,24.0174],[-105.9598,24.02383],[-105.9795,24.04196],[-105.98426,24.03867],[-105.99409,24.04458],[-105.99871,24.04338],[-105.99671,24.05422],[-106.00787,24.0725],[-106.0007,24.07605],[-106.00206,24.08808],[-105.99631,24.08936],[-105.99562,24.09829],[-105.98943,24.10235],[-105.98971,24.11439],[-105.99664,24.11445],[-106.00404,24.12053],[-106.00123,24.12831],[-106.00419,24.12995],[-106.0032,24.14684],[-106.02855,24.18033],[-106.0268,24.18652],[-106.03397,24.19189],[-106.03637,24.20402],[-106.04415,24.2117],[-106.04387,24.22085],[-106.06994,24.2202],[-106.07583,24.27139],[-106.0869,24.27769],[-106.08981,24.28536],[-106.15253,24.33877],[-106.16997,24.33365],[-106.1944,24.35178],[-106.26886,24.37475],[-106.32784,24.36106],[-106.33632,24.35569],[-106.34614,24.34493],[-106.35261,24.31646],[-106.36754,24.30194],[-106.46965,24.27785],[-106.50909,24.29114],[-106.51708,24.28698],[-106.52798,24.29512],[-106.53408,24.30954],[-106.58595,24.379],[-106.58346,24.39027],[-106.60158,24.41456],[-106.56927,24.43702],[-106.56831,24.4531],[-106.56283,24.45878],[-106.56001,24.47271],[-106.57316,24.47762],[-106.58375,24.49076],[-106.59364,24.49505],[-106.59908,24.49099],[-106.60035,24.48321],[-106.60999,24.49785],[-106.62477,24.50023],[-106.63006,24.5065],[-106.6226,24.52489],[-106.63223,24.52999],[-106.64545,24.52898],[-106.6836,24.59853],[-106.68904,24.62375],[-106.70594,24.66526],[-106.78424,24.74145],[-106.793,24.74391],[-106.79612,24.75336],[-106.86584,24.82295],[-106.90294,24.82838],[-106.91927,24.81395],[-106.93065,24.82091],[-106.93805,24.83525],[-106.94648,24.83975],[-106.94313,24.84305],[-106.94395,24.85152],[-106.94638,24.8585],[-106.95141,24.85902],[-106.92707,24.86662],[-106.93285,24.87148],[-106.93061,24.87347],[-106.9345,24.88053],[-106.94627,24.88895],[-106.951,24.88799],[-106.97324,24.90961],[-107.00057,24.92824],[-107.02104,24.9099],[-107.02514,24.92838],[-107.01833,24.93361],[-107.06041,25.00242],[-107.06649,25.02039],[-107.06356,25.02525],[-107.06739,25.03015],[-107.12988,25.05313],[-107.12491,25.18664],[-107.129,25.1884],[-107.14877,25.22454],[-107.13201,25.22671],[-107.13167,25.2322],[-107.12105,25.24311],[-107.15719,25.26176],[-107.20781,25.33156],[-107.17154,25.32635],[-107.21012,25.4171],[-107.18486,25.43681],[-107.15868,25.44199],[-107.16095,25.4448],[-107.15579,25.44687],[-107.15655,25.45642],[-107.15053,25.45804],[-107.15111,25.47669],[-107.13929,25.48956],[-107.13981,25.49662],[-107.14767,25.50502],[-107.16628,25.50299],[-107.17811,25.51517],[-107.17596,25.5227],[-107.172,25.52384],[-107.17424,25.5291],[-107.1695,25.53246],[-107.17687,25.54082],[-107.17616,25.5444],[-107.17182,25.54279],[-107.17387,25.55655],[-107.17006,25.55954],[-107.13874,25.56009],[-107.13825,25.55219],[-107.12456,25.55041],[-107.11307,25.56106],[-107.03415,25.59632],[-106.97328,25.62957],[-106.99431,25.66223],[-106.92238,25.64608],[-106.89377,25.64429],[-106.89921,25.64374],[-106.87375,25.57186],[-106.81782,25.57339],[-106.74479,25.58516],[-106.70254,25.5812],[-106.70575,25.59735],[-106.69884,25.58084],[-106.68196,25.57916],[-106.70796,25.60245],[-106.68024,25.58932],[-106.67141,25.56742],[-106.65282,25.55884],[-106.65747,25.57019],[-106.65559,25.57516],[-106.6429,25.58518],[-106.63084,25.5858],[-106.62925,25.60379],[-106.59181,25.64739],[-106.56966,25.65766],[-106.56552,25.66656],[-106.53643,25.67596],[-106.52733,25.68653],[-106.52798,25.69177],[-106.50882,25.7075],[-106.46361,25.72904],[-106.46403,25.74171],[-106.52655,25.71338],[-106.55596,25.6917],[-106.56012,25.9127],[-106.5473,25.95242],[-106.53371,25.94576],[-106.50146,25.95495],[-106.49166,25.96805],[-106.45581,25.97258],[-106.4447,26.00508],[-106.4704,26.00542],[-106.46744,26.01828],[-106.45339,26.02784],[-106.45409,26.04635],[-106.46503,26.05193],[-106.47122,26.06052],[-106.4544,26.09526],[-106.46124,26.10522],[-106.45863,26.11216],[-106.41561,26.1394],[-106.43277,26.20401],[-106.33296,26.31986],[-106.31225,26.34875],[-106.29951,26.33708],[-106.28703,26.33508],[-106.27545,26.36741],[-106.30217,26.36387],[-106.29759,26.39645],[-106.26436,26.40611],[-106.26521,26.42414],[-106.24202,26.46682],[-106.25085,26.47858],[-106.24746,26.48218],[-106.25517,26.49891],[-106.25387,26.50735],[-106.27401,26.50767],[-106.28066,26.51175],[-106.26956,26.52717],[-106.28013,26.53206],[-106.24121,26.54499],[-106.23952,26.56243],[-106.23295,26.55956],[-106.23463,26.56917],[-106.23063,26.5763],[-106.23394,26.58069],[-106.23243,26.58771],[-106.23689,26.5886],[-106.23653,26.61216],[-106.23091,26.60956],[-106.2306,26.6162],[-106.22673,26.61495],[-106.22347,26.62782],[-106.22556,26.63537],[-106.21947,26.63914],[-106.2223,26.64274],[-106.2181,26.65161],[-106.21982,26.65635],[-106.2111,26.66773],[-106.20603,26.66894],[-106.20791,26.67806],[-106.20301,26.68122],[-106.19834,26.676],[-106.19712,26.68377],[-106.18798,26.67447],[-106.19042,26.68023],[-106.18498,26.68666],[-106.18967,26.69513],[-106.17265,26.70516],[-106.16012,26.70233],[-106.14745,26.70923],[-106.13301,26.69733],[-106.13067,26.7022],[-106.13177,26.71379],[-106.14143,26.72078],[-106.17657,26.72772],[-106.17872,26.74443],[-106.17395,26.74346],[-106.17042,26.75012],[-106.1797,26.76306],[-106.17762,26.77233],[-106.16437,26.77504],[-106.15778,26.77097],[-106.12525,26.77941],[-106.11429,26.76514],[-106.10063,26.75933],[-106.06504,26.82763],[-106.04733,26.84487],[-105.96731,26.78553]]]]}},{"type":"Feature","properties":{"T00_CVEGEO":"11","T00_NOMGEO":"Guanajuato","NAME":"Guanajuato"},"geometry":{"type":"MultiPolygon","coordinates":[[[[-101.35002,21.83796],[-101.31948,21.83533],[-101.28968,21.81214],[-101.28152,21.82146],[-101.2623,21.82344],[-101.21714,21.81607],[-101.21979,21.8022],[-101.16126,21.7575],[-101.13613,21.75322],[-101.05924,21.76552],[-101.00516,21.75723],[-101.00611,21.75191],[-101.0023,21.75081],[-101.00002,21.7564],[-100.98197,21.75352],[-100.96554,21.73492],[-100.94349,21.73262],[-100.93805,21.72053],[-100.91257,21.71365],[-100.92127,21.70027],[-100.90838,21.69166],[-100.90718,21.68163],[-100.8701,21.67249],[-100.86514,21.68708],[-100.85216,21.67335],[-100.83431,21.66456],[-100.85767,21.61898],[-100.81655,21.60265],[-100.80949,21.59205],[-100.7923,21.59483],[-100.77329,21.58812],[-100.77246,21.59545],[-100.76176,21.58493],[-100.73434,21.57872],[-100.72087,21.56149],[-100.71762,21.55023],[-100.70524,21.54824],[-100.70071,21.55255],[-100.69209,21.54637],[-100.68116,21.5475],[-100.66561,21.53522],[-100.66559,21.52782],[-100.65745,21.52471],[-100.63853,21.52829],[-100.63544,21.54319],[-100.61429,21.53313],[-100.6219,21.51898],[-100.62042,21.51023],[-100.61495,21.50579],[-100.59138,21.5156],[-100.58197,21.52612],[-100.54685,21.5322],[-100.53394,21.54232],[-100.46107,21.54533],[-100.45989,21.54978],[-100.46484,21.55362],[-100.45537,21.55625],[-100.46069,21.57121],[-100.47145,21.58757],[-100.48568,21.59527],[-100.47048,21.60646],[-100.46039,21.62399],[-100.46158,21.63758],[-100.45643,21.64231],[-100.45229,21.66122],[-100.44877,21.66242],[-100.45134,21.6666],[-100.44522,21.672],[-100.44708,21.67519],[-100.44232,21.67875],[-100.43931,21.67656],[-100.43504,21.68272],[-100.43325,21.6784],[-100.42304,21.67505],[-100.40898,21.67729],[-100.39999,21.67448],[-100.38934,21.68141],[-100.37552,21.67982],[-100.35136,21.69167],[-100.32207,21.68209],[-100.27213,21.68734],[-100.2463,21.66493],[-100.22227,21.66565],[-100.19283,21.64695],[-100.17963,21.65079],[-100.16714,21.63411],[-100.17248,21.62933],[-100.17458,21.6105],[-100.17144,21.60126],[-100.16129,21.60497],[-100.15436,21.61735],[-100.14719,21.61812],[-100.12497,21.59346],[-100.07584,21.55793],[-100.06227,21.5233],[-99.95681,21.52622],[-99.95631,21.51824],[-99.9651,21.50512],[-99.95065,21.49467],[-99.9457,21.49743],[-99.94794,21.49068],[-99.95934,21.48351],[-99.95147,21.47227],[-99.94924,21.456],[-99.94233,21.44962],[-99.93896,21.44979],[-99.94316,21.46178],[-99.90517,21.44816],[-99.86699,21.47346],[-99.83492,21.47811],[-99.83917,21.46238],[-99.82528,21.46652],[-99.81707,21.46169],[-99.8057,21.47184],[-99.78798,21.4775],[-99.79103,21.49067],[-99.77607,21.49453],[-99.7731,21.47634],[-99.77726,21.47022],[-99.77177,21.46631],[-99.77702,21.46001],[-99.7743,21.45628],[-99.77815,21.44651],[-99.77616,21.44252],[-99.78058,21.43439],[-99.77592,21.42703],[-99.78035,21.41422],[-99.77206,21.40638],[-99.78025,21.38935],[-99.77549,21.37497],[-99.79451,21.3574],[-99.79212,21.3439],[-99.77756,21.34323],[-99.78487,21.32787],[-99.78778,21.32962],[-99.784,21.32015],[-99.75789,21.29214],[-99.73415,21.30144],[-99.73725,21.31288],[-99.70756,21.31454],[-99.67129,21.30119],[-99.678,21.28881],[-99.69907,21.2667],[-99.6987,21.24075],[-99.68785,21.22578],[-99.73848,21.23581],[-99.7581,21.2164],[-99.77583,21.20728],[-99.77696,21.19594],[-99.83042,21.1575],[-99.87164,21.16971],[-99.88824,21.16959],[-99.89934,21.18389],[-99.94264,21.19441],[-99.94535,21.20988],[-99.95471,21.20567],[-99.94786,21.21237],[-99.98636,21.21831],[-100.01108,21.18946],[-100.00121,21.18852],[-99.99641,21.18259],[-100.0041,21.17366],[-100.0059,21.1611],[-100.00298,21.15742],[-100.0071,21.15668],[-100.02754,21.10025],[-100.02187,21.10008],[-100.02641,21.07356],[-100.01976,21.05513],[-100.00665,21.04639],[-100.01086,21.04305],[-100.01106,21.0285],[-100.02256,21.01462],[-100.05447,21.02778],[-100.06122,21.02852],[-100.06894,21.02281],[-100.06074,21.00581],[-100.07375,20.99176],[-100.06985,20.98349],[-100.07804,20.97265],[-100.06981,20.96478],[-100.06879,20.95791],[-100.08073,20.94985],[-100.06689,20.9422],[-100.06416,20.93629],[-100.09273,20.93168],[-100.11782,20.92215],[-100.1353,20.93726],[-100.17836,20.93866],[-100.18152,20.9304],[-100.20088,20.93701],[-100.23932,20.96079],[-100.26362,20.971],[-100.27205,20.96303],[-100.26179,20.95337],[-100.26554,20.92924],[-100.2992,20.93132],[-100.30537,20.92382],[-100.29839,20.91529],[-100.33358,20.89073],[-100.39441,20.89216],[-100.41339,20.88743],[-100.45395,20.90018],[-100.45317,20.9232],[-100.47222,20.92844],[-100.46995,20.90704],[-100.48536,20.9088],[-100.48499,20.90078],[-100.50902,20.8707],[-100.50204,20.85292],[-100.55932,20.82991],[-100.56628,20.82081],[-100.57758,20.81667],[-100.57781,20.80844],[-100.57336,20.80367],[-100.55832,20.80457],[-100.56407,20.77469],[-100.55946,20.76259],[-100.54811,20.74956],[-100.54891,20.73638],[-100.58441,20.72893],[-100.59653,20.71726],[-100.58128,20.69293],[-100.5836,20.67842],[-100.57395,20.67206],[-100.56192,20.67142],[-100.55112,20.63376],[-100.52953,20.63866],[-100.52148,20.62486],[-100.49617,20.61619],[-100.48208,20.57151],[-100.485,20.5538],[-100.50476,20.55503],[-100.50851,20.52621],[-100.50774,20.51852],[-100.50315,20.51966],[-100.5011,20.51259],[-100.50975,20.50652],[-100.49735,20.50483],[-100.5003,20.50022],[-100.49766,20.49137],[-100.49237,20.49041],[-100.48838,20.47331],[-100.48949,20.43139],[-100.47826,20.41628],[-100.47617,20.38961],[-100.4435,20.38704],[-100.40999,20.376],[-100.39401,20.35023],[-100.39201,20.31432],[-100.38837,20.30901],[-100.37918,20.30193],[-100.36945,20.30251],[-100.34812,20.28658],[-100.34408,20.27294],[-100.32576,20.26102],[-100.32355,20.25193],[-100.34149,20.23911],[-100.34351,20.22896],[-100.35523,20.21902],[-100.35233,20.20046],[-100.34596,20.20098],[-100.3403,20.18973],[-100.35583,20.18238],[-100.35388,20.17952],[-100.36112,20.17256],[-100.35892,20.16722],[-100.36987,20.14666],[-100.37088,20.13618],[-100.3915,20.12103],[-100.38528,20.1045],[-100.39725,20.09695],[-100.38974,20.08082],[-100.35826,20.06491],[-100.36203,20.05343],[-100.35438,20.02779],[-100.35496,20.01012],[-100.35927,20.00974],[-100.3605,20.02396],[-100.3647,20.01971],[-100.3704,20.02126],[-100.36292,19.98986],[-100.44358,19.98228],[-100.46582,19.98739],[-100.46245,19.97927],[-100.47016,19.97998],[-100.47359,19.97233],[-100.49818,19.95804],[-100.51168,19.95821],[-100.51183,19.94222],[-100.52171,19.92772],[-100.51994,19.91882],[-100.536,19.923],[-100.53472,19.93628],[-100.52932,19.94098],[-100.52677,19.96576],[-100.53182,19.97639],[-100.54062,19.97493],[-100.54242,19.97283],[-100.53393,19.96921],[-100.55071,19.95796],[-100.5601,19.9591],[-100.56547,19.96614],[-100.57996,19.95751],[-100.59307,19.95828],[-100.59385,19.96393],[-100.58759,19.97139],[-100.58061,19.97504],[-100.56569,19.97453],[-100.55677,19.9853],[-100.55789,19.99171],[-100.5767,19.99306],[-100.5956,19.99166],[-100.60612,19.98218],[-100.61757,19.95769],[-100.64886,19.958],[-100.66037,19.96455],[-100.68064,19.95046],[-100.71881,19.94052],[-100.74874,19.91275],[-100.7535,19.91712],[-100.77881,19.91515],[-100.79206,19.95557],[-100.8022,19.95834],[-100.81238,19.97138],[-100.82429,19.97833],[-100.83286,19.97239],[-100.83022,19.95413],[-100.83575,19.93459],[-100.85452,19.93491],[-100.853,19.94165],[-100.86028,19.94894],[-100.8826,19.94392],[-100.906,19.96158],[-100.93257,19.95349],[-100.94753,19.96254],[-100.94787,19.93356],[-100.97054,19.92923],[-100.97736,19.93685],[-100.98078,19.95522],[-101.00227,19.95236],[-101.00465,19.96623],[-100.9767,19.98274],[-100.98269,20.00263],[-100.97277,20.00209],[-100.96764,20.01129],[-100.98785,20.02691],[-101.00808,20.02809],[-101.00356,20.03796],[-101.01269,20.03776],[-101.01398,20.04571],[-100.99271,20.06449],[-101.02134,20.08694],[-101.03525,20.08733],[-101.04289,20.09195],[-101.07485,20.08839],[-101.07996,20.08281],[-101.11391,20.07723],[-101.13314,20.05998],[-101.15436,20.08503],[-101.16518,20.08716],[-101.17523,20.09711],[-101.16965,20.08231],[-101.17362,20.07624],[-101.17161,20.07345],[-101.17908,20.06243],[-101.19631,20.05719],[-101.18136,20.05337],[-101.16663,20.04246],[-101.16389,20.04591],[-101.16034,20.0402],[-101.18229,20.02686],[-101.20152,20.02574],[-101.20305,20.00722],[-101.22072,20.01143],[-101.23035,20.02726],[-101.23834,20.03212],[-101.25076,20.02326],[-101.25302,20.03549],[-101.28096,20.02754],[-101.29645,20.03864],[-101.31647,20.03742],[-101.33403,20.03152],[-101.3482,20.03211],[-101.35406,20.0384],[-101.3699,20.03645],[-101.37494,20.04043],[-101.38813,20.03041],[-101.40167,20.03501],[-101.4026,20.04703],[-101.39427,20.05291],[-101.39544,20.06996],[-101.3875,20.08296],[-101.40469,20.08019],[-101.40324,20.10015],[-101.40833,20.10263],[-101.40432,20.10679],[-101.40868,20.12313],[-101.40282,20.12729],[-101.391,20.12712],[-101.38937,20.13486],[-101.39237,20.14403],[-101.4036,20.14211],[-101.41646,20.16167],[-101.42249,20.16322],[-101.41988,20.20159],[-101.40559,20.20332],[-101.36319,20.19579],[-101.35261,20.23493],[-101.36051,20.24905],[-101.39532,20.24855],[-101.40647,20.26363],[-101.41558,20.26476],[-101.42055,20.2752],[-101.43547,20.27738],[-101.43685,20.26378],[-101.45592,20.26717],[-101.45896,20.27019],[-101.4538,20.27397],[-101.45836,20.27602],[-101.45716,20.28514],[-101.44498,20.28972],[-101.44455,20.2951],[-101.44971,20.29823],[-101.44019,20.30519],[-101.45669,20.30437],[-101.45492,20.31785],[-101.45093,20.3195],[-101.45681,20.31926],[-101.4649,20.32901],[-101.48022,20.33017],[-101.49323,20.314],[-101.50106,20.31167],[-101.50287,20.32487],[-101.51417,20.31791],[-101.52415,20.32123],[-101.52293,20.33234],[-101.52938,20.33258],[-101.5378,20.32437],[-101.54195,20.32946],[-101.55326,20.33251],[-101.56328,20.32135],[-101.56143,20.31659],[-101.56577,20.31574],[-101.57079,20.31593],[-101.57213,20.32121],[-101.58309,20.32736],[-101.58924,20.3096],[-101.60092,20.31005],[-101.60107,20.29802],[-101.60567,20.29977],[-101.60468,20.30942],[-101.62465,20.31458],[-101.62842,20.29592],[-101.63491,20.28896],[-101.62396,20.27611],[-101.62553,20.26699],[-101.63203,20.26479],[-101.63436,20.27118],[-101.63883,20.26581],[-101.64251,20.26764],[-101.65092,20.25348],[-101.64401,20.24716],[-101.64624,20.23866],[-101.65457,20.24349],[-101.6633,20.23758],[-101.66847,20.21313],[-101.67311,20.21255],[-101.67812,20.21888],[-101.68691,20.21722],[-101.69269,20.20728],[-101.69039,20.19681],[-101.69793,20.18967],[-101.70386,20.19044],[-101.71061,20.2053],[-101.72593,20.20561],[-101.73119,20.2148],[-101.74351,20.20391],[-101.75715,20.20465],[-101.75938,20.20173],[-101.77684,20.21149],[-101.7823,20.21075],[-101.78661,20.21932],[-101.79933,20.21091],[-101.80383,20.21434],[-101.80911,20.20438],[-101.82485,20.20183],[-101.81964,20.20866],[-101.83386,20.22479],[-101.85604,20.2119],[-101.87159,20.21099],[-101.87202,20.20443],[-101.88142,20.19999],[-101.87919,20.18918],[-101.88811,20.18839],[-101.88619,20.19552],[-101.89301,20.20377],[-101.9047,20.203],[-101.90998,20.19383],[-101.91789,20.19507],[-101.91565,20.2067],[-101.90933,20.2034],[-101.90793,20.21515],[-101.91777,20.21933],[-101.93059,20.20812],[-101.92824,20.21727],[-101.93234,20.22589],[-101.93986,20.22708],[-101.93812,20.24138],[-101.93216,20.24373],[-101.93437,20.24927],[-101.94494,20.25507],[-101.94359,20.26777],[-101.95118,20.27158],[-101.93685,20.28146],[-101.93772,20.28509],[-101.94713,20.28636],[-101.93454,20.29769],[-101.94357,20.30078],[-101.94953,20.29842],[-101.95991,20.30513],[-101.95626,20.31293],[-101.95001,20.31148],[-101.94895,20.3151],[-101.96346,20.31855],[-101.94731,20.33097],[-101.94529,20.34267],[-101.96233,20.34469],[-101.96898,20.36026],[-101.99638,20.35964],[-101.99939,20.35471],[-102.01369,20.35063],[-102.00489,20.33306],[-102.00728,20.32673],[-102.01379,20.32793],[-102.0173,20.34176],[-102.02523,20.34798],[-102.02182,20.36298],[-102.01006,20.38185],[-102.01358,20.39389],[-102.01819,20.39351],[-102.02264,20.38089],[-102.06502,20.37492],[-102.08676,20.38476],[-102.0964,20.38425],[-102.09689,20.38922],[-102.09093,20.38902],[-102.08731,20.39399],[-102.08452,20.40501],[-102.07087,20.40902],[-102.07134,20.41446],[-102.07932,20.42091],[-102.07396,20.42505],[-102.07661,20.42816],[-102.05757,20.44536],[-102.05629,20.45203],[-102.04399,20.45659],[-102.04512,20.4718],[-102.04214,20.47448],[-102.04602,20.48261],[-102.02819,20.49654],[-102.01878,20.51775],[-102.01008,20.52606],[-102.00868,20.53316],[-102.01413,20.54259],[-102.00307,20.54721],[-101.99555,20.54051],[-101.9879,20.54528],[-101.98842,20.53963],[-101.98395,20.53501],[-101.97885,20.54283],[-101.97391,20.54179],[-101.96989,20.56881],[-101.96279,20.57024],[-101.96702,20.57934],[-101.9593,20.58684],[-101.958,20.59834],[-101.95114,20.60742],[-101.95873,20.60879],[-101.95707,20.63264],[-101.96412,20.63894],[-101.97118,20.63761],[-101.96807,20.66364],[-101.97374,20.66432],[-101.97372,20.66066],[-101.98137,20.65753],[-101.98194,20.66332],[-101.99038,20.66089],[-101.99711,20.6647],[-102.0047,20.66032],[-102.01383,20.66444],[-102.01407,20.67119],[-102.01908,20.67618],[-102.01232,20.7107],[-102.01438,20.71706],[-102.02805,20.71983],[-102.03773,20.71739],[-102.04036,20.72324],[-102.03445,20.74214],[-102.04354,20.73741],[-102.06448,20.73875],[-102.06103,20.74851],[-102.07362,20.74876],[-102.07232,20.7594],[-102.06563,20.76675],[-102.06758,20.77224],[-102.07362,20.77677],[-102.08107,20.7715],[-102.08252,20.77717],[-102.0959,20.78005],[-102.08708,20.80146],[-102.07994,20.80178],[-102.07617,20.81817],[-102.07986,20.82906],[-102.07367,20.83792],[-102.06436,20.83821],[-102.05292,20.84756],[-102.03858,20.84735],[-102.02177,20.86216],[-102.01257,20.87834],[-102.01799,20.88328],[-102.00844,20.88538],[-101.99402,20.90772],[-101.98109,20.91481],[-101.97987,20.92504],[-101.96309,20.92251],[-101.95787,20.9352],[-101.94393,20.93214],[-101.94208,20.9281],[-101.93894,20.93061],[-101.93714,20.9558],[-101.93323,20.9575],[-101.93138,20.96711],[-101.9222,20.97193],[-101.9247,20.98323],[-101.90874,20.99858],[-101.90662,21.02881],[-101.8966,21.04775],[-101.90133,21.05296],[-101.89454,21.05124],[-101.87493,21.07008],[-101.87779,21.08543],[-101.875,21.09289],[-101.83748,21.09676],[-101.81765,21.10704],[-101.82026,21.11866],[-101.82677,21.12208],[-101.83084,21.11937],[-101.83344,21.13727],[-101.82241,21.13591],[-101.81182,21.14123],[-101.81011,21.14854],[-101.81569,21.14952],[-101.80477,21.1585],[-101.804,21.16634],[-101.78726,21.15638],[-101.7811,21.16052],[-101.78367,21.17118],[-101.78066,21.19142],[-101.77443,21.19658],[-101.77119,21.23473],[-101.76594,21.24223],[-101.75458,21.24389],[-101.76819,21.25773],[-101.75939,21.26061],[-101.75971,21.26762],[-101.74956,21.27199],[-101.73853,21.26916],[-101.73578,21.27729],[-101.70937,21.28072],[-101.702,21.27546],[-101.68667,21.29406],[-101.66284,21.28658],[-101.65401,21.29594],[-101.64317,21.29933],[-101.64091,21.31474],[-101.64656,21.33806],[-101.64284,21.3551],[-101.6516,21.36964],[-101.67948,21.3895],[-101.67757,21.39514],[-101.65851,21.4068],[-101.6384,21.41],[-101.63094,21.40731],[-101.61881,21.41538],[-101.60663,21.41496],[-101.60025,21.42054],[-101.58913,21.41513],[-101.57041,21.41853],[-101.58042,21.42828],[-101.58186,21.44781],[-101.58788,21.4424],[-101.58994,21.44558],[-101.5867,21.45258],[-101.58903,21.4649],[-101.63242,21.51905],[-101.64025,21.51362],[-101.64116,21.52226],[-101.64045,21.52863],[-101.62,21.54107],[-101.62356,21.54617],[-101.61913,21.54609],[-101.62188,21.55092],[-101.61606,21.55437],[-101.61724,21.55745],[-101.60725,21.56201],[-101.60997,21.56301],[-101.60654,21.56387],[-101.60648,21.57432],[-101.61215,21.57533],[-101.61231,21.58291],[-101.59577,21.60031],[-101.59526,21.61],[-101.58602,21.60781],[-101.58018,21.62553],[-101.58435,21.63107],[-101.59565,21.63306],[-101.59608,21.63706],[-101.58324,21.6567],[-101.58142,21.667],[-101.58482,21.67021],[-101.56913,21.69231],[-101.58404,21.70957],[-101.57814,21.71189],[-101.57085,21.7043],[-101.55765,21.7351],[-101.57967,21.7364],[-101.58225,21.77265],[-101.5848,21.77162],[-101.58569,21.77877],[-101.53882,21.77733],[-101.47387,21.82739],[-101.46595,21.82706],[-101.46405,21.82022],[-101.45506,21.82996],[-101.45358,21.82669],[-101.42266,21.82496],[-101.38551,21.836],[-101.35002,21.83796]]]]}},{"type":"Feature","properties":{"T00_CVEGEO":"12","T00_NOMGEO":"Guerrero","NAME":"Guerrero"},"geometry":{"type":"MultiPolygon","coordinates":[[[[-99.9061,16.82274],[-99.90141,16.82274],[-99.9056,16.81755],[-99.91814,16.8227],[-99.9061,16.82274]]],[[[-101.65841,17.67893],[-101.65192,17.67443],[-101.65558,17.67721],[-101.65958,17.67329],[-101.66173,17.67611],[-101.65841,17.67893]]],[[[-100.61017,18.88711],[-100.60517,18.87568],[-100.59746,18.87618],[-100.58549,18.85876],[-100.55179,18.84554],[-100.5411,18.83673],[-100.53795,18.83618],[-100.53861,18.84411],[-100.51396,18.82931],[-100.50216,18.83086],[-100.49347,18.82391],[-100.48987,18.81038],[-100.49761,18.80596],[-100.49028,18.7893],[-100.48176,18.79865],[-100.46507,18.79444],[-100.45938,18.79689],[-100.456,18.77788],[-100.45103,18.78279],[-100.44181,18.77652],[-100.44093,18.78188],[-100.43656,18.78311],[-100.43527,18.77961],[-100.43063,18.78325],[-100.43179,18.7755],[-100.42614,18.77373],[-100.42775,18.76662],[-100.41808,18.75951],[-100.43712,18.75055],[-100.44428,18.72311],[-100.45037,18.71605],[-100.44713,18.70157],[-100.45447,18.69441],[-100.47833,18.68686],[-100.47776,18.67298],[-100.48841,18.65319],[-100.48702,18.64035],[-100.47638,18.63009],[-100.47428,18.61921],[-100.4465,18.62246],[-100.43683,18.61371],[-100.42973,18.59927],[-100.43693,18.59647],[-100.43684,18.58524],[-100.44935,18.55656],[-100.42909,18.51005],[-100.41136,18.52074],[-100.40591,18.53355],[-100.39595,18.54052],[-100.38237,18.53734],[-100.37369,18.52911],[-100.362,18.49684],[-100.36748,18.47538],[-100.38029,18.45566],[-100.38535,18.42652],[-100.35943,18.42346],[-100.34613,18.40031],[-100.31957,18.38064],[-100.31563,18.38139],[-100.30375,18.36701],[-100.29332,18.37529],[-100.29197,18.3816],[-100.28382,18.37786],[-100.27876,18.38079],[-100.27668,18.37208],[-100.27088,18.37373],[-100.26725,18.38577],[-100.26949,18.3999],[-100.26376,18.40851],[-100.26558,18.41218],[-100.26114,18.41285],[-100.26296,18.41778],[-100.26042,18.41556],[-100.25902,18.41835],[-100.25951,18.42743],[-100.24828,18.42676],[-100.24556,18.41872],[-100.23639,18.41677],[-100.23801,18.42522],[-100.23396,18.42371],[-100.23153,18.43194],[-100.22702,18.43085],[-100.22753,18.43535],[-100.22441,18.43412],[-100.21707,18.44592],[-100.2087,18.44916],[-100.20865,18.44123],[-100.19919,18.45193],[-100.20013,18.45669],[-100.18573,18.4551],[-100.18805,18.45909],[-100.18062,18.46409],[-100.18236,18.46812],[-100.17198,18.47151],[-100.1742,18.48168],[-100.17037,18.48342],[-100.1694,18.47907],[-100.16533,18.47971],[-100.16617,18.4865],[-100.15754,18.48681],[-100.15876,18.49182],[-100.14558,18.48802],[-100.14518,18.49804],[-100.13618,18.50612],[-100.13217,18.49996],[-100.12696,18.50264],[-100.128,18.5078],[-100.11851,18.50596],[-100.12245,18.51018],[-100.11864,18.50995],[-100.11797,18.51371],[-100.12267,18.51649],[-100.1045,18.52401],[-100.08994,18.52216],[-100.08533,18.53861],[-100.06888,18.56444],[-100.07072,18.58281],[-100.08241,18.58795],[-100.07175,18.59369],[-100.06359,18.5855],[-100.03757,18.59659],[-100.03356,18.60617],[-100.02496,18.60686],[-100.01512,18.59967],[-100.01061,18.59035],[-99.99929,18.58358],[-100.0016,18.56393],[-99.98969,18.5697],[-99.96166,18.55298],[-99.96101,18.56372],[-99.95792,18.56485],[-99.96057,18.56734],[-99.95295,18.5725],[-99.94715,18.58794],[-99.90699,18.60182],[-99.88845,18.61866],[-99.86893,18.6147],[-99.86373,18.61786],[-99.86329,18.61425],[-99.84761,18.60549],[-99.84471,18.60852],[-99.84913,18.61255],[-99.84835,18.62026],[-99.84298,18.62125],[-99.84371,18.62488],[-99.83786,18.62347],[-99.83047,18.62757],[-99.82768,18.62406],[-99.81655,18.625],[-99.81251,18.64086],[-99.80073,18.63184],[-99.793,18.63065],[-99.78331,18.64236],[-99.78457,18.65109],[-99.78031,18.65409],[-99.7843,18.66233],[-99.77434,18.67458],[-99.77241,18.68619],[-99.75489,18.69738],[-99.75829,18.71127],[-99.75392,18.71881],[-99.73909,18.72828],[-99.74067,18.73649],[-99.73702,18.73983],[-99.71815,18.73444],[-99.70472,18.73493],[-99.67956,18.71133],[-99.67196,18.7135],[-99.68417,18.73318],[-99.68186,18.73595],[-99.70915,18.76884],[-99.69473,18.77677],[-99.69699,18.78633],[-99.66145,18.7713],[-99.64873,18.74318],[-99.63831,18.73733],[-99.63688,18.72664],[-99.6309,18.72055],[-99.62111,18.72593],[-99.62286,18.73984],[-99.61877,18.74125],[-99.61429,18.73612],[-99.60573,18.74062],[-99.5899,18.7393],[-99.57971,18.73518],[-99.58168,18.72174],[-99.56977,18.70551],[-99.55534,18.69776],[-99.53643,18.69375],[-99.52234,18.70743],[-99.50452,18.7117],[-99.49441,18.72054],[-99.48556,18.69503],[-99.48016,18.69481],[-99.48291,18.69265],[-99.47757,18.67356],[-99.45809,18.63406],[-99.45388,18.6099],[-99.44609,18.61449],[-99.44119,18.61257],[-99.44049,18.59746],[-99.43517,18.59807],[-99.43564,18.59276],[-99.42937,18.58892],[-99.4197,18.59033],[-99.42529,18.57912],[-99.42287,18.56207],[-99.4078,18.55606],[-99.39026,18.52568],[-99.38529,18.52628],[-99.38387,18.52115],[-99.37921,18.52053],[-99.36294,18.49902],[-99.36423,18.48514],[-99.35505,18.47674],[-99.3574,18.46767],[-99.34344,18.46713],[-99.35267,18.48598],[-99.34555,18.48229],[-99.32826,18.48883],[-99.32836,18.45954],[-99.31214,18.45478],[-99.30423,18.45947],[-99.28741,18.45877],[-99.28014,18.45457],[-99.2476,18.451],[-99.246,18.45643],[-99.20541,18.45659],[-99.20667,18.44743],[-99.1779,18.42474],[-99.18233,18.43613],[-99.18131,18.44842],[-99.15612,18.46635],[-99.1424,18.46528],[-99.14487,18.47555],[-99.14062,18.47497],[-99.13943,18.46405],[-99.134,18.45796],[-99.13609,18.44918],[-99.12984,18.44092],[-99.12439,18.44124],[-99.13011,18.43221],[-99.12831,18.42731],[-99.11065,18.41907],[-99.10051,18.40119],[-99.08954,18.39998],[-99.07853,18.38706],[-99.08125,18.37311],[-99.07283,18.37731],[-99.06604,18.3671],[-99.06619,18.35939],[-99.07117,18.35948],[-99.06985,18.35042],[-99.07596,18.34238],[-99.06611,18.33306],[-99.06991,18.32423],[-99.06727,18.31902],[-99.06241,18.31953],[-99.06425,18.3087],[-99.05946,18.30471],[-99.06033,18.29724],[-99.05176,18.28981],[-99.06083,18.28196],[-99.06936,18.28323],[-99.06153,18.27146],[-99.05483,18.27135],[-99.05322,18.26415],[-99.06381,18.2625],[-99.0637,18.25148],[-99.05576,18.25017],[-99.0317,18.27231],[-99.0169,18.26639],[-99.01522,18.25823],[-99.01789,18.25907],[-99.02359,18.24918],[-99.01932,18.24541],[-99.01129,18.24749],[-99.00663,18.24408],[-98.9995,18.25038],[-98.98903,18.24932],[-98.995,18.23739],[-98.99405,18.21286],[-99.00006,18.1902],[-98.95721,18.18869],[-98.88187,18.16616],[-98.85236,18.1176],[-98.8698,18.05721],[-98.81299,18.06487],[-98.81129,18.05063],[-98.80033,18.05308],[-98.79706,18.06264],[-98.77901,18.05699],[-98.77262,18.04892],[-98.76418,18.05026],[-98.75913,18.04467],[-98.73509,18.04509],[-98.74414,18.03333],[-98.76425,18.02524],[-98.76709,18.01961],[-98.80125,18.02205],[-98.81587,18.00789],[-98.81493,18.00169],[-98.80169,18.003],[-98.76694,17.98926],[-98.75463,17.99073],[-98.74976,17.9835],[-98.74595,17.98606],[-98.73182,17.98255],[-98.71702,17.9736],[-98.71344,17.96663],[-98.70883,17.96754],[-98.70954,17.95953],[-98.70594,17.95561],[-98.70012,17.95448],[-98.68809,17.96194],[-98.68508,17.95589],[-98.6731,17.9503],[-98.67295,17.94327],[-98.662,17.94321],[-98.65053,17.93316],[-98.64032,17.93532],[-98.63297,17.94353],[-98.6235,17.94466],[-98.62205,17.94171],[-98.61048,17.95806],[-98.59775,17.96322],[-98.59632,17.95906],[-98.5932,17.96036],[-98.59518,17.96562],[-98.58552,17.97494],[-98.55538,17.97284],[-98.55394,17.97877],[-98.54377,17.97335],[-98.53843,17.9838],[-98.53605,17.97568],[-98.52962,17.97582],[-98.52559,17.98516],[-98.52672,17.99629],[-98.51451,17.99255],[-98.50048,17.99558],[-98.49449,17.98908],[-98.48679,17.9908],[-98.47638,17.98104],[-98.47146,17.99178],[-98.44813,17.99071],[-98.44018,17.98198],[-98.43275,17.9839],[-98.42509,17.97693],[-98.4319,17.97694],[-98.43273,17.972],[-98.43167,17.96278],[-98.42297,17.94933],[-98.42416,17.93824],[-98.43246,17.9261],[-98.44499,17.92229],[-98.43922,17.91899],[-98.43443,17.90837],[-98.43236,17.90133],[-98.43551,17.89141],[-98.43356,17.88894],[-98.42422,17.89224],[-98.42495,17.83959],[-98.47067,17.78909],[-98.49634,17.76881],[-98.48669,17.73373],[-98.4891,17.72171],[-98.48635,17.7051],[-98.48965,17.70344],[-98.48616,17.68099],[-98.4707,17.67809],[-98.46104,17.63036],[-98.4505,17.63334],[-98.4331,17.62299],[-98.41014,17.59977],[-98.37696,17.60535],[-98.36472,17.58262],[-98.35918,17.5841],[-98.3614,17.57927],[-98.35459,17.57897],[-98.35099,17.57137],[-98.35347,17.56486],[-98.3453,17.56259],[-98.34115,17.54192],[-98.32944,17.53298],[-98.33364,17.52551],[-98.33082,17.51176],[-98.32029,17.50688],[-98.31188,17.47749],[-98.32901,17.47873],[-98.33584,17.4563],[-98.30491,17.3943],[-98.28737,17.32901],[-98.3048,17.32752],[-98.31783,17.30238],[-98.32349,17.27594],[-98.30214,17.24628],[-98.28848,17.23822],[-98.27718,17.25007],[-98.2648,17.24636],[-98.24433,17.25146],[-98.22619,17.24189],[-98.20313,17.21629],[-98.20039,17.20381],[-98.20518,17.1991],[-98.20511,17.19102],[-98.21767,17.18686],[-98.21443,17.18451],[-98.22059,17.16423],[-98.2186,17.16029],[-98.22504,17.15228],[-98.21989,17.14504],[-98.22259,17.12215],[-98.21532,17.12453],[-98.21265,17.11872],[-98.19641,17.11609],[-98.19025,17.1196],[-98.15342,17.1104],[-98.15,17.10243],[-98.13,17.09548],[-98.118,17.09551],[-98.09877,17.08385],[-98.08091,17.06658],[-98.04571,17.05726],[-98.00727,17.04013],[-98.03015,17.01575],[-98.03515,17.02112],[-98.05749,17.02377],[-98.07522,17.00722],[-98.09711,16.96888],[-98.11125,16.95887],[-98.10647,16.95672],[-98.10745,16.94203],[-98.10049,16.94067],[-98.09563,16.92373],[-98.0871,16.91396],[-98.0803,16.88204],[-98.07233,16.87425],[-98.07646,16.84914],[-98.08399,16.84093],[-98.08109,16.8334],[-98.08769,16.82168],[-98.08637,16.81631],[-98.09381,16.81199],[-98.09275,16.80646],[-98.10004,16.79925],[-98.09787,16.79292],[-98.10456,16.78522],[-98.10815,16.76095],[-98.1205,16.75473],[-98.12872,16.76116],[-98.13517,16.75839],[-98.13474,16.7515],[-98.12423,16.74964],[-98.12801,16.74524],[-98.12569,16.73908],[-98.13652,16.73189],[-98.13899,16.72378],[-98.15371,16.72528],[-98.15981,16.71949],[-98.16593,16.72171],[-98.1752,16.718],[-98.18439,16.70514],[-98.19212,16.70641],[-98.1952,16.69876],[-98.20026,16.69723],[-98.20551,16.69801],[-98.20154,16.71267],[-98.22134,16.70855],[-98.23353,16.71736],[-98.23488,16.70705],[-98.23796,16.70741],[-98.24343,16.6967],[-98.2463,16.67236],[-98.23306,16.67063],[-98.23432,16.65637],[-98.22845,16.6395],[-98.22003,16.63199],[-98.2142,16.61879],[-98.19377,16.62146],[-98.20336,16.58718],[-98.20846,16.58464],[-98.20731,16.58989],[-98.22926,16.58089],[-98.24097,16.57276],[-98.2415,16.56777],[-98.26942,16.55845],[-98.29282,16.55778],[-98.2917,16.57006],[-98.32996,16.57275],[-98.34027,16.55817],[-98.37608,16.55229],[-98.38341,16.54964],[-98.38364,16.5452],[-98.39513,16.54683],[-98.3925,16.52738],[-98.38332,16.51265],[-98.38733,16.49778],[-98.36832,16.50085],[-98.36883,16.49118],[-98.35772,16.4926],[-98.35252,16.48943],[-98.35987,16.4717],[-98.34946,16.44558],[-98.39915,16.38051],[-98.45417,16.38579],[-98.45595,16.38042],[-98.46083,16.38327],[-98.47085,16.38115],[-98.47942,16.3731],[-98.48393,16.37415],[-98.48548,16.3688],[-98.49498,16.36864],[-98.49492,16.36504],[-98.50567,16.36048],[-98.5091,16.36306],[-98.52073,16.36005],[-98.53339,16.35158],[-98.54293,16.34311],[-98.5422,16.3327],[-98.5499,16.32614],[-98.54734,16.3212],[-98.55262,16.31595],[-98.56984,16.32609],[-98.56528,16.33425],[-98.57497,16.34907],[-98.65494,16.4267],[-98.70031,16.46373],[-98.72718,16.50213],[-98.77296,16.55494],[-98.80675,16.55829],[-98.84169,16.54849],[-98.85695,16.52825],[-98.88868,16.53563],[-98.90585,16.53442],[-99.07408,16.59189],[-99.33288,16.65845],[-99.46401,16.6827],[-99.56696,16.68903],[-99.60943,16.68408],[-99.65484,16.6954],[-99.70313,16.71429],[-99.74715,16.73691],[-99.81736,16.7888],[-99.82837,16.79134],[-99.83512,16.78295],[-99.84512,16.78431],[-99.84643,16.79282],[-99.85905,16.79624],[-99.84906,16.79919],[-99.83979,16.79398],[-99.83702,16.8057],[-99.84637,16.81103],[-99.85126,16.80584],[-99.8617,16.81022],[-99.86617,16.80782],[-99.87651,16.81454],[-99.86975,16.8184],[-99.86304,16.83479],[-99.85129,16.83669],[-99.85285,16.84646],[-99.86208,16.85513],[-99.88249,16.85966],[-99.89775,16.85408],[-99.911,16.84188],[-99.90403,16.83642],[-99.89679,16.84076],[-99.89197,16.83755],[-99.89405,16.83279],[-99.91574,16.82776],[-99.92004,16.83498],[-99.91527,16.84601],[-99.92397,16.84919],[-99.92297,16.85979],[-99.93275,16.86031],[-99.9453,16.87935],[-99.95803,16.88406],[-99.9592,16.89297],[-99.98987,16.90926],[-100.06975,16.93707],[-100.1216,16.94903],[-100.25923,17.0027],[-100.41855,17.0586],[-100.59843,17.11823],[-100.67513,17.13743],[-100.82422,17.19518],[-100.91582,17.22187],[-100.98802,17.25048],[-101.00708,17.25261],[-101.0348,17.26765],[-101.04869,17.27093],[-101.06108,17.26601],[-101.06565,17.27339],[-101.0633,17.27668],[-101.05544,17.27594],[-101.05026,17.29151],[-101.0567,17.30758],[-101.12272,17.36179],[-101.17419,17.38948],[-101.17216,17.39317],[-101.17914,17.40084],[-101.17947,17.40884],[-101.20356,17.42705],[-101.28707,17.46603],[-101.44336,17.52592],[-101.4529,17.52835],[-101.45704,17.52579],[-101.46055,17.53667],[-101.44294,17.53623],[-101.44049,17.55344],[-101.44359,17.5639],[-101.46016,17.58447],[-101.49072,17.61098],[-101.51679,17.6241],[-101.52718,17.61789],[-101.5288,17.62087],[-101.54016,17.61582],[-101.54311,17.61824],[-101.55265,17.6116],[-101.55448,17.61597],[-101.55719,17.61351],[-101.55773,17.61995],[-101.54559,17.62648],[-101.55135,17.63869],[-101.56014,17.63716],[-101.55773,17.63158],[-101.56199,17.63087],[-101.5616,17.62742],[-101.57087,17.62893],[-101.57266,17.62348],[-101.57179,17.63292],[-101.57707,17.63736],[-101.58549,17.63946],[-101.59628,17.63529],[-101.59768,17.64763],[-101.60638,17.66065],[-101.62048,17.66219],[-101.61997,17.66501],[-101.62618,17.66326],[-101.6313,17.66726],[-101.64915,17.66462],[-101.64256,17.67186],[-101.64678,17.68182],[-101.64748,17.70115],[-101.66719,17.73401],[-101.69885,17.76279],[-101.74763,17.79318],[-101.74514,17.7958],[-101.75017,17.80303],[-101.74889,17.80949],[-101.77139,17.8306],[-101.77062,17.84585],[-101.7852,17.86596],[-101.81806,17.89303],[-101.85482,17.90985],[-101.86557,17.91091],[-101.87118,17.91987],[-101.93741,17.95578],[-102.03321,17.98797],[-102.06508,17.98849],[-102.09945,17.98273],[-102.1379,17.94019],[-102.13782,17.94851],[-102.13298,17.95083],[-102.13754,17.96968],[-102.17327,17.98963],[-102.18015,17.9989],[-102.18434,18.02639],[-102.17845,18.03855],[-102.18434,18.05948],[-102.17844,18.07373],[-102.17977,18.08879],[-102.17444,18.11437],[-102.17827,18.12292],[-102.1632,18.14477],[-102.16181,18.16415],[-102.15063,18.16988],[-102.14245,18.18705],[-102.11864,18.18652],[-102.09414,18.1949],[-102.05736,18.19515],[-102.03867,18.20819],[-102.03079,18.20846],[-102.01905,18.20211],[-101.97814,18.20731],[-101.97372,18.21201],[-101.97778,18.22715],[-101.9734,18.2323],[-101.95062,18.22783],[-101.92796,18.23161],[-101.92011,18.24069],[-101.90664,18.24481],[-101.90711,18.26118],[-101.89681,18.27711],[-101.88303,18.26242],[-101.86324,18.26165],[-101.86335,18.26616],[-101.88291,18.27743],[-101.86269,18.28723],[-101.87019,18.30832],[-101.85571,18.31427],[-101.87079,18.33176],[-101.86242,18.34101],[-101.86156,18.35647],[-101.87405,18.36834],[-101.87303,18.38429],[-101.88931,18.40047],[-101.87375,18.43748],[-101.86043,18.44618],[-101.88792,18.48149],[-101.88895,18.49901],[-101.88225,18.53422],[-101.85927,18.55289],[-101.84384,18.57439],[-101.77179,18.60372],[-101.71735,18.61201],[-101.71047,18.60626],[-101.70568,18.59077],[-101.70117,18.58789],[-101.63898,18.60253],[-101.62449,18.59915],[-101.62015,18.58636],[-101.60508,18.57459],[-101.59799,18.54888],[-101.58947,18.54163],[-101.58831,18.52813],[-101.58356,18.52099],[-101.56423,18.50987],[-101.55034,18.5097],[-101.53842,18.49775],[-101.51805,18.49598],[-101.50744,18.48679],[-101.47993,18.4906],[-101.46801,18.48693],[-101.45741,18.49735],[-101.44194,18.48899],[-101.43215,18.50167],[-101.41757,18.49755],[-101.40688,18.51251],[-101.39491,18.50612],[-101.37858,18.50984],[-101.37085,18.50046],[-101.3656,18.49988],[-101.36241,18.50322],[-101.36187,18.52022],[-101.33449,18.52843],[-101.31898,18.52829],[-101.31318,18.5329],[-101.29895,18.53312],[-101.28207,18.54473],[-101.27001,18.53516],[-101.25931,18.53953],[-101.23806,18.53415],[-101.21189,18.53641],[-101.19628,18.52638],[-101.19156,18.51782],[-101.16821,18.52102],[-101.14278,18.51053],[-101.1315,18.51749],[-101.12026,18.50925],[-101.08865,18.50591],[-101.07552,18.51497],[-101.05449,18.51844],[-101.03796,18.5262],[-101.02091,18.52294],[-101.012,18.52754],[-101.00598,18.49365],[-100.98977,18.49127],[-100.9737,18.48196],[-100.96082,18.46502],[-100.96641,18.44852],[-100.95744,18.44443],[-100.94275,18.45507],[-100.92665,18.44395],[-100.92227,18.44456],[-100.91693,18.45166],[-100.91451,18.47175],[-100.89436,18.46314],[-100.88759,18.46813],[-100.88052,18.48748],[-100.87397,18.49201],[-100.85916,18.47838],[-100.83847,18.47307],[-100.79817,18.48054],[-100.78572,18.46351],[-100.77764,18.43954],[-100.76012,18.4352],[-100.75135,18.42577],[-100.73736,18.4273],[-100.72272,18.40045],[-100.71633,18.40088],[-100.70703,18.419],[-100.69104,18.41415],[-100.68776,18.40864],[-100.68932,18.39394],[-100.67495,18.38362],[-100.67669,18.37256],[-100.66359,18.36138],[-100.65707,18.36046],[-100.64299,18.34616],[-100.63967,18.36392],[-100.62693,18.37565],[-100.6106,18.37705],[-100.60966,18.38724],[-100.59614,18.39945],[-100.59957,18.40579],[-100.5895,18.4081],[-100.58822,18.41214],[-100.63148,18.43847],[-100.63724,18.45775],[-100.64797,18.45741],[-100.65245,18.46479],[-100.69778,18.49064],[-100.70461,18.48331],[-100.71503,18.48639],[-100.70697,18.4899],[-100.72267,18.51377],[-100.73198,18.52098],[-100.74422,18.51807],[-100.76489,18.56121],[-100.76419,18.58174],[-100.7512,18.64166],[-100.7601,18.64163],[-100.75944,18.65567],[-100.76551,18.66416],[-100.76127,18.67599],[-100.77027,18.69271],[-100.78426,18.687],[-100.78523,18.69464],[-100.77293,18.73256],[-100.78177,18.7451],[-100.78845,18.7412],[-100.7969,18.74627],[-100.79015,18.76144],[-100.79422,18.76479],[-100.79896,18.78453],[-100.78251,18.80165],[-100.79176,18.83417],[-100.7804,18.84836],[-100.78211,18.85425],[-100.77691,18.85975],[-100.76911,18.86023],[-100.76667,18.86541],[-100.7484,18.86793],[-100.74619,18.85798],[-100.73682,18.86051],[-100.73636,18.85131],[-100.724,18.84923],[-100.70998,18.83643],[-100.71196,18.82591],[-100.70275,18.82376],[-100.70583,18.7964],[-100.69606,18.79412],[-100.69203,18.8056],[-100.68469,18.80316],[-100.67992,18.80955],[-100.68,18.81722],[-100.66685,18.81938],[-100.67292,18.8248],[-100.66607,18.83425],[-100.65933,18.83397],[-100.65068,18.83994],[-100.6517,18.84794],[-100.64341,18.84887],[-100.64519,18.86031],[-100.64035,18.86217],[-100.64083,18.8659],[-100.62224,18.86683],[-100.62035,18.8785],[-100.61017,18.88711]]]]}},{"type":"Feature","properties":{"T00_CVEGEO":"13","T00_NOMGEO":"Hidalgo","NAME":"Hidalgo"},"geometry":{"type":"MultiPolygon","coordinates":[[[[-98.4832,21.39732],[-98.47972,21.39623],[-98.48108,21.3884],[-98.47333,21.39124],[-98.46869,21.38703],[-98.46546,21.37319],[-98.46995,21.35754],[-98.4636,21.35015],[-98.47787,21.34376],[-98.48517,21.35015],[-98.49561,21.34042],[-98.49556,21.32996],[-98.54397,21.2639],[-98.53785,21.26386],[-98.51654,21.24427],[-98.50225,21.246],[-98.499,21.25223],[-98.46835,21.24965],[-98.46925,21.23416],[-98.48081,21.23067],[-98.47965,21.22389],[-98.4728,21.21981],[-98.46775,21.22384],[-98.45694,21.21483],[-98.45289,21.21003],[-98.45962,21.2048],[-98.44667,21.19962],[-98.44939,21.18667],[-98.44676,21.17981],[-98.4301,21.17278],[-98.43025,21.16804],[-98.4237,21.16717],[-98.41643,21.15498],[-98.40454,21.15265],[-98.4038,21.15759],[-98.38933,21.15866],[-98.3868,21.16226],[-98.38021,21.15512],[-98.36623,21.16223],[-98.36203,21.15705],[-98.35368,21.1598],[-98.35075,21.15714],[-98.34211,21.16077],[-98.33814,21.17277],[-98.31585,21.18688],[-98.2979,21.1774],[-98.29956,21.18413],[-98.29597,21.18303],[-98.29614,21.18796],[-98.28717,21.19429],[-98.27912,21.19275],[-98.27551,21.18737],[-98.27857,21.17258],[-98.28468,21.16236],[-98.29535,21.15597],[-98.29451,21.14719],[-98.28118,21.14146],[-98.28217,21.13641],[-98.2625,21.14065],[-98.2491,21.1294],[-98.23691,21.14335],[-98.23125,21.14237],[-98.22734,21.15041],[-98.21682,21.15147],[-98.21682,21.14472],[-98.20862,21.14331],[-98.20505,21.13808],[-98.20741,21.12872],[-98.19514,21.12036],[-98.20197,21.10644],[-98.18635,21.11081],[-98.17485,21.10622],[-98.17095,21.09681],[-98.15094,21.08549],[-98.1474,21.07658],[-98.15452,21.06608],[-98.15077,21.04722],[-98.15567,21.03338],[-98.16269,21.02833],[-98.16115,21.01913],[-98.16389,21.01764],[-98.16786,21.02289],[-98.17631,21.02116],[-98.18266,21.02999],[-98.18826,21.0313],[-98.18899,21.01832],[-98.20206,21.01175],[-98.20061,20.99469],[-98.215,20.98962],[-98.21691,20.97374],[-98.21107,20.97224],[-98.20953,20.96709],[-98.2161,20.9526],[-98.22568,20.95942],[-98.22857,20.95761],[-98.23935,20.92302],[-98.22981,20.91459],[-98.2227,20.91844],[-98.22265,20.91336],[-98.22901,20.90819],[-98.22486,20.90635],[-98.23235,20.90011],[-98.25096,20.8973],[-98.2655,20.86653],[-98.25621,20.85897],[-98.2588,20.85506],[-98.25464,20.84895],[-98.26232,20.84689],[-98.25891,20.83397],[-98.2521,20.82781],[-98.25376,20.82149],[-98.2247,20.81823],[-98.23365,20.79755],[-98.24488,20.80222],[-98.24891,20.79637],[-98.24554,20.79331],[-98.24774,20.78943],[-98.25403,20.7941],[-98.26159,20.78597],[-98.27556,20.78601],[-98.27953,20.7827],[-98.28439,20.78666],[-98.29202,20.7855],[-98.2988,20.77784],[-98.30447,20.78273],[-98.29844,20.80143],[-98.30287,20.7959],[-98.30782,20.80191],[-98.31531,20.78874],[-98.32851,20.78409],[-98.33942,20.79668],[-98.34466,20.79748],[-98.31483,20.80981],[-98.31653,20.81777],[-98.32864,20.8205],[-98.32719,20.82943],[-98.35286,20.836],[-98.34514,20.86485],[-98.34888,20.86562],[-98.3575,20.85679],[-98.36583,20.86387],[-98.37112,20.86231],[-98.37965,20.85186],[-98.4029,20.85838],[-98.41141,20.85409],[-98.41371,20.84863],[-98.41942,20.8511],[-98.43063,20.84767],[-98.43232,20.84097],[-98.44367,20.83432],[-98.45055,20.82147],[-98.44963,20.80609],[-98.45584,20.78952],[-98.46322,20.78517],[-98.46051,20.77898],[-98.46455,20.77253],[-98.45603,20.75561],[-98.44972,20.75134],[-98.47069,20.74494],[-98.47601,20.73892],[-98.4968,20.73683],[-98.5036,20.73222],[-98.50813,20.74419],[-98.51665,20.74289],[-98.51449,20.73232],[-98.50643,20.73312],[-98.53015,20.7181],[-98.53264,20.7113],[-98.52907,20.70399],[-98.55017,20.68939],[-98.54262,20.66849],[-98.53339,20.66271],[-98.52504,20.68184],[-98.51743,20.68377],[-98.51482,20.6892],[-98.49721,20.69988],[-98.46033,20.71331],[-98.43385,20.74316],[-98.4255,20.74893],[-98.42144,20.74427],[-98.4248,20.73029],[-98.43346,20.71752],[-98.42919,20.71641],[-98.43926,20.70885],[-98.44334,20.70988],[-98.4459,20.69433],[-98.44921,20.70089],[-98.45988,20.6962],[-98.45854,20.68537],[-98.46368,20.66724],[-98.48601,20.65439],[-98.49484,20.64434],[-98.4895,20.61965],[-98.48011,20.60329],[-98.48017,20.589],[-98.4963,20.58949],[-98.50291,20.59587],[-98.51224,20.59422],[-98.52297,20.58181],[-98.52448,20.54836],[-98.53466,20.53065],[-98.54563,20.52104],[-98.55461,20.5187],[-98.5576,20.50936],[-98.58239,20.50549],[-98.59728,20.49577],[-98.57661,20.47607],[-98.57872,20.47323],[-98.5561,20.44962],[-98.55436,20.4385],[-98.54968,20.43536],[-98.55242,20.43189],[-98.55017,20.3957],[-98.54438,20.39234],[-98.54843,20.39024],[-98.54306,20.37556],[-98.54896,20.36028],[-98.54035,20.35808],[-98.53426,20.34622],[-98.51739,20.33685],[-98.49649,20.33869],[-98.46038,20.33145],[-98.41829,20.38005],[-98.38614,20.40271],[-98.37658,20.39851],[-98.37046,20.40188],[-98.35981,20.39981],[-98.33717,20.41413],[-98.32101,20.41801],[-98.31605,20.42319],[-98.31981,20.4244],[-98.31213,20.44976],[-98.28046,20.46937],[-98.27543,20.48124],[-98.27104,20.48192],[-98.25577,20.49994],[-98.24575,20.5044],[-98.24101,20.50057],[-98.2341,20.50619],[-98.22869,20.52083],[-98.21159,20.5287],[-98.18834,20.52322],[-98.18561,20.52756],[-98.17289,20.52971],[-98.16444,20.54119],[-98.15804,20.54256],[-98.15814,20.55026],[-98.15218,20.55451],[-98.15371,20.56522],[-98.14773,20.56266],[-98.13042,20.58445],[-98.13018,20.59093],[-98.12164,20.58609],[-98.12372,20.59212],[-98.11872,20.59413],[-98.1269,20.59726],[-98.11497,20.6001],[-98.10804,20.61139],[-98.11178,20.61593],[-98.10058,20.61387],[-98.09821,20.62437],[-98.08717,20.62287],[-98.0806,20.63351],[-98.0827,20.6422],[-98.07195,20.65772],[-98.07028,20.6682],[-98.07638,20.67142],[-98.0749,20.67654],[-98.06678,20.67387],[-98.03997,20.63193],[-98.02939,20.63212],[-98.021,20.62678],[-98.0177,20.6017],[-98.02872,20.58971],[-98.0083,20.53269],[-98.01826,20.52879],[-98.01726,20.52599],[-98.00347,20.52284],[-97.99876,20.5252],[-97.98506,20.5174],[-97.99742,20.50609],[-97.98878,20.49538],[-97.99336,20.48522],[-97.99901,20.48711],[-97.99984,20.48254],[-98.00886,20.48254],[-98.00834,20.47474],[-98.01406,20.46621],[-98.01155,20.46123],[-98.01497,20.45918],[-98.01138,20.45577],[-98.02194,20.44889],[-98.03384,20.44769],[-98.04455,20.43663],[-98.05199,20.44188],[-98.07048,20.43027],[-98.07659,20.42081],[-98.07189,20.41639],[-98.07904,20.40892],[-98.07731,20.40312],[-98.08837,20.3964],[-98.08937,20.38907],[-98.10149,20.38087],[-98.10187,20.37521],[-98.10838,20.37396],[-98.10673,20.36812],[-98.11564,20.3631],[-98.1125,20.35429],[-98.12618,20.34629],[-98.12683,20.33623],[-98.13915,20.3327],[-98.14501,20.33478],[-98.14264,20.33197],[-98.1466,20.33025],[-98.15761,20.33245],[-98.16325,20.32785],[-98.1813,20.33654],[-98.17786,20.32046],[-98.17907,20.29381],[-98.18994,20.29441],[-98.19448,20.29083],[-98.20649,20.29624],[-98.21594,20.29145],[-98.2305,20.29528],[-98.23647,20.30434],[-98.25402,20.30134],[-98.25756,20.29813],[-98.25619,20.28629],[-98.26042,20.28552],[-98.26603,20.27361],[-98.28444,20.26279],[-98.27892,20.22527],[-98.27054,20.2158],[-98.2438,20.21794],[-98.23559,20.22381],[-98.23476,20.23176],[-98.22913,20.23661],[-98.21676,20.23812],[-98.21296,20.23429],[-98.20829,20.23936],[-98.20936,20.24394],[-98.19239,20.25821],[-98.18487,20.25919],[-98.17592,20.25423],[-98.14772,20.22638],[-98.147,20.22061],[-98.15505,20.21743],[-98.15391,20.20858],[-98.14383,20.1995],[-98.13889,20.19983],[-98.12795,20.18594],[-98.13315,20.1662],[-98.12972,20.16148],[-98.13355,20.15947],[-98.1326,20.15503],[-98.1398,20.15479],[-98.13958,20.15014],[-98.10507,20.14228],[-98.09787,20.14539],[-98.10314,20.13715],[-98.10155,20.12973],[-98.10846,20.1208],[-98.1246,20.12407],[-98.12827,20.1072],[-98.1597,20.09257],[-98.15718,20.08486],[-98.16554,20.07403],[-98.16814,20.05723],[-98.1809,20.04698],[-98.17352,20.03447],[-98.17499,20.0296],[-98.16395,20.02245],[-98.17426,19.99774],[-98.16042,19.97813],[-98.18069,19.95975],[-98.19782,19.95979],[-98.20113,19.96447],[-98.21593,19.96852],[-98.22674,19.95622],[-98.22207,19.94693],[-98.2516,19.94815],[-98.25384,19.94607],[-98.24219,19.94115],[-98.25103,19.93485],[-98.25172,19.92949],[-98.25626,19.9293],[-98.25517,19.92547],[-98.2453,19.924],[-98.24807,19.91753],[-98.26781,19.91611],[-98.26603,19.90159],[-98.26934,19.89571],[-98.28664,19.88725],[-98.29093,19.88887],[-98.28791,19.88499],[-98.29252,19.87927],[-98.29107,19.87581],[-98.30447,19.87011],[-98.315,19.85511],[-98.30174,19.84737],[-98.30528,19.84587],[-98.28674,19.84909],[-98.26714,19.84333],[-98.26457,19.823],[-98.25488,19.81918],[-98.25085,19.81275],[-98.25102,19.79506],[-98.24469,19.79192],[-98.23481,19.77704],[-98.22983,19.77448],[-98.22563,19.77978],[-98.21615,19.77841],[-98.22142,19.77357],[-98.21071,19.77426],[-98.19448,19.76559],[-98.19866,19.75823],[-98.19569,19.74162],[-98.20933,19.73835],[-98.2151,19.74131],[-98.23626,19.72333],[-98.25957,19.71721],[-98.26563,19.71701],[-98.27197,19.72458],[-98.28051,19.72632],[-98.27966,19.71688],[-98.29331,19.72623],[-98.30155,19.72308],[-98.31108,19.72772],[-98.33166,19.72232],[-98.3333,19.70932],[-98.33004,19.69903],[-98.32094,19.70101],[-98.3238,19.68529],[-98.38169,19.60936],[-98.41266,19.6175],[-98.44142,19.61258],[-98.4507,19.61808],[-98.46675,19.61371],[-98.49019,19.61995],[-98.49161,19.60736],[-98.51923,19.6024],[-98.52826,19.61431],[-98.52595,19.61943],[-98.53557,19.63442],[-98.55039,19.61858],[-98.55016,19.62455],[-98.5556,19.6281],[-98.56371,19.62715],[-98.56136,19.63759],[-98.56635,19.64112],[-98.57993,19.63741],[-98.59034,19.61936],[-98.60983,19.60201],[-98.63101,19.60199],[-98.63468,19.59776],[-98.6459,19.60753],[-98.66314,19.60475],[-98.66557,19.60615],[-98.66192,19.61169],[-98.67239,19.62514],[-98.66762,19.64435],[-98.67005,19.65867],[-98.66643,19.66226],[-98.65554,19.65047],[-98.6531,19.65431],[-98.64381,19.64883],[-98.63494,19.65553],[-98.62444,19.65583],[-98.61966,19.66116],[-98.63989,19.67108],[-98.63223,19.67452],[-98.62391,19.69641],[-98.63079,19.7047],[-98.63292,19.72223],[-98.61589,19.72948],[-98.60809,19.72507],[-98.60321,19.73264],[-98.60208,19.75615],[-98.59686,19.76584],[-98.60059,19.76492],[-98.59942,19.76823],[-98.61166,19.77413],[-98.61223,19.78637],[-98.62525,19.78518],[-98.62355,19.79389],[-98.63878,19.80077],[-98.6399,19.81196],[-98.66081,19.83503],[-98.67478,19.83239],[-98.67247,19.81672],[-98.67587,19.81318],[-98.69763,19.83211],[-98.67183,19.85366],[-98.67265,19.86283],[-98.68084,19.86065],[-98.68536,19.85055],[-98.69912,19.85842],[-98.71281,19.8538],[-98.71854,19.86233],[-98.73884,19.86723],[-98.73917,19.87256],[-98.75235,19.87698],[-98.76144,19.8749],[-98.78057,19.88354],[-98.79392,19.87208],[-98.78949,19.86854],[-98.78971,19.86188],[-98.79516,19.85641],[-98.83665,19.88122],[-98.84403,19.88199],[-98.84094,19.89231],[-98.85582,19.90428],[-98.86589,19.89258],[-98.88315,19.90153],[-98.89205,19.89437],[-98.89588,19.8957],[-98.89826,19.8836],[-98.90411,19.88758],[-98.9092,19.87987],[-98.91182,19.88101],[-98.90971,19.87897],[-98.91747,19.86923],[-98.9052,19.86354],[-98.90878,19.85712],[-98.90297,19.8593],[-98.90785,19.84987],[-98.90601,19.84513],[-98.91632,19.83933],[-98.92762,19.84339],[-98.95003,19.79964],[-98.95539,19.79883],[-98.96091,19.80509],[-99.00819,19.8284],[-99.00014,19.83418],[-99.02057,19.86768],[-98.966,19.89165],[-98.95597,19.88516],[-98.95354,19.88854],[-98.96144,19.89364],[-98.95505,19.89639],[-98.95682,19.9056],[-98.95271,19.90671],[-98.9561,19.92818],[-98.96044,19.92506],[-98.96833,19.93381],[-98.98316,19.93861],[-98.98468,19.94631],[-98.99977,19.94182],[-98.99562,19.95689],[-98.98117,19.95472],[-98.96621,19.97399],[-98.94854,19.97402],[-98.94272,19.97907],[-98.94665,20.02747],[-98.96397,20.03123],[-98.95987,20.0326],[-98.95868,20.03956],[-98.98684,20.06121],[-98.98897,20.06826],[-98.99919,20.05416],[-99.00564,20.0532],[-99.01049,20.03548],[-99.00785,20.03113],[-99.00476,20.03267],[-99.00526,20.02894],[-99.01327,20.01092],[-99.01333,19.99765],[-99.02155,19.987],[-99.01309,19.98501],[-99.01423,19.97772],[-99.00754,19.97916],[-99.00411,19.96495],[-99.02765,19.96456],[-99.03451,19.97177],[-99.03193,19.99663],[-99.02742,20.00165],[-99.03083,20.00291],[-99.03134,20.01485],[-99.04942,20.00769],[-99.0522,20.00134],[-99.04764,19.99516],[-99.05849,19.9884],[-99.05609,19.98467],[-99.05957,19.97399],[-99.06755,19.98499],[-99.06383,20.01419],[-99.07832,20.0183],[-99.08544,20.03248],[-99.1586,20.02718],[-99.15931,20.01703],[-99.16136,20.01242],[-99.16737,20.01287],[-99.16787,20.00351],[-99.17999,19.99809],[-99.17721,19.99314],[-99.18321,19.9901],[-99.19004,19.99396],[-99.1892,19.98482],[-99.19691,19.98482],[-99.1975,19.97589],[-99.2125,19.96554],[-99.21539,19.95461],[-99.22775,19.95107],[-99.21856,19.92724],[-99.21151,19.92429],[-99.20921,19.93243],[-99.2056,19.9275],[-99.21072,19.91447],[-99.21915,19.91139],[-99.22019,19.90239],[-99.22392,19.902],[-99.21746,19.89142],[-99.22829,19.87504],[-99.24142,19.87526],[-99.24795,19.85978],[-99.26946,19.85955],[-99.27871,19.84041],[-99.28161,19.84261],[-99.28631,19.83716],[-99.29694,19.83522],[-99.31192,19.81416],[-99.3069,19.81297],[-99.31267,19.80523],[-99.30659,19.79769],[-99.32557,19.79309],[-99.33865,19.80203],[-99.3403,19.79431],[-99.34573,19.79313],[-99.34455,19.77945],[-99.35242,19.77586],[-99.35778,19.78157],[-99.3706,19.78184],[-99.38302,19.77141],[-99.38788,19.77791],[-99.38116,19.78405],[-99.39032,19.78573],[-99.38811,19.79172],[-99.37753,19.79645],[-99.38643,19.80444],[-99.38671,19.81303],[-99.38152,19.82028],[-99.38137,19.83138],[-99.37438,19.83791],[-99.37696,19.84495],[-99.37324,19.85154],[-99.39174,19.85991],[-99.41498,19.85052],[-99.42098,19.85512],[-99.42677,19.87499],[-99.43041,19.87088],[-99.4452,19.88432],[-99.43603,19.89614],[-99.43593,19.90313],[-99.45079,19.89461],[-99.46387,19.89259],[-99.48397,19.90517],[-99.47361,19.95444],[-99.47723,19.95479],[-99.47776,19.96056],[-99.45871,19.96651],[-99.45024,19.96424],[-99.45514,19.97972],[-99.44466,19.98475],[-99.44549,19.99122],[-99.43685,20.0013],[-99.44844,20.04218],[-99.45821,20.05503],[-99.45975,20.06545],[-99.481,20.08219],[-99.48349,20.10097],[-99.49491,20.11088],[-99.5013,20.127],[-99.51812,20.14566],[-99.5167,20.15035],[-99.50182,20.15328],[-99.51223,20.1751],[-99.52592,20.17329],[-99.52867,20.16358],[-99.53349,20.16205],[-99.54828,20.16313],[-99.55066,20.17139],[-99.57141,20.17021],[-99.57626,20.16209],[-99.59955,20.16967],[-99.63059,20.14569],[-99.64098,20.16423],[-99.65507,20.16309],[-99.65972,20.18082],[-99.66939,20.1793],[-99.67694,20.16247],[-99.68164,20.17032],[-99.68752,20.17118],[-99.70094,20.17266],[-99.71068,20.16622],[-99.71936,20.16713],[-99.74033,20.17795],[-99.74257,20.18357],[-99.79523,20.22774],[-99.79353,20.2314],[-99.78806,20.23003],[-99.79041,20.23799],[-99.84188,20.28188],[-99.85953,20.26463],[-99.82806,20.543],[-99.82127,20.54061],[-99.80462,20.54476],[-99.77932,20.5593],[-99.76965,20.55754],[-99.75342,20.56303],[-99.73868,20.56052],[-99.72824,20.5751],[-99.71445,20.57691],[-99.71194,20.58126],[-99.69641,20.57444],[-99.69493,20.58102],[-99.68439,20.57915],[-99.67873,20.58532],[-99.68025,20.58886],[-99.6633,20.59408],[-99.65786,20.6018],[-99.63458,20.60565],[-99.62421,20.60062],[-99.62417,20.59397],[-99.6195,20.5914],[-99.61291,20.59496],[-99.60741,20.6064],[-99.59273,20.61083],[-99.59378,20.61604],[-99.5897,20.6204],[-99.57894,20.61883],[-99.57864,20.62849],[-99.56534,20.64039],[-99.5388,20.64367],[-99.53595,20.6506],[-99.52703,20.65662],[-99.50191,20.65896],[-99.50429,20.66869],[-99.50063,20.67304],[-99.50384,20.67184],[-99.51103,20.67838],[-99.50493,20.68082],[-99.50553,20.6847],[-99.52271,20.70165],[-99.53427,20.70597],[-99.54366,20.71841],[-99.54846,20.73719],[-99.54277,20.74621],[-99.52552,20.75622],[-99.52173,20.75447],[-99.50973,20.76572],[-99.50381,20.76578],[-99.50644,20.77171],[-99.4963,20.78235],[-99.50218,20.78719],[-99.50376,20.79483],[-99.49725,20.79094],[-99.4887,20.79936],[-99.49972,20.80427],[-99.48528,20.81782],[-99.48872,20.83293],[-99.46547,20.8492],[-99.45653,20.84902],[-99.45442,20.85797],[-99.44606,20.85303],[-99.44857,20.85853],[-99.44067,20.87178],[-99.442,20.88129],[-99.435,20.89074],[-99.43522,20.89939],[-99.41255,20.90543],[-99.41558,20.9249],[-99.40303,20.93019],[-99.4023,20.93419],[-99.40723,20.9371],[-99.39062,20.95227],[-99.39274,20.95827],[-99.38827,20.9662],[-99.39632,20.98108],[-99.39126,20.98667],[-99.39365,20.99035],[-99.38995,21.00414],[-99.38404,21.00741],[-99.38457,21.01809],[-99.36835,21.02476],[-99.36749,21.03749],[-99.36324,21.04173],[-99.36416,21.04915],[-99.37707,21.05661],[-99.37358,21.06214],[-99.36822,21.06183],[-99.36743,21.06948],[-99.37581,21.07336],[-99.38767,21.06782],[-99.38881,21.07926],[-99.39433,21.07937],[-99.39866,21.089],[-99.39727,21.10207],[-99.38847,21.10411],[-99.37691,21.09822],[-99.36099,21.10478],[-99.35876,21.09966],[-99.35325,21.10291],[-99.34635,21.10087],[-99.34115,21.11011],[-99.34182,21.12366],[-99.3092,21.1473],[-99.30266,21.13942],[-99.29583,21.14176],[-99.28686,21.13097],[-99.28324,21.1318],[-99.28263,21.12244],[-99.27226,21.1216],[-99.27128,21.11307],[-99.24767,21.10126],[-99.23421,21.1128],[-99.23055,21.10755],[-99.21409,21.10677],[-99.20622,21.11869],[-99.18459,21.12226],[-99.17621,21.13784],[-99.16346,21.13986],[-99.15051,21.14775],[-99.14424,21.14514],[-99.13256,21.15303],[-99.12679,21.1467],[-99.11199,21.14834],[-99.11039,21.15661],[-99.09062,21.15309],[-99.07117,21.16602],[-99.07776,21.17074],[-99.07647,21.17346],[-99.0624,21.17431],[-99.05979,21.16751],[-99.0727,21.15796],[-99.06132,21.1542],[-99.04858,21.16981],[-99.04793,21.17792],[-99.04307,21.17867],[-99.05236,21.21951],[-99.06752,21.22334],[-99.07352,21.23042],[-99.06993,21.24305],[-99.05679,21.24697],[-99.05117,21.25343],[-99.05062,21.2747],[-99.05513,21.28254],[-99.04345,21.27943],[-99.03932,21.28421],[-99.03024,21.28392],[-99.00227,21.29795],[-98.97504,21.297],[-98.97483,21.30308],[-98.96529,21.30694],[-98.95651,21.3018],[-98.95316,21.30877],[-98.94495,21.31133],[-98.94028,21.2946],[-98.93257,21.29829],[-98.92927,21.29273],[-98.92793,21.26874],[-98.91772,21.2555],[-98.92287,21.24673],[-98.91781,21.23975],[-98.90994,21.24193],[-98.89988,21.23856],[-98.89888,21.23127],[-98.9078,21.23279],[-98.91507,21.22519],[-98.90637,21.22313],[-98.90363,21.21265],[-98.89513,21.21038],[-98.89542,21.20389],[-98.88512,21.19634],[-98.88265,21.17961],[-98.85739,21.18926],[-98.85209,21.1768],[-98.82494,21.16135],[-98.79907,21.16484],[-98.79395,21.16018],[-98.78856,21.16697],[-98.78987,21.1785],[-98.79859,21.17808],[-98.80814,21.19324],[-98.79735,21.19132],[-98.79796,21.18334],[-98.79084,21.18804],[-98.7808,21.18598],[-98.77291,21.17197],[-98.76407,21.17957],[-98.7673,21.18441],[-98.74652,21.18432],[-98.74131,21.19279],[-98.7355,21.18233],[-98.72765,21.17955],[-98.72833,21.18434],[-98.72383,21.18305],[-98.72033,21.18713],[-98.71471,21.18344],[-98.70874,21.18725],[-98.70211,21.18511],[-98.69937,21.17623],[-98.70365,21.16848],[-98.70251,21.16188],[-98.69663,21.16146],[-98.69111,21.16705],[-98.69464,21.18219],[-98.69169,21.18803],[-98.68515,21.19019],[-98.68265,21.20063],[-98.66892,21.19486],[-98.66377,21.18405],[-98.65829,21.1828],[-98.65852,21.1861],[-98.65051,21.18093],[-98.65062,21.18351],[-98.63914,21.18323],[-98.60873,21.2014],[-98.59944,21.24773],[-98.60685,21.24877],[-98.60892,21.2527],[-98.59996,21.2612],[-98.60499,21.26848],[-98.60109,21.2748],[-98.60393,21.27645],[-98.59523,21.28323],[-98.60164,21.2866],[-98.59912,21.29205],[-98.60467,21.30184],[-98.6122,21.29968],[-98.63141,21.31295],[-98.64759,21.31231],[-98.67072,21.32472],[-98.68358,21.34195],[-98.68108,21.34618],[-98.67508,21.34984],[-98.65274,21.34684],[-98.64404,21.36654],[-98.63855,21.36771],[-98.63721,21.36402],[-98.62857,21.36476],[-98.62715,21.35981],[-98.62349,21.36472],[-98.61901,21.35885],[-98.61423,21.36197],[-98.60716,21.35815],[-98.59693,21.35907],[-98.59004,21.37276],[-98.58125,21.36968],[-98.58074,21.37407],[-98.576,21.37463],[-98.56771,21.37077],[-98.56153,21.37744],[-98.55202,21.37946],[-98.54956,21.3846],[-98.54614,21.3806],[-98.54129,21.38395],[-98.53929,21.37908],[-98.53196,21.37853],[-98.5336,21.37446],[-98.52754,21.36655],[-98.52051,21.36863],[-98.51744,21.36186],[-98.51484,21.36521],[-98.51142,21.36251],[-98.50737,21.36997],[-98.51574,21.37229],[-98.50495,21.38199],[-98.50518,21.38866],[-98.49717,21.38606],[-98.48692,21.39238],[-98.48703,21.39815],[-98.4832,21.39732]]]]}},{"type":"Feature","properties":{"T00_CVEGEO":"14","T00_NOMGEO":"Jalisco","NAME":"Jalisco"},"geometry":{"type":"MultiPolygon","coordinates":[[[[-104.81445,19.22903],[-104.81436,19.22869],[-104.81413,19.22861],[-104.81375,19.22849],[-104.814,19.22779],[-104.81404,19.22778],[-104.81394,19.22754],[-104.81387,19.22729],[-104.81385,19.22727],[-104.81387,19.22702],[-104.81391,19.22682],[-104.81393,19.2267],[-104.81389,19.22657],[-104.81369,19.22635],[-104.81366,19.22635],[-104.81361,19.22634],[-104.81353,19.22614],[-104.81353,19.22605],[-104.81352,19.2259],[-104.81368,19.2258],[-104.81376,19.22577],[-104.81409,19.22556],[-104.81409,19.22555],[-104.81422,19.22538],[-104.81432,19.22527],[-104.81428,19.22512],[-104.81426,19.22511],[-104.81415,19.22506],[-104.81408,19.22502],[-104.81408,19.22502],[-104.81402,19.22494],[-104.814,19.22494],[-104.81393,19.22491],[-104.81391,19.22487],[-104.81391,19.22479],[-104.81394,19.22473],[-104.81406,19.22469],[-104.81408,19.22445],[-104.81423,19.22444],[-104.81439,19.22463],[-104.81445,19.22463],[-104.81444,19.2245],[-104.81457,19.22427],[-104.81468,19.22443],[-104.81484,19.22471],[-104.81487,19.2247],[-104.81498,19.22481],[-104.81521,19.22481],[-104.8152,19.22471],[-104.81532,19.22463],[-104.8154,19.22443],[-104.81552,19.22429],[-104.8154,19.22413],[-104.81539,19.22405],[-104.81538,19.22381],[-104.81561,19.22379],[-104.81575,19.224],[-104.81595,19.22412],[-104.81598,19.22411],[-104.81606,19.22381],[-104.81609,19.22357],[-104.81624,19.22359],[-104.81639,19.22353],[-104.81641,19.2233],[-104.81642,19.22322],[-104.81637,19.22315],[-104.81633,19.2231],[-104.81626,19.22304],[-104.81618,19.22294],[-104.81616,19.22289],[-104.81613,19.22277],[-104.81614,19.22268],[-104.81626,19.22258],[-104.8163,19.22253],[-104.81638,19.22236],[-104.81638,19.22228],[-104.81639,19.22222],[-104.81635,19.22212],[-104.81634,19.22206],[-104.81635,19.22205],[-104.81635,19.22201],[-104.81629,19.22194],[-104.81637,19.22171],[-104.8163,19.22152],[-104.81616,19.22166],[-104.81608,19.22121],[-104.81608,19.22108],[-104.81607,19.22092],[-104.81635,19.2209],[-104.81642,19.22092],[-104.81654,19.22107],[-104.81668,19.22104],[-104.81669,19.22105],[-104.81674,19.22123],[-104.81676,19.22134],[-104.8167,19.22162],[-104.81677,19.22182],[-104.81686,19.22196],[-104.81694,19.2221],[-104.81684,19.22233],[-104.81687,19.22249],[-104.81688,19.22259],[-104.8169,19.22272],[-104.81689,19.22282],[-104.8169,19.22287],[-104.81693,19.22297],[-104.81693,19.22311],[-104.81687,19.22328],[-104.81681,19.22339],[-104.81679,19.22343],[-104.81666,19.22358],[-104.81664,19.22366],[-104.81659,19.22384],[-104.81659,19.22396],[-104.81661,19.22411],[-104.8166,19.22412],[-104.81658,19.22416],[-104.81669,19.22412],[-104.81687,19.22429],[-104.81707,19.22401],[-104.81731,19.22401],[-104.81763,19.22407],[-104.81739,19.22445],[-104.81722,19.22464],[-104.81705,19.22454],[-104.81698,19.22477],[-104.817,19.22508],[-104.81691,19.22535],[-104.81691,19.22559],[-104.8169,19.22577],[-104.81704,19.22605],[-104.81699,19.22632],[-104.81687,19.22654],[-104.81676,19.22671],[-104.81674,19.22694],[-104.81673,19.22725],[-104.8163,19.22726],[-104.81618,19.22743],[-104.81605,19.22751],[-104.81607,19.2276],[-104.81609,19.2278],[-104.81595,19.22791],[-104.816,19.22803],[-104.81598,19.22814],[-104.8161,19.22818],[-104.81606,19.22845],[-104.81578,19.22848],[-104.8157,19.22863],[-104.81552,19.22873],[-104.81546,19.22877],[-104.81529,19.22878],[-104.81523,19.22878],[-104.81506,19.22881],[-104.81494,19.22898],[-104.81499,19.22902],[-104.815,19.22902],[-104.81506,19.22902],[-104.81513,19.2291],[-104.81515,19.22914],[-104.81525,19.22927],[-104.81509,19.22938],[-104.81518,19.22946],[-104.81508,19.22956],[-104.8149,19.2296],[-104.81477,19.22965],[-104.81486,19.22981],[-104.81486,19.22994],[-104.81486,19.22995],[-104.81494,19.22999],[-104.81496,19.23006],[-104.81494,19.2301],[-104.81488,19.23012],[-104.81497,19.23021],[-104.81487,19.23031],[-104.81467,19.23049],[-104.81484,19.23052],[-104.81462,19.23073],[-104.81455,19.23081],[-104.81484,19.23098],[-104.81489,19.23129],[-104.81418,19.23108],[-104.81392,19.23104],[-104.81384,19.23097],[-104.81385,19.23077],[-104.8139,19.23068],[-104.81392,19.23054],[-104.81377,19.2304],[-104.81372,19.23032],[-104.81378,19.23026],[-104.81379,19.23024],[-104.81389,19.23015],[-104.81399,19.23007],[-104.81402,19.22995],[-104.81406,19.22984],[-104.81417,19.2297],[-104.81426,19.22958],[-104.81436,19.22945],[-104.81439,19.22934],[-104.81445,19.22903]]],[[[-104.8125,19.23302],[-104.81267,19.2328],[-104.81268,19.23259],[-104.81217,19.23236],[-104.81221,19.2323],[-104.81225,19.23214],[-104.81269,19.23217],[-104.8126,19.232],[-104.81264,19.23186],[-104.8129,19.232],[-104.81322,19.23207],[-104.81339,19.23183],[-104.81335,19.23157],[-104.81307,19.23145],[-104.81301,19.23128],[-104.81302,19.23128],[-104.8131,19.23114],[-104.8132,19.2311],[-104.81331,19.23097],[-104.81338,19.23092],[-104.81351,19.23101],[-104.81378,19.23118],[-104.81394,19.23127],[-104.81399,19.23148],[-104.81403,19.23157],[-104.81403,19.23171],[-104.81418,19.23192],[-104.81407,19.2321],[-104.81415,19.23265],[-104.81424,19.23297],[-104.81456,19.23294],[-104.81481,19.23309],[-104.81419,19.23328],[-104.81378,19.2334],[-104.81354,19.2335],[-104.81372,19.23386],[-104.81372,19.23396],[-104.81368,19.23411],[-104.81367,19.23412],[-104.81356,19.23427],[-104.81296,19.23425],[-104.81285,19.2339],[-104.81258,19.23358],[-104.81204,19.23327],[-104.8125,19.23302]]],[[[-104.87614,19.27336],[-104.87599,19.27322],[-104.87589,19.27323],[-104.87588,19.27302],[-104.87594,19.27287],[-104.87611,19.27268],[-104.87615,19.27268],[-104.87625,19.27254],[-104.87647,19.27248],[-104.8765,19.27236],[-104.87685,19.2725],[-104.87707,19.27266],[-104.87728,19.27265],[-104.87746,19.27275],[-104.87749,19.27305],[-104.87736,19.27316],[-104.8772,19.27328],[-104.87718,19.27337],[-104.87714,19.27358],[-104.87685,19.27372],[-104.87649,19.27354],[-104.87623,19.27351],[-104.87616,19.27345],[-104.87614,19.27336]]],[[[-104.9599,19.30605],[-104.96008,19.30604],[-104.96016,19.30609],[-104.96021,19.3062],[-104.96021,19.30641],[-104.96027,19.30656],[-104.96051,19.30674],[-104.96067,19.30699],[-104.96094,19.30769],[-104.96097,19.30786],[-104.96091,19.30797],[-104.96074,19.30806],[-104.96059,19.30812],[-104.96045,19.30802],[-104.96038,19.3079],[-104.96024,19.30783],[-104.96011,19.30781],[-104.95953,19.30709],[-104.9596,19.30682],[-104.95973,19.30672],[-104.95984,19.30656],[-104.95987,19.30647],[-104.95978,19.30627],[-104.95982,19.30614],[-104.9599,19.30605]]],[[[-104.95526,19.31013],[-104.95524,19.31006],[-104.95528,19.31002],[-104.95537,19.31003],[-104.95541,19.31006],[-104.95548,19.31008],[-104.95553,19.31003],[-104.95555,19.30995],[-104.95556,19.30974],[-104.95557,19.30958],[-104.9556,19.3095],[-104.95568,19.30943],[-104.95581,19.30958],[-104.95595,19.3095],[-104.95607,19.30956],[-104.95612,19.30963],[-104.95632,19.30969],[-104.95635,19.30975],[-104.95629,19.30991],[-104.9564,19.30997],[-104.95657,19.31015],[-104.95657,19.31034],[-104.95627,19.3105],[-104.95614,19.31051],[-104.95592,19.31055],[-104.95578,19.31057],[-104.95561,19.31057],[-104.95553,19.31054],[-104.95552,19.31054],[-104.95531,19.31039],[-104.95531,19.31034],[-104.95528,19.31028],[-104.95526,19.31023],[-104.95526,19.31018],[-104.95526,19.31013]]],[[[-104.95147,19.31424],[-104.95154,19.31421],[-104.95166,19.31433],[-104.9518,19.31446],[-104.95193,19.31462],[-104.95195,19.31478],[-104.95199,19.3149],[-104.95209,19.3151],[-104.95194,19.31526],[-104.95178,19.31527],[-104.95167,19.31523],[-104.95163,19.3152],[-104.95159,19.31518],[-104.95146,19.3151],[-104.9514,19.31505],[-104.95134,19.31496],[-104.95133,19.31479],[-104.95124,19.31455],[-104.9513,19.31442],[-104.95135,19.31434],[-104.95147,19.31424]]],[[[-105.03527,19.39091],[-105.03506,19.39084],[-105.03498,19.39088],[-105.03489,19.39089],[-105.03479,19.39089],[-105.03478,19.3908],[-105.03476,19.3907],[-105.03472,19.39067],[-105.03467,19.39057],[-105.03465,19.39042],[-105.03464,19.39037],[-105.03462,19.39031],[-105.03452,19.39022],[-105.03442,19.39018],[-105.03432,19.39018],[-105.03428,19.39022],[-105.03426,19.39029],[-105.03413,19.39035],[-105.03404,19.39032],[-105.03394,19.39026],[-105.03392,19.39009],[-105.03396,19.38995],[-105.03395,19.38979],[-105.03398,19.38975],[-105.03406,19.38969],[-105.03407,19.38967],[-105.03407,19.38957],[-105.03407,19.38947],[-105.03404,19.38938],[-105.03405,19.38929],[-105.03398,19.38905],[-105.03408,19.38897],[-105.03424,19.38896],[-105.03438,19.38895],[-105.03456,19.38901],[-105.03475,19.38915],[-105.03491,19.38913],[-105.0351,19.389],[-105.03514,19.38887],[-105.03528,19.38875],[-105.03552,19.38875],[-105.0356,19.38877],[-105.0357,19.38884],[-105.03585,19.38883],[-105.03589,19.38888],[-105.036,19.38902],[-105.03603,19.38908],[-105.03602,19.38923],[-105.03593,19.38927],[-105.03586,19.38932],[-105.03574,19.38942],[-105.03569,19.38968],[-105.03576,19.38986],[-105.03581,19.3901],[-105.03582,19.39026],[-105.0358,19.39037],[-105.03576,19.39053],[-105.03574,19.39063],[-105.03569,19.39073],[-105.03549,19.39088],[-105.03547,19.39091],[-105.03536,19.39095],[-105.03527,19.39091]]],[[[-105.03569,19.44107],[-105.03555,19.441],[-105.0354,19.44106],[-105.03529,19.44105],[-105.03527,19.4411],[-105.03526,19.4411],[-105.03522,19.44104],[-105.03515,19.44092],[-105.03506,19.44078],[-105.03482,19.44073],[-105.03475,19.44047],[-105.03497,19.44043],[-105.035,19.44022],[-105.03498,19.44011],[-105.03511,19.43988],[-105.0353,19.43985],[-105.03539,19.43968],[-105.03572,19.43961],[-105.03574,19.4398],[-105.03582,19.43998],[-105.03581,19.44014],[-105.03585,19.44024],[-105.03606,19.44005],[-105.03615,19.44008],[-105.03636,19.4401],[-105.03631,19.4402],[-105.03624,19.44033],[-105.03621,19.44058],[-105.03605,19.44076],[-105.03603,19.44089],[-105.03604,19.44103],[-105.0359,19.44119],[-105.03569,19.44107]]],[[[-105.06352,19.47677],[-105.06332,19.47654],[-105.06341,19.47644],[-105.06343,19.47632],[-105.0636,19.47635],[-105.06379,19.47643],[-105.06394,19.4765],[-105.06405,19.47658],[-105.0641,19.47658],[-105.06414,19.47663],[-105.06425,19.4766],[-105.06445,19.47655],[-105.06465,19.47651],[-105.06482,19.47635],[-105.0655,19.47624],[-105.06582,19.47618],[-105.06604,19.47624],[-105.06626,19.47635],[-105.06622,19.47651],[-105.06604,19.47662],[-105.06562,19.47666],[-105.06507,19.47675],[-105.06483,19.47679],[-105.06462,19.4771],[-105.06401,19.47719],[-105.06377,19.47701],[-105.06352,19.47677]]],[[[-105.06664,19.47913],[-105.06639,19.47906],[-105.06639,19.47906],[-105.06629,19.47902],[-105.06618,19.47905],[-105.06605,19.47902],[-105.066,19.47895],[-105.06588,19.4789],[-105.06571,19.47882],[-105.06553,19.47872],[-105.06484,19.47872],[-105.06483,19.47872],[-105.06454,19.47857],[-105.06453,19.47875],[-105.0646,19.47891],[-105.06448,19.47897],[-105.06429,19.47882],[-105.06423,19.47863],[-105.0643,19.47844],[-105.06428,19.47838],[-105.0642,19.47831],[-105.06416,19.47818],[-105.06405,19.47807],[-105.06387,19.47785],[-105.06412,19.4776],[-105.0646,19.47741],[-105.06493,19.47737],[-105.06541,19.47745],[-105.06573,19.47761],[-105.06606,19.47758],[-105.06696,19.47757],[-105.06663,19.47734],[-105.06698,19.47714],[-105.06733,19.47744],[-105.06805,19.47745],[-105.06843,19.47777],[-105.06822,19.47833],[-105.06785,19.47833],[-105.06772,19.47811],[-105.06751,19.4781],[-105.06714,19.47808],[-105.0669,19.47788],[-105.06647,19.47778],[-105.06652,19.47802],[-105.06612,19.47806],[-105.06602,19.47835],[-105.06607,19.47849],[-105.06615,19.47868],[-105.06634,19.47876],[-105.06651,19.47888],[-105.0667,19.47906],[-105.06669,19.47917],[-105.06664,19.47913]]],[[[-105.08543,19.51481],[-105.08542,19.51479],[-105.08536,19.51479],[-105.08534,19.5148],[-105.0853,19.5148],[-105.08526,19.5148],[-105.0851,19.51475],[-105.08505,19.51471],[-105.08499,19.51462],[-105.08497,19.51452],[-105.08498,19.51423],[-105.08502,19.51399],[-105.08508,19.51388],[-105.08512,19.51385],[-105.08519,19.51382],[-105.08536,19.51382],[-105.08563,19.51383],[-105.08573,19.51387],[-105.08576,19.51389],[-105.0858,19.51391],[-105.08587,19.51394],[-105.08593,19.51401],[-105.08605,19.51416],[-105.08614,19.51438],[-105.08618,19.51445],[-105.08618,19.51454],[-105.08617,19.51459],[-105.08616,19.51464],[-105.08613,19.51469],[-105.0861,19.51472],[-105.08607,19.51479],[-105.08601,19.51485],[-105.08573,19.51496],[-105.08559,19.51497],[-105.0855,19.51492],[-105.08544,19.51489],[-105.08543,19.51484],[-105.08543,19.51481]]],[[[-105.08632,19.52275],[-105.08627,19.52274],[-105.08624,19.52274],[-105.0861,19.52281],[-105.08597,19.5228],[-105.08573,19.5227],[-105.08556,19.52259],[-105.08548,19.52249],[-105.08544,19.5223],[-105.08548,19.52209],[-105.08562,19.52198],[-105.08568,19.52186],[-105.08571,19.52162],[-105.08555,19.52154],[-105.08562,19.52109],[-105.08598,19.52112],[-105.08631,19.52153],[-105.08675,19.52143],[-105.08698,19.5215],[-105.08692,19.52177],[-105.0868,19.52186],[-105.08701,19.52199],[-105.08688,19.52205],[-105.08682,19.52209],[-105.08672,19.52218],[-105.08648,19.52219],[-105.08647,19.52223],[-105.08668,19.52246],[-105.08677,19.52253],[-105.08711,19.52255],[-105.08719,19.52262],[-105.08715,19.52275],[-105.08714,19.52276],[-105.08698,19.52277],[-105.08689,19.5228],[-105.08669,19.52281],[-105.08663,19.52282],[-105.08658,19.52283],[-105.08643,19.52281],[-105.08639,19.5228],[-105.08632,19.52275]]],[[[-105.09325,19.52646],[-105.09101,19.52329],[-105.09588,19.52598],[-105.09325,19.52646]]],[[[-105.09357,19.53045],[-105.09348,19.53044],[-105.09331,19.53047],[-105.0932,19.53043],[-105.09308,19.53038],[-105.09308,19.5302],[-105.09324,19.53009],[-105.09335,19.52998],[-105.09358,19.52993],[-105.09373,19.52993],[-105.09384,19.52991],[-105.09389,19.52986],[-105.09402,19.5295],[-105.09403,19.52941],[-105.09404,19.52932],[-105.09413,19.52919],[-105.09433,19.52915],[-105.09445,19.52916],[-105.09452,19.52926],[-105.09455,19.52938],[-105.09445,19.52951],[-105.09437,19.52955],[-105.09427,19.52955],[-105.09423,19.52959],[-105.09417,19.52976],[-105.09421,19.53006],[-105.09424,19.53014],[-105.09423,19.53023],[-105.09418,19.53032],[-105.09415,19.53042],[-105.09397,19.53055],[-105.09376,19.53055],[-105.09364,19.53047],[-105.09357,19.53045]]],[[[-105.08832,19.53321],[-105.0883,19.53299],[-105.08831,19.53273],[-105.08831,19.53246],[-105.08821,19.53223],[-105.08812,19.53201],[-105.0879,19.53185],[-105.08779,19.53172],[-105.08785,19.53163],[-105.08808,19.53154],[-105.0883,19.53166],[-105.0885,19.53167],[-105.08871,19.53174],[-105.08894,19.53172],[-105.08911,19.5318],[-105.08919,19.53191],[-105.08952,19.53184],[-105.08952,19.53201],[-105.08974,19.53213],[-105.0899,19.53236],[-105.08967,19.53244],[-105.08947,19.53253],[-105.08957,19.53268],[-105.08963,19.53288],[-105.08962,19.53306],[-105.08964,19.53321],[-105.08926,19.53318],[-105.08908,19.53336],[-105.08891,19.53351],[-105.08856,19.5334],[-105.08832,19.53321]]],[[[-105.08874,19.53611],[-105.08838,19.53606],[-105.08829,19.53598],[-105.08826,19.53572],[-105.08839,19.53537],[-105.08831,19.53517],[-105.08792,19.53549],[-105.08768,19.53574],[-105.0876,19.53551],[-105.08765,19.53533],[-105.08763,19.53513],[-105.08761,19.5351],[-105.08752,19.53501],[-105.08724,19.53493],[-105.08714,19.53486],[-105.08705,19.53469],[-105.08719,19.53433],[-105.08742,19.53434],[-105.08762,19.53439],[-105.08775,19.5343],[-105.08795,19.53423],[-105.08801,19.53407],[-105.0881,19.534],[-105.08825,19.53387],[-105.08859,19.53384],[-105.08893,19.53401],[-105.08928,19.534],[-105.08913,19.53417],[-105.08935,19.53424],[-105.08941,19.53434],[-105.08952,19.53441],[-105.08961,19.53448],[-105.08964,19.53458],[-105.08959,19.53483],[-105.08959,19.5349],[-105.08956,19.53499],[-105.08948,19.53497],[-105.08932,19.53501],[-105.08918,19.53501],[-105.08894,19.53507],[-105.08925,19.53543],[-105.08918,19.5355],[-105.08887,19.53553],[-105.08899,19.53577],[-105.08896,19.53592],[-105.08895,19.53599],[-105.089,19.53607],[-105.08893,19.5361],[-105.08885,19.53609],[-105.08874,19.53611]]],[[[-105.09217,19.53504],[-105.09246,19.53492],[-105.09272,19.53498],[-105.0928,19.53514],[-105.09281,19.53526],[-105.09279,19.53546],[-105.09276,19.53553],[-105.09261,19.53567],[-105.09256,19.53575],[-105.09252,19.53603],[-105.09247,19.53622],[-105.09237,19.53632],[-105.09222,19.53638],[-105.09211,19.53638],[-105.09199,19.53634],[-105.09194,19.53628],[-105.09187,19.53604],[-105.09189,19.5359],[-105.09194,19.53581],[-105.09197,19.53578],[-105.09201,19.53571],[-105.09202,19.53566],[-105.09201,19.53532],[-105.09204,19.53521],[-105.09204,19.5352],[-105.0921,19.5351],[-105.09217,19.53504]]],[[[-105.09398,19.54045],[-105.09369,19.54021],[-105.09353,19.5403],[-105.09318,19.54023],[-105.09287,19.5401],[-105.09278,19.54007],[-105.09262,19.53993],[-105.09241,19.53985],[-105.09224,19.53972],[-105.09222,19.5395],[-105.09207,19.53929],[-105.09222,19.53914],[-105.09235,19.53902],[-105.09241,19.53878],[-105.09269,19.53864],[-105.09275,19.53843],[-105.09302,19.53818],[-105.09322,19.53793],[-105.09337,19.53789],[-105.09355,19.53798],[-105.09357,19.53812],[-105.09345,19.53823],[-105.09353,19.53829],[-105.09369,19.53833],[-105.09373,19.53824],[-105.09386,19.53813],[-105.09406,19.5381],[-105.0942,19.53798],[-105.09426,19.53784],[-105.0944,19.53787],[-105.09446,19.53801],[-105.0945,19.53808],[-105.09455,19.53822],[-105.09443,19.5383],[-105.09429,19.53836],[-105.09436,19.53838],[-105.09452,19.53836],[-105.0946,19.53847],[-105.0948,19.53865],[-105.095,19.53869],[-105.09511,19.53878],[-105.09514,19.53899],[-105.09507,19.53908],[-105.095,19.53915],[-105.09494,19.53934],[-105.09507,19.5396],[-105.09506,19.53979],[-105.09496,19.5399],[-105.09496,19.54006],[-105.09482,19.54014],[-105.09463,19.5402],[-105.09443,19.54022],[-105.09441,19.54039],[-105.09424,19.54047],[-105.09406,19.54045],[-105.09398,19.54045]]],[[[-105.11418,19.54916],[-105.11404,19.54891],[-105.11389,19.54855],[-105.11338,19.54864],[-105.11307,19.54854],[-105.11318,19.54832],[-105.11366,19.54815],[-105.11421,19.54772],[-105.11466,19.54788],[-105.11516,19.54758],[-105.11534,19.54722],[-105.11585,19.54727],[-105.11592,19.54728],[-105.116,19.5473],[-105.11609,19.54747],[-105.11613,19.5476],[-105.11608,19.54771],[-105.116,19.54777],[-105.11592,19.54786],[-105.11578,19.54793],[-105.11567,19.54812],[-105.11575,19.54828],[-105.11562,19.54838],[-105.11571,19.54853],[-105.11563,19.54867],[-105.11567,19.54878],[-105.11555,19.5489],[-105.11531,19.54883],[-105.11513,19.54893],[-105.11495,19.54901],[-105.11476,19.54913],[-105.11438,19.54911],[-105.11418,19.54916]]],[[[-105.10847,19.55073],[-105.10804,19.54453],[-105.1133,19.54543],[-105.10847,19.55073]]],[[[-105.10767,19.55647],[-105.10747,19.55642],[-105.10732,19.55643],[-105.10711,19.55643],[-105.10684,19.5564],[-105.1066,19.55635],[-105.10639,19.55609],[-105.10654,19.55584],[-105.10675,19.55569],[-105.1072,19.55564],[-105.10753,19.5557],[-105.10763,19.55564],[-105.10773,19.55567],[-105.10772,19.55574],[-105.10794,19.55572],[-105.10802,19.55578],[-105.1081,19.55589],[-105.10819,19.55601],[-105.10823,19.55624],[-105.10822,19.5564],[-105.10816,19.55651],[-105.10802,19.55652],[-105.10789,19.55652],[-105.10767,19.55647]]],[[[-105.11052,19.56171],[-105.11019,19.56136],[-105.11006,19.56109],[-105.11023,19.56064],[-105.11047,19.56057],[-105.11054,19.56046],[-105.11056,19.56014],[-105.11086,19.56005],[-105.11123,19.55981],[-105.11127,19.55941],[-105.11158,19.55931],[-105.11186,19.55912],[-105.11206,19.55875],[-105.11193,19.55847],[-105.11158,19.55832],[-105.11147,19.55817],[-105.11147,19.55773],[-105.11163,19.55734],[-105.11199,19.55706],[-105.11232,19.55702],[-105.11261,19.55713],[-105.11291,19.55715],[-105.11325,19.55713],[-105.11356,19.5573],[-105.11362,19.55754],[-105.11391,19.55753],[-105.11413,19.55735],[-105.11404,19.55711],[-105.11415,19.5569],[-105.11437,19.55685],[-105.11435,19.55638],[-105.1144,19.55607],[-105.11451,19.55583],[-105.11475,19.55588],[-105.11477,19.55609],[-105.1148,19.55621],[-105.11493,19.55621],[-105.11524,19.55609],[-105.11544,19.55609],[-105.11564,19.55607],[-105.11561,19.5559],[-105.1159,19.55588],[-105.11604,19.55593],[-105.11606,19.55566],[-105.11626,19.5554],[-105.11652,19.55529],[-105.11672,19.55516],[-105.11686,19.55509],[-105.11696,19.55493],[-105.11716,19.55497],[-105.11717,19.55521],[-105.11707,19.55535],[-105.11716,19.55557],[-105.11725,19.55569],[-105.11728,19.55586],[-105.11736,19.55611],[-105.11734,19.55633],[-105.11725,19.55668],[-105.11699,19.55685],[-105.11677,19.55681],[-105.11644,19.55662],[-105.11637,19.55656],[-105.11621,19.55657],[-105.11637,19.55675],[-105.1165,19.55706],[-105.11645,19.55754],[-105.11641,19.55789],[-105.11626,19.55821],[-105.11603,19.55832],[-105.1157,19.55832],[-105.11541,19.5582],[-105.11512,19.55809],[-105.1149,19.55799],[-105.11482,19.55797],[-105.11482,19.55816],[-105.11491,19.55839],[-105.11486,19.55847],[-105.1147,19.55835],[-105.11448,19.55829],[-105.11438,19.55832],[-105.11455,19.55856],[-105.11457,19.55911],[-105.11455,19.55962],[-105.1144,19.55993],[-105.11431,19.56025],[-105.11406,19.56046],[-105.11375,19.56057],[-105.11349,19.56046],[-105.11322,19.56032],[-105.11304,19.56013],[-105.11278,19.5601],[-105.11287,19.56031],[-105.11302,19.56041],[-105.11295,19.56067],[-105.113,19.56088],[-105.11322,19.56107],[-105.11357,19.56115],[-105.1136,19.56131],[-105.11357,19.56152],[-105.11329,19.56167],[-105.11307,19.56164],[-105.11286,19.5616],[-105.11278,19.56172],[-105.11245,19.56176],[-105.11176,19.56183],[-105.11159,19.56183],[-105.11121,19.56185],[-105.11052,19.56171]]],[[[-105.13068,19.57315],[-105.13079,19.57312],[-105.1309,19.57314],[-105.13098,19.57317],[-105.13107,19.57327],[-105.13107,19.57353],[-105.13107,19.57375],[-105.131,19.57387],[-105.13091,19.57392],[-105.13087,19.57393],[-105.13075,19.57393],[-105.13062,19.57387],[-105.13055,19.57367],[-105.13055,19.57346],[-105.13062,19.57322],[-105.13067,19.57315],[-105.13068,19.57315]]],[[[-105.1334,19.57422],[-105.13332,19.57414],[-105.13322,19.57416],[-105.13285,19.57423],[-105.13271,19.57423],[-105.13258,19.5742],[-105.13241,19.57406],[-105.13238,19.57395],[-105.13241,19.57381],[-105.13246,19.57366],[-105.13255,19.57357],[-105.13296,19.57342],[-105.13326,19.57342],[-105.13408,19.57353],[-105.13436,19.57355],[-105.1344,19.57355],[-105.13444,19.57357],[-105.1345,19.57364],[-105.13451,19.57376],[-105.13453,19.57377],[-105.13427,19.57402],[-105.13427,19.57402],[-105.1341,19.57408],[-105.13399,19.57413],[-105.13394,19.57416],[-105.13375,19.57425],[-105.13365,19.57426],[-105.13354,19.57424],[-105.1334,19.57422]]],[[[-105.13482,19.57502],[-105.13498,19.57475],[-105.13477,19.57479],[-105.13454,19.57485],[-105.13475,19.57461],[-105.1349,19.57436],[-105.1353,19.57404],[-105.13579,19.57377],[-105.13652,19.57381],[-105.13655,19.57382],[-105.13668,19.57389],[-105.13693,19.57436],[-105.1369,19.57452],[-105.13673,19.57465],[-105.13654,19.57468],[-105.13641,19.5748],[-105.13614,19.57476],[-105.13588,19.57481],[-105.13568,19.57487],[-105.13553,19.57499],[-105.13537,19.57508],[-105.13533,19.57513],[-105.13528,19.57519],[-105.13489,19.57509],[-105.13482,19.57502]]],[[[-105.14716,19.5791],[-105.14712,19.57902],[-105.14695,19.57903],[-105.1468,19.57906],[-105.14662,19.57899],[-105.1466,19.57878],[-105.14676,19.57867],[-105.14688,19.57863],[-105.14701,19.57855],[-105.14718,19.57854],[-105.14735,19.57857],[-105.14744,19.57857],[-105.14763,19.57853],[-105.14786,19.57865],[-105.14788,19.57884],[-105.1478,19.57903],[-105.14768,19.57906],[-105.14751,19.57907],[-105.14742,19.5791],[-105.14736,19.57913],[-105.14725,19.57912],[-105.14716,19.5791]]],[[[-105.14618,19.58047],[-105.14621,19.58035],[-105.14647,19.58038],[-105.14662,19.58036],[-105.14666,19.58041],[-105.14679,19.58038],[-105.1469,19.58036],[-105.14715,19.58042],[-105.14733,19.5805],[-105.14736,19.58062],[-105.14747,19.58068],[-105.14721,19.58082],[-105.14707,19.58092],[-105.14686,19.58106],[-105.14667,19.58104],[-105.14657,19.58098],[-105.14643,19.58086],[-105.14635,19.58073],[-105.14621,19.5806],[-105.14618,19.58047]]],[[[-105.292,20.54441],[-105.29264,20.54428],[-105.29292,20.54432],[-105.29322,20.54442],[-105.29352,20.54461],[-105.2934,20.54509],[-105.29342,20.54519],[-105.29304,20.5455],[-105.2928,20.54576],[-105.29195,20.5457],[-105.29156,20.54559],[-105.29137,20.5455],[-105.29118,20.54533],[-105.29112,20.54522],[-105.29109,20.54506],[-105.29119,20.54489],[-105.29142,20.54468],[-105.29164,20.54453],[-105.292,20.54441]]],[[[-103.93373,22.74604],[-103.90885,22.74997],[-103.90245,22.73835],[-103.90342,22.7309],[-103.89832,22.72827],[-103.89112,22.73516],[-103.87511,22.73715],[-103.8546,22.7297],[-103.83853,22.73182],[-103.8362,22.728],[-103.8266,22.73494],[-103.82162,22.73404],[-103.81916,22.72833],[-103.80557,22.73157],[-103.78138,22.72981],[-103.77466,22.73387],[-103.77114,22.73242],[-103.76907,22.72039],[-103.7548,22.71954],[-103.75198,22.71164],[-103.7513,22.69504],[-103.76319,22.67701],[-103.76355,22.66267],[-103.75866,22.65842],[-103.76845,22.64333],[-103.76095,22.62561],[-103.77344,22.61149],[-103.81959,22.59558],[-103.8252,22.58797],[-103.85238,22.57761],[-103.8579,22.56651],[-103.86071,22.56762],[-103.85179,22.55362],[-103.86687,22.54469],[-103.86467,22.53944],[-103.8715,22.53817],[-103.87518,22.52157],[-103.8642,22.51346],[-103.86398,22.49144],[-103.87106,22.47247],[-103.88208,22.47717],[-103.88536,22.47352],[-103.88183,22.46882],[-103.88287,22.45455],[-103.87842,22.45136],[-103.87609,22.44118],[-103.89024,22.4418],[-103.89469,22.43816],[-103.87317,22.42476],[-103.88061,22.41816],[-103.86597,22.41522],[-103.86692,22.40938],[-103.8693,22.40126],[-103.88619,22.4002],[-103.88344,22.39002],[-103.89245,22.38802],[-103.89123,22.38357],[-103.89872,22.37957],[-103.89573,22.36411],[-103.90785,22.36205],[-103.91183,22.35225],[-103.92129,22.34788],[-103.91997,22.33561],[-103.92612,22.33207],[-103.92038,22.32229],[-103.92095,22.31427],[-103.91578,22.31131],[-103.91892,22.30438],[-103.91403,22.3009],[-103.91599,22.28854],[-103.91014,22.28332],[-103.91421,22.27822],[-103.91175,22.27047],[-103.91787,22.26197],[-103.90767,22.2546],[-103.90165,22.23708],[-103.88613,22.22617],[-103.88108,22.2061],[-103.88509,22.19641],[-103.87689,22.19214],[-103.87311,22.17839],[-103.86293,22.16688],[-103.84407,22.22206],[-103.84486,22.26255],[-103.82861,22.28661],[-103.84595,22.33034],[-103.84543,22.34275],[-103.83745,22.352],[-103.82787,22.35424],[-103.81114,22.37674],[-103.813,22.38392],[-103.8087,22.39874],[-103.81325,22.40554],[-103.81017,22.42728],[-103.7956,22.46502],[-103.78697,22.47776],[-103.78379,22.48882],[-103.78565,22.51045],[-103.77738,22.52493],[-103.76909,22.55579],[-103.75997,22.5556],[-103.75923,22.55166],[-103.7531,22.55787],[-103.74449,22.55849],[-103.73844,22.57196],[-103.72655,22.57414],[-103.71151,22.56454],[-103.68178,22.5548],[-103.67258,22.56113],[-103.661,22.54714],[-103.65156,22.55647],[-103.64616,22.55483],[-103.62237,22.56357],[-103.60275,22.55679],[-103.60599,22.54567],[-103.59933,22.52637],[-103.58527,22.52528],[-103.58373,22.52196],[-103.58902,22.50808],[-103.59459,22.50544],[-103.57933,22.49619],[-103.58245,22.48879],[-103.58059,22.47739],[-103.57082,22.46917],[-103.5739,22.46107],[-103.5689,22.44627],[-103.57252,22.43754],[-103.56765,22.43779],[-103.55918,22.42842],[-103.56069,22.42281],[-103.57842,22.41049],[-103.59401,22.40721],[-103.59275,22.38927],[-103.59755,22.37453],[-103.60284,22.3609],[-103.61068,22.35984],[-103.60947,22.35269],[-103.60263,22.34631],[-103.60479,22.34014],[-103.61199,22.33796],[-103.63494,22.34348],[-103.6421,22.34087],[-103.63817,22.33517],[-103.64474,22.31497],[-103.63778,22.29523],[-103.62849,22.29395],[-103.61922,22.28179],[-103.60093,22.27816],[-103.59489,22.27307],[-103.60279,22.26996],[-103.63089,22.23891],[-103.6411,22.20982],[-103.64911,22.20205],[-103.65251,22.18716],[-103.65775,22.18384],[-103.65891,22.17521],[-103.65446,22.17193],[-103.67613,22.14875],[-103.68202,22.13515],[-103.69028,22.13009],[-103.67736,22.1187],[-103.68592,22.1141],[-103.68384,22.1092],[-103.67012,22.10849],[-103.64794,22.10049],[-103.62852,22.10632],[-103.62039,22.09848],[-103.6047,22.09794],[-103.59403,22.11164],[-103.58111,22.10487],[-103.57736,22.11997],[-103.57994,22.12682],[-103.56686,22.13608],[-103.56013,22.13658],[-103.55021,22.13568],[-103.55068,22.13061],[-103.54273,22.12061],[-103.51454,22.12911],[-103.51784,22.12088],[-103.51589,22.10991],[-103.50156,22.10556],[-103.49559,22.11051],[-103.48613,22.10653],[-103.48608,22.11062],[-103.4793,22.11479],[-103.47324,22.11118],[-103.47317,22.10553],[-103.45917,22.10588],[-103.46171,22.11114],[-103.45493,22.11531],[-103.44558,22.11349],[-103.43949,22.11764],[-103.43828,22.12885],[-103.43626,22.1269],[-103.43458,22.13288],[-103.4321,22.13162],[-103.42593,22.13942],[-103.42917,22.16218],[-103.4253,22.17646],[-103.41968,22.17748],[-103.4305,22.18249],[-103.43412,22.19076],[-103.41722,22.19047],[-103.40895,22.21536],[-103.38565,22.21253],[-103.38016,22.219],[-103.38398,22.22199],[-103.38302,22.22701],[-103.36968,22.2313],[-103.36182,22.23916],[-103.34973,22.23921],[-103.33769,22.24516],[-103.31193,22.23325],[-103.2951,22.25328],[-103.29712,22.25724],[-103.31393,22.25871],[-103.30531,22.26566],[-103.30783,22.28171],[-103.29778,22.29833],[-103.30687,22.30628],[-103.3277,22.30736],[-103.33837,22.28751],[-103.35568,22.2798],[-103.35008,22.30745],[-103.36375,22.31448],[-103.34295,22.33512],[-103.36254,22.33635],[-103.36667,22.35104],[-103.36471,22.36953],[-103.35313,22.36938],[-103.34806,22.37954],[-103.33963,22.38549],[-103.32928,22.38453],[-103.31458,22.4049],[-103.30917,22.392],[-103.30049,22.39299],[-103.28563,22.40557],[-103.28522,22.41424],[-103.27489,22.40955],[-103.26024,22.41185],[-103.25218,22.39894],[-103.23503,22.39711],[-103.23211,22.39339],[-103.22091,22.40959],[-103.2134,22.41007],[-103.20392,22.40407],[-103.19876,22.3806],[-103.18935,22.39024],[-103.16857,22.38501],[-103.17404,22.37776],[-103.16642,22.37059],[-103.17044,22.36183],[-103.16858,22.35461],[-103.19408,22.33198],[-103.20822,22.33308],[-103.20951,22.32019],[-103.21271,22.31905],[-103.20963,22.31457],[-103.22036,22.2964],[-103.22061,22.28046],[-103.21442,22.27751],[-103.20191,22.2803],[-103.19057,22.29852],[-103.10098,22.29397],[-103.09807,22.28629],[-103.09111,22.28591],[-103.08295,22.27708],[-103.08382,22.26343],[-103.07827,22.25709],[-103.05545,22.24725],[-103.06206,22.22826],[-103.05781,22.22827],[-103.05971,22.22424],[-103.05232,22.22065],[-103.05476,22.21382],[-103.0598,22.21722],[-103.07192,22.21197],[-103.07103,22.20354],[-103.08819,22.20438],[-103.09208,22.19841],[-103.10605,22.19135],[-103.10144,22.17862],[-103.10591,22.16815],[-103.10486,22.15751],[-103.10869,22.15342],[-103.10253,22.1536],[-103.10879,22.14434],[-103.09592,22.14546],[-103.07874,22.13705],[-103.07587,22.13324],[-103.08157,22.13011],[-103.07702,22.1255],[-103.08771,22.11782],[-103.08615,22.11224],[-103.08948,22.11519],[-103.09237,22.10989],[-103.10097,22.1078],[-103.10169,22.10179],[-103.12558,22.10479],[-103.13502,22.09763],[-103.13508,22.09046],[-103.15278,22.08762],[-103.15428,22.07223],[-103.1079,22.06339],[-103.10616,22.04698],[-103.10844,22.03916],[-103.11406,22.03905],[-103.10906,22.02895],[-103.11148,22.01426],[-103.12086,22.01518],[-103.13284,22.00303],[-103.14371,22.00797],[-103.16007,22.00317],[-103.16565,21.99681],[-103.19669,22.00086],[-103.20165,21.99856],[-103.20212,21.99339],[-103.19402,21.99007],[-103.19818,21.98463],[-103.1918,21.97445],[-103.19255,21.9699],[-103.20556,21.96519],[-103.23996,21.97672],[-103.24681,21.97594],[-103.24144,21.97075],[-103.24474,21.9666],[-103.26471,21.97184],[-103.27855,21.98965],[-103.30918,21.96628],[-103.31013,21.95909],[-103.3319,21.94302],[-103.34134,21.9404],[-103.34407,21.91347],[-103.37479,21.91368],[-103.38979,21.90547],[-103.38914,21.89872],[-103.39433,21.89669],[-103.40505,21.90182],[-103.40837,21.90762],[-103.41386,21.90545],[-103.41391,21.90064],[-103.4258,21.89104],[-103.43535,21.87605],[-103.4393,21.86456],[-103.45132,21.85392],[-103.44969,21.84805],[-103.45716,21.83847],[-103.45535,21.83279],[-103.46672,21.83996],[-103.47235,21.836],[-103.47513,21.82661],[-103.47052,21.81354],[-103.4825,21.81326],[-103.48272,21.81741],[-103.49558,21.82354],[-103.50281,21.83307],[-103.53142,21.81784],[-103.52605,21.80506],[-103.55484,21.80091],[-103.57262,21.80349],[-103.56789,21.79711],[-103.56943,21.78921],[-103.56075,21.78028],[-103.55379,21.77977],[-103.54325,21.77112],[-103.52788,21.77233],[-103.50846,21.73973],[-103.50984,21.713],[-103.51784,21.71147],[-103.52656,21.687],[-103.5267,21.67556],[-103.54079,21.66529],[-103.55548,21.63408],[-103.55039,21.59699],[-103.54521,21.58764],[-103.55242,21.58391],[-103.55466,21.57663],[-103.55888,21.5764],[-103.57421,21.58489],[-103.57998,21.5842],[-103.58201,21.58923],[-103.59049,21.58979],[-103.59674,21.56546],[-103.59291,21.55922],[-103.619,21.55686],[-103.62979,21.57335],[-103.64487,21.57645],[-103.66003,21.56479],[-103.65831,21.5559],[-103.68319,21.55772],[-103.68978,21.55235],[-103.68628,21.53505],[-103.69448,21.52888],[-103.68157,21.52046],[-103.6798,21.51119],[-103.67257,21.50545],[-103.69177,21.4956],[-103.69317,21.47904],[-103.70146,21.46626],[-103.65873,21.46369],[-103.66469,21.45487],[-103.66078,21.44158],[-103.6503,21.43459],[-103.64924,21.43859],[-103.63419,21.43926],[-103.62652,21.43448],[-103.62624,21.42932],[-103.61931,21.42403],[-103.6243,21.4203],[-103.6229,21.41311],[-103.60981,21.40724],[-103.5953,21.3909],[-103.58639,21.39236],[-103.58708,21.40789],[-103.58153,21.42745],[-103.57598,21.42855],[-103.57587,21.43615],[-103.56771,21.43929],[-103.5604,21.43021],[-103.55837,21.43619],[-103.54826,21.44048],[-103.54384,21.43734],[-103.53869,21.44477],[-103.53358,21.42061],[-103.52178,21.40141],[-103.50939,21.39239],[-103.50817,21.38032],[-103.50391,21.37683],[-103.51307,21.36406],[-103.50996,21.35489],[-103.5194,21.35649],[-103.52325,21.35201],[-103.5354,21.35387],[-103.55736,21.34812],[-103.56762,21.35221],[-103.56858,21.33762],[-103.57844,21.33023],[-103.58867,21.34219],[-103.59807,21.3419],[-103.60294,21.34912],[-103.61116,21.34878],[-103.61694,21.35341],[-103.61871,21.34448],[-103.629,21.34537],[-103.63442,21.34009],[-103.63811,21.34485],[-103.64304,21.34173],[-103.64623,21.34441],[-103.64887,21.33743],[-103.66361,21.33812],[-103.6717,21.32247],[-103.6774,21.31991],[-103.69139,21.3201],[-103.70508,21.32549],[-103.71094,21.31354],[-103.72083,21.30796],[-103.72213,21.28394],[-103.71364,21.26668],[-103.71075,21.27448],[-103.69804,21.28258],[-103.68992,21.28541],[-103.67627,21.28341],[-103.66667,21.29046],[-103.65818,21.28043],[-103.64273,21.2845],[-103.63398,21.28229],[-103.63946,21.27752],[-103.63742,21.26913],[-103.64167,21.25404],[-103.63631,21.24171],[-103.64019,21.22207],[-103.66334,21.22416],[-103.66732,21.21605],[-103.66058,21.21552],[-103.63712,21.19973],[-103.63336,21.19125],[-103.62478,21.19331],[-103.61863,21.18878],[-103.61814,21.18352],[-103.61135,21.17873],[-103.6136,21.15624],[-103.60197,21.15167],[-103.59167,21.12861],[-103.58054,21.1273],[-103.56895,21.11671],[-103.56694,21.12078],[-103.55369,21.11674],[-103.55034,21.12498],[-103.54105,21.12628],[-103.52978,21.13409],[-103.53146,21.14197],[-103.51865,21.14174],[-103.51096,21.14622],[-103.50404,21.12774],[-103.47538,21.13727],[-103.46925,21.14336],[-103.44522,21.14102],[-103.42857,21.14672],[-103.42567,21.13899],[-103.41626,21.13727],[-103.42322,21.12523],[-103.41827,21.11523],[-103.39607,21.09867],[-103.39299,21.09107],[-103.39647,21.09007],[-103.39595,21.08029],[-103.38785,21.07922],[-103.3855,21.06739],[-103.3766,21.0659],[-103.36842,21.05667],[-103.36901,21.05195],[-103.36077,21.05134],[-103.35309,21.04526],[-103.335,21.04264],[-103.33031,21.0545],[-103.30703,21.05752],[-103.30188,21.05458],[-103.29655,21.06484],[-103.27572,21.05144],[-103.25719,21.07073],[-103.26168,21.07459],[-103.25823,21.08306],[-103.24351,21.08405],[-103.23778,21.07861],[-103.23258,21.07909],[-103.20959,21.09422],[-103.2017,21.0859],[-103.18844,21.08515],[-103.1917,21.07933],[-103.18695,21.07435],[-103.18836,21.07066],[-103.18007,21.0746],[-103.16614,21.0692],[-103.16287,21.07288],[-103.15007,21.06505],[-103.1432,21.06574],[-103.14129,21.06106],[-103.12732,21.05353],[-103.12148,21.06241],[-103.12331,21.0668],[-103.11442,21.06791],[-103.10503,21.06201],[-103.07735,21.07243],[-103.05647,21.09932],[-103.0652,21.10433],[-103.06628,21.09968],[-103.07578,21.09689],[-103.07364,21.10995],[-103.0846,21.11054],[-103.08502,21.11473],[-103.09173,21.11582],[-103.09849,21.12849],[-103.09562,21.13302],[-103.07811,21.14001],[-103.07137,21.15293],[-103.08358,21.18211],[-103.0843,21.19406],[-103.06924,21.20993],[-103.07752,21.21545],[-103.06811,21.23508],[-103.05698,21.24678],[-103.06549,21.2558],[-103.05275,21.26262],[-103.04488,21.26236],[-103.04588,21.24942],[-103.02976,21.25106],[-103.0265,21.24212],[-103.017,21.24105],[-103.01162,21.24562],[-103.01117,21.25537],[-102.9969,21.25968],[-102.97933,21.24647],[-102.97904,21.23973],[-102.96803,21.24172],[-102.95909,21.23362],[-102.94629,21.23444],[-102.94963,21.22683],[-102.9478,21.2146],[-102.91064,21.20523],[-102.90976,21.22063],[-102.90215,21.22829],[-102.90302,21.23518],[-102.89869,21.2375],[-102.89167,21.23351],[-102.8918,21.23758],[-102.88643,21.23543],[-102.88365,21.24181],[-102.87657,21.23663],[-102.87134,21.24728],[-102.87285,21.25516],[-102.86365,21.25275],[-102.85939,21.27048],[-102.84482,21.27732],[-102.85078,21.28139],[-102.84877,21.29317],[-102.83709,21.30341],[-102.81515,21.29467],[-102.81759,21.31854],[-102.81196,21.32371],[-102.80573,21.32023],[-102.79849,21.30691],[-102.78891,21.3295],[-102.7837,21.32952],[-102.77181,21.316],[-102.75527,21.32316],[-102.75889,21.3275],[-102.75522,21.331],[-102.75924,21.33544],[-102.75776,21.33918],[-102.75097,21.34565],[-102.74045,21.3466],[-102.72795,21.35708],[-102.73265,21.36916],[-102.72912,21.38735],[-102.71409,21.38055],[-102.70191,21.36379],[-102.69828,21.34327],[-102.67777,21.34089],[-102.64243,21.36773],[-102.64282,21.38806],[-102.63813,21.39323],[-102.64683,21.39422],[-102.64925,21.39999],[-102.65568,21.40242],[-102.6522,21.4075],[-102.65966,21.41087],[-102.65212,21.41221],[-102.65726,21.42221],[-102.65325,21.42158],[-102.65432,21.43562],[-102.65106,21.43687],[-102.65524,21.43925],[-102.65025,21.44198],[-102.655,21.44665],[-102.64449,21.44981],[-102.63612,21.4629],[-102.64787,21.46253],[-102.64906,21.47419],[-102.6389,21.48126],[-102.63967,21.47698],[-102.63666,21.47711],[-102.63427,21.48167],[-102.63812,21.48271],[-102.63217,21.4969],[-102.62483,21.50141],[-102.64216,21.51872],[-102.63121,21.52794],[-102.63073,21.53398],[-102.65956,21.53364],[-102.66518,21.53988],[-102.68933,21.54492],[-102.6964,21.54303],[-102.69232,21.56311],[-102.69509,21.57291],[-102.7171,21.5713],[-102.7295,21.59305],[-102.7374,21.58676],[-102.76473,21.59606],[-102.77534,21.62156],[-102.77756,21.63894],[-102.78361,21.64669],[-102.7734,21.6583],[-102.79519,21.66346],[-102.80527,21.67128],[-102.79804,21.67028],[-102.79176,21.67697],[-102.78609,21.67491],[-102.76648,21.68692],[-102.74529,21.72005],[-102.74162,21.721],[-102.73731,21.71561],[-102.72279,21.71911],[-102.7156,21.73409],[-102.71402,21.73009],[-102.69625,21.72876],[-102.69731,21.74151],[-102.69066,21.75243],[-102.67876,21.75317],[-102.66892,21.76405],[-102.65091,21.76542],[-102.64353,21.76188],[-102.63349,21.76734],[-102.6063,21.75105],[-102.59677,21.75498],[-102.59627,21.74405],[-102.55249,21.74265],[-102.54097,21.73558],[-102.54244,21.7326],[-102.47651,21.70208],[-102.47575,21.69494],[-102.45686,21.69808],[-102.45212,21.68691],[-102.46106,21.67926],[-102.45244,21.67838],[-102.4512,21.68196],[-102.44145,21.67342],[-102.40459,21.66559],[-102.40748,21.65948],[-102.36952,21.65059],[-102.36687,21.64275],[-102.32571,21.62226],[-102.32104,21.63009],[-102.31016,21.62662],[-102.29536,21.6531],[-102.30264,21.6546],[-102.30398,21.66668],[-102.27943,21.66443],[-102.27521,21.65397],[-102.23761,21.652],[-102.22635,21.65777],[-102.21853,21.68342],[-102.21422,21.6866],[-102.21426,21.69482],[-102.17788,21.68815],[-102.17142,21.707],[-102.15485,21.70003],[-102.14209,21.70537],[-102.13634,21.72049],[-102.12559,21.72572],[-102.12088,21.73644],[-102.11557,21.73603],[-102.1159,21.74467],[-102.10428,21.75097],[-102.10205,21.76104],[-102.08617,21.76726],[-102.09456,21.7777],[-102.08307,21.78706],[-102.07195,21.78265],[-102.05797,21.80187],[-102.05286,21.81333],[-102.05512,21.81635],[-102.04173,21.82306],[-102.03841,21.85319],[-102.02079,21.85116],[-102.01995,21.86253],[-101.8802,21.91015],[-101.838,21.90734],[-101.83528,21.94177],[-101.87266,21.94651],[-101.88458,21.93922],[-101.88175,21.93813],[-101.88579,21.93261],[-101.89037,21.95095],[-101.89777,21.95838],[-101.89822,21.98326],[-101.90944,21.98902],[-101.91259,21.99748],[-101.90683,21.992],[-101.89473,21.98965],[-101.89124,21.97659],[-101.86257,21.99135],[-101.86216,22.01468],[-101.85832,22.02103],[-101.86166,22.02888],[-101.81566,22.01998],[-101.80143,22.03099],[-101.80426,22.02525],[-101.78442,22.02409],[-101.77722,22.01534],[-101.77762,22.0073],[-101.75965,22.00904],[-101.751,22.01464],[-101.72997,22.00213],[-101.73231,21.99507],[-101.70911,21.97992],[-101.71065,21.97393],[-101.68291,21.96288],[-101.66911,21.94576],[-101.65709,21.93925],[-101.65786,21.92979],[-101.65455,21.9306],[-101.64957,21.92029],[-101.65069,21.90767],[-101.62894,21.9109],[-101.62091,21.91762],[-101.6167,21.92944],[-101.61144,21.91923],[-101.59584,21.90996],[-101.59227,21.90964],[-101.59085,21.91543],[-101.5698,21.91708],[-101.56275,21.85538],[-101.56596,21.84203],[-101.56141,21.83605],[-101.54822,21.83408],[-101.537,21.81046],[-101.52782,21.80917],[-101.52976,21.8131],[-101.52204,21.81802],[-101.51975,21.81298],[-101.51781,21.81475],[-101.51053,21.79906],[-101.53882,21.77733],[-101.58569,21.77877],[-101.5848,21.77162],[-101.58225,21.77265],[-101.57967,21.7364],[-101.55765,21.7351],[-101.57085,21.7043],[-101.57814,21.71189],[-101.58404,21.70957],[-101.56913,21.69231],[-101.58482,21.67021],[-101.58142,21.667],[-101.58324,21.6567],[-101.59608,21.63706],[-101.59565,21.63306],[-101.58435,21.63107],[-101.58018,21.62553],[-101.58602,21.60781],[-101.59526,21.61],[-101.59577,21.60031],[-101.61231,21.58291],[-101.61215,21.57533],[-101.60662,21.57489],[-101.60654,21.56387],[-101.62165,21.5519],[-101.61913,21.54609],[-101.62361,21.54545],[-101.62,21.54107],[-101.64126,21.52664],[-101.64025,21.51362],[-101.63242,21.51905],[-101.58903,21.4649],[-101.5867,21.45258],[-101.58994,21.44558],[-101.58788,21.4424],[-101.58186,21.44781],[-101.58042,21.42828],[-101.57041,21.41853],[-101.58913,21.41513],[-101.60025,21.42054],[-101.60663,21.41496],[-101.61881,21.41538],[-101.63094,21.40731],[-101.6384,21.41],[-101.65851,21.4068],[-101.67757,21.39514],[-101.67948,21.3895],[-101.6516,21.36964],[-101.64284,21.3551],[-101.64656,21.33806],[-101.64091,21.31474],[-101.64317,21.29933],[-101.65401,21.29594],[-101.66284,21.28658],[-101.68667,21.29406],[-101.702,21.27546],[-101.70937,21.28072],[-101.73578,21.27729],[-101.73853,21.26916],[-101.74956,21.27199],[-101.75971,21.26762],[-101.75939,21.26061],[-101.76819,21.25773],[-101.75458,21.24389],[-101.76594,21.24223],[-101.77119,21.23473],[-101.77443,21.19658],[-101.78066,21.19142],[-101.78367,21.17118],[-101.7811,21.16052],[-101.78726,21.15638],[-101.804,21.16634],[-101.80477,21.1585],[-101.81569,21.14952],[-101.81011,21.14854],[-101.81182,21.14123],[-101.82241,21.13591],[-101.83344,21.13727],[-101.83084,21.11937],[-101.82677,21.12208],[-101.82026,21.11866],[-101.81765,21.10704],[-101.83748,21.09676],[-101.875,21.09289],[-101.87779,21.08543],[-101.87493,21.07008],[-101.89454,21.05124],[-101.90133,21.05296],[-101.8966,21.04775],[-101.90662,21.02881],[-101.90874,20.99858],[-101.9247,20.98323],[-101.9222,20.97193],[-101.93138,20.96711],[-101.93323,20.9575],[-101.93714,20.9558],[-101.93894,20.93061],[-101.94208,20.9281],[-101.94393,20.93214],[-101.95787,20.9352],[-101.96309,20.92251],[-101.97987,20.92504],[-101.98109,20.91481],[-101.99402,20.90772],[-102.00844,20.88538],[-102.01799,20.88328],[-102.01257,20.87834],[-102.02177,20.86216],[-102.03858,20.84735],[-102.05292,20.84756],[-102.06436,20.83821],[-102.07367,20.83792],[-102.07986,20.82906],[-102.07617,20.81817],[-102.07994,20.80178],[-102.08708,20.80146],[-102.0959,20.78005],[-102.08252,20.77717],[-102.08107,20.7715],[-102.07362,20.77677],[-102.06758,20.77224],[-102.06563,20.76675],[-102.07232,20.7594],[-102.07362,20.74876],[-102.06103,20.74851],[-102.06448,20.73875],[-102.04354,20.73741],[-102.03445,20.74214],[-102.04036,20.72324],[-102.03773,20.71739],[-102.02805,20.71983],[-102.01438,20.71706],[-102.01232,20.7107],[-102.01908,20.67618],[-102.01407,20.67119],[-102.01383,20.66444],[-102.0047,20.66032],[-101.99711,20.6647],[-101.99038,20.66089],[-101.98194,20.66332],[-101.98137,20.65753],[-101.97372,20.66066],[-101.97374,20.66432],[-101.96807,20.66364],[-101.97118,20.63761],[-101.96412,20.63894],[-101.95707,20.63264],[-101.95873,20.60879],[-101.95114,20.60742],[-101.958,20.59834],[-101.9593,20.58684],[-101.96702,20.57934],[-101.96279,20.57024],[-101.96989,20.56881],[-101.97391,20.54179],[-101.97885,20.54283],[-101.98395,20.53501],[-101.98842,20.53963],[-101.9879,20.54528],[-101.99555,20.54051],[-102.00307,20.54721],[-102.01413,20.54259],[-102.00868,20.53316],[-102.01008,20.52606],[-102.01878,20.51775],[-102.02819,20.49654],[-102.04602,20.48261],[-102.04214,20.47448],[-102.04512,20.4718],[-102.04399,20.45659],[-102.05629,20.45203],[-102.05757,20.44536],[-102.07661,20.42816],[-102.07396,20.42505],[-102.07932,20.42091],[-102.07134,20.41446],[-102.07087,20.40902],[-102.08452,20.40501],[-102.09051,20.38943],[-102.09689,20.38922],[-102.09625,20.38413],[-102.10576,20.37863],[-102.13091,20.38122],[-102.1343,20.37591],[-102.141,20.37533],[-102.16816,20.37874],[-102.16004,20.3749],[-102.15815,20.36696],[-102.17701,20.36815],[-102.17536,20.35596],[-102.1966,20.35049],[-102.20811,20.35668],[-102.21956,20.35091],[-102.2218,20.34407],[-102.25415,20.33526],[-102.25907,20.33937],[-102.26756,20.33562],[-102.28408,20.34556],[-102.28985,20.34083],[-102.2936,20.3459],[-102.29205,20.35297],[-102.30659,20.35816],[-102.31608,20.34458],[-102.32722,20.34948],[-102.34601,20.33506],[-102.35844,20.33702],[-102.36628,20.32788],[-102.3912,20.33395],[-102.39984,20.32774],[-102.40996,20.33349],[-102.42122,20.3327],[-102.43462,20.34102],[-102.44778,20.33828],[-102.45446,20.33408],[-102.45485,20.32897],[-102.46783,20.33059],[-102.48049,20.32524],[-102.49062,20.3086],[-102.4962,20.3079],[-102.50543,20.31585],[-102.50895,20.30135],[-102.53047,20.29582],[-102.52007,20.28041],[-102.52858,20.27095],[-102.53518,20.27217],[-102.53586,20.27898],[-102.54411,20.28056],[-102.55497,20.26068],[-102.55783,20.2636],[-102.55581,20.2714],[-102.56457,20.27815],[-102.56874,20.27451],[-102.56667,20.26562],[-102.58009,20.26438],[-102.59048,20.25846],[-102.59751,20.26174],[-102.59893,20.2671],[-102.61014,20.26909],[-102.6148,20.2633],[-102.61325,20.25508],[-102.621,20.25248],[-102.61691,20.24787],[-102.62732,20.22938],[-102.64119,20.22345],[-102.66087,20.23154],[-102.67902,20.22691],[-102.68536,20.218],[-102.67971,20.1715],[-102.68967,20.16603],[-102.73022,20.16661],[-102.75249,20.14861],[-102.75723,20.15343],[-102.76705,20.14866],[-102.77614,20.13844],[-102.7988,20.14176],[-102.81927,20.13724],[-102.80742,20.13317],[-102.80186,20.12303],[-102.80725,20.11266],[-102.81628,20.10604],[-102.83515,20.11656],[-102.83748,20.11348],[-102.84067,20.11611],[-102.84605,20.13077],[-102.85499,20.13671],[-102.857,20.1443],[-102.8523,20.14924],[-102.86244,20.15439],[-102.86594,20.16236],[-102.87549,20.15757],[-102.88687,20.15881],[-102.89462,20.16417],[-102.91031,20.16249],[-102.94016,20.17168],[-102.95413,20.17087],[-102.95399,20.16657],[-102.94322,20.14977],[-102.92449,20.13626],[-102.92644,20.12957],[-102.94202,20.12883],[-102.95957,20.14124],[-102.96445,20.12713],[-102.97058,20.1254],[-102.99839,20.12596],[-103.00481,20.13819],[-103.03246,20.13644],[-103.03522,20.13348],[-103.03132,20.12675],[-103.04414,20.12412],[-103.04258,20.11519],[-103.03536,20.11671],[-103.03281,20.11136],[-103.0417,20.09064],[-103.03072,20.07855],[-103.03377,20.07567],[-103.0305,20.07271],[-103.0308,20.06218],[-103.02465,20.05776],[-103.02444,20.05236],[-103.02162,20.0533],[-103.02071,20.0473],[-103.02651,20.04934],[-103.02845,20.03666],[-103.02438,20.03331],[-103.03569,20.02941],[-103.0326,20.02468],[-103.04817,20.00728],[-103.0438,20.00198],[-103.0515,19.99161],[-103.03622,19.96944],[-103.02937,19.96743],[-103.02521,19.96049],[-103.01547,19.95975],[-103.01221,19.97015],[-103.00448,19.9717],[-102.9938,19.98389],[-102.9633,19.98983],[-102.95121,19.99655],[-102.94362,19.98413],[-102.92626,19.98418],[-102.90261,19.96686],[-102.88209,19.96958],[-102.88204,19.97577],[-102.85646,19.96804],[-102.82196,19.96457],[-102.794,19.95029],[-102.77687,19.96015],[-102.78403,19.95123],[-102.77062,19.92987],[-102.73121,19.8995],[-102.73251,19.89038],[-102.73978,19.88576],[-102.74248,19.87876],[-102.73476,19.87452],[-102.73487,19.86039],[-102.73034,19.85321],[-102.75332,19.83412],[-102.7452,19.828],[-102.73939,19.81582],[-102.74522,19.81197],[-102.7552,19.81396],[-102.75907,19.80798],[-102.78498,19.81545],[-102.7923,19.81411],[-102.81952,19.77794],[-102.8128,19.77595],[-102.81319,19.76637],[-102.8086,19.75956],[-102.81627,19.7499],[-102.80392,19.75215],[-102.80258,19.74663],[-102.8108,19.74101],[-102.7958,19.72837],[-102.79216,19.71767],[-102.78047,19.70432],[-102.78222,19.69521],[-102.79222,19.68842],[-102.79762,19.67812],[-102.80565,19.67483],[-102.79119,19.67318],[-102.79259,19.65455],[-102.78418,19.65208],[-102.78748,19.64823],[-102.78204,19.64662],[-102.78227,19.64259],[-102.77959,19.64431],[-102.77584,19.62771],[-102.76085,19.62753],[-102.74756,19.61277],[-102.72608,19.61313],[-102.72585,19.60994],[-102.71881,19.60941],[-102.72027,19.60585],[-102.71592,19.60293],[-102.71846,19.59287],[-102.72657,19.58614],[-102.72234,19.58237],[-102.72603,19.57902],[-102.72035,19.57962],[-102.71679,19.57063],[-102.71964,19.56829],[-102.71351,19.56326],[-102.71844,19.55032],[-102.71065,19.54107],[-102.7167,19.53352],[-102.71751,19.51946],[-102.72231,19.51814],[-102.72457,19.50912],[-102.73096,19.51054],[-102.73015,19.50684],[-102.73887,19.49866],[-102.73806,19.49336],[-102.73199,19.49604],[-102.72372,19.49317],[-102.68948,19.51341],[-102.67302,19.51199],[-102.67092,19.49062],[-102.65752,19.48723],[-102.62891,19.50045],[-102.62052,19.49877],[-102.59845,19.51865],[-102.58399,19.52269],[-102.58186,19.52825],[-102.57618,19.52489],[-102.57634,19.51589],[-102.57185,19.51119],[-102.57593,19.49806],[-102.54907,19.49242],[-102.5427,19.47803],[-102.5483,19.47142],[-102.55475,19.47093],[-102.55576,19.46515],[-102.56329,19.46492],[-102.56817,19.44335],[-102.55869,19.447],[-102.54768,19.43948],[-102.55923,19.43688],[-102.54658,19.4351],[-102.54359,19.43096],[-102.55104,19.42538],[-102.56507,19.43515],[-102.57678,19.42391],[-102.56879,19.41262],[-102.58254,19.38966],[-102.58795,19.38868],[-102.60105,19.36448],[-102.61117,19.32279],[-102.63271,19.30698],[-102.64309,19.27834],[-102.63887,19.27301],[-102.64312,19.2662],[-102.6382,19.26266],[-102.64559,19.25949],[-102.64971,19.24601],[-102.65689,19.24053],[-102.65183,19.23552],[-102.65683,19.2325],[-102.65615,19.22873],[-102.66129,19.22855],[-102.6621,19.21881],[-102.66826,19.22095],[-102.66991,19.21241],[-102.69389,19.22629],[-102.70068,19.22453],[-102.69731,19.23805],[-102.69436,19.23743],[-102.69658,19.24881],[-102.70525,19.24705],[-102.70712,19.23832],[-102.71271,19.23581],[-102.7279,19.24239],[-102.73771,19.2422],[-102.74061,19.24833],[-102.75381,19.2558],[-102.77692,19.24355],[-102.79023,19.24246],[-102.79376,19.22541],[-102.80835,19.22326],[-102.8177,19.20909],[-102.82442,19.20569],[-102.83141,19.21464],[-102.84563,19.19905],[-102.86259,19.20323],[-102.86537,19.21128],[-102.88642,19.20439],[-102.91506,19.17936],[-102.92743,19.17727],[-102.93512,19.18203],[-102.93614,19.17362],[-102.95229,19.17656],[-102.95548,19.16962],[-102.96009,19.17405],[-102.96267,19.16577],[-102.97935,19.15241],[-102.97761,19.12006],[-103.00445,19.13757],[-103.01972,19.13237],[-103.02053,19.12505],[-103.01201,19.10919],[-103.01945,19.10383],[-103.016,19.07918],[-102.99083,19.05338],[-103.01564,19.04889],[-103.02521,19.0531],[-103.03323,19.02911],[-103.05055,19.0356],[-103.06323,19.02785],[-103.06669,19.02227],[-103.06376,19.00567],[-103.05249,18.99812],[-103.06622,18.99626],[-103.0881,18.98411],[-103.09802,18.96475],[-103.10518,18.96129],[-103.10823,18.95168],[-103.12362,18.93761],[-103.12501,18.93014],[-103.14962,18.92594],[-103.17336,18.93626],[-103.20446,18.96761],[-103.20321,18.97849],[-103.21139,18.993],[-103.20951,19.00298],[-103.21739,19.00353],[-103.22165,19.00945],[-103.22387,19.0241],[-103.24051,19.01398],[-103.25791,19.01174],[-103.25974,19.00369],[-103.27765,18.99693],[-103.28218,18.9997],[-103.28782,18.99183],[-103.29939,18.9929],[-103.30481,18.98579],[-103.33248,18.97325],[-103.35531,18.98022],[-103.36316,18.97662],[-103.37724,18.98017],[-103.39441,18.96741],[-103.3997,18.96636],[-103.40717,18.97152],[-103.41143,18.96766],[-103.41944,18.98125],[-103.44185,18.98353],[-103.46312,18.97702],[-103.47265,18.99113],[-103.47214,18.98508],[-103.48372,18.97978],[-103.48203,18.9702],[-103.48748,18.97162],[-103.48859,18.96489],[-103.49501,18.97066],[-103.48984,18.98077],[-103.49082,18.99582],[-103.49873,19.01204],[-103.4885,19.02758],[-103.49694,19.03517],[-103.50133,19.04872],[-103.50658,19.04942],[-103.50936,19.05755],[-103.52257,19.06621],[-103.52222,19.07666],[-103.52647,19.07873],[-103.51738,19.09879],[-103.52361,19.11564],[-103.511,19.13205],[-103.51395,19.13834],[-103.50916,19.15596],[-103.50211,19.16248],[-103.50312,19.17017],[-103.49762,19.17464],[-103.49858,19.18695],[-103.51086,19.19966],[-103.51523,19.21135],[-103.50986,19.21366],[-103.51413,19.21798],[-103.50659,19.22749],[-103.50568,19.23615],[-103.5099,19.2433],[-103.50532,19.25327],[-103.50917,19.29515],[-103.50096,19.29975],[-103.49922,19.3085],[-103.48987,19.31068],[-103.49566,19.31975],[-103.48681,19.32741],[-103.48642,19.33789],[-103.49254,19.3465],[-103.50165,19.34489],[-103.5222,19.35782],[-103.52671,19.37276],[-103.5562,19.40697],[-103.56877,19.40624],[-103.57426,19.41156],[-103.57891,19.43548],[-103.58632,19.43952],[-103.60146,19.46268],[-103.61535,19.47499],[-103.6124,19.48563],[-103.61482,19.49404],[-103.60619,19.50055],[-103.61827,19.51252],[-103.65153,19.50099],[-103.66487,19.50263],[-103.69004,19.49244],[-103.70826,19.46985],[-103.71578,19.46701],[-103.71825,19.45349],[-103.7353,19.44342],[-103.75065,19.44566],[-103.77437,19.43055],[-103.79272,19.42751],[-103.81924,19.40874],[-103.82796,19.43266],[-103.82413,19.43779],[-103.83524,19.4397],[-103.85644,19.43133],[-103.86375,19.44738],[-103.87941,19.44449],[-103.88932,19.46359],[-103.90876,19.45363],[-103.89795,19.4386],[-103.89951,19.43454],[-103.96479,19.45416],[-103.974,19.47455],[-103.98709,19.47429],[-104.00004,19.46883],[-104.03913,19.48466],[-104.05175,19.4976],[-104.06172,19.4977],[-104.06897,19.48429],[-104.07673,19.48021],[-104.08663,19.44203],[-104.07993,19.43178],[-104.07087,19.43523],[-104.08383,19.4156],[-104.09022,19.39302],[-104.10959,19.38119],[-104.11879,19.37166],[-104.12025,19.36009],[-104.13334,19.35374],[-104.12158,19.32749],[-104.12549,19.32425],[-104.12298,19.31904],[-104.12984,19.31781],[-104.1322,19.32088],[-104.13603,19.31293],[-104.14015,19.31616],[-104.14478,19.31124],[-104.15292,19.31515],[-104.16164,19.30272],[-104.16375,19.30823],[-104.1688,19.30767],[-104.16979,19.31296],[-104.17979,19.31256],[-104.17962,19.3088],[-104.19001,19.30203],[-104.19166,19.29221],[-104.20434,19.3036],[-104.20691,19.30001],[-104.21416,19.30237],[-104.21842,19.29901],[-104.24626,19.31195],[-104.26117,19.3118],[-104.26979,19.30192],[-104.28145,19.30281],[-104.28363,19.297],[-104.29758,19.30267],[-104.30009,19.29602],[-104.31062,19.2895],[-104.31479,19.27935],[-104.34387,19.28954],[-104.36186,19.26908],[-104.36331,19.27533],[-104.37426,19.28188],[-104.38432,19.27204],[-104.39555,19.27129],[-104.40131,19.26681],[-104.40244,19.2784],[-104.39742,19.28582],[-104.40094,19.28907],[-104.41744,19.28027],[-104.43925,19.27798],[-104.43574,19.27015],[-104.4384,19.26287],[-104.45752,19.25942],[-104.4598,19.25445],[-104.45569,19.24804],[-104.467,19.2451],[-104.46301,19.23296],[-104.47166,19.22883],[-104.47725,19.2387],[-104.48384,19.23054],[-104.48895,19.22994],[-104.48844,19.24723],[-104.49453,19.25394],[-104.50142,19.25259],[-104.50838,19.24422],[-104.52331,19.26037],[-104.53028,19.25979],[-104.55451,19.23709],[-104.56028,19.22818],[-104.56025,19.2197],[-104.5691,19.21869],[-104.56724,19.20126],[-104.57476,19.19303],[-104.57693,19.1802],[-104.58398,19.17799],[-104.59002,19.18653],[-104.60028,19.17905],[-104.59613,19.16405],[-104.58577,19.16181],[-104.58983,19.15009],[-104.61282,19.15548],[-104.61146,19.161],[-104.61895,19.16766],[-104.61529,19.1741],[-104.61881,19.18085],[-104.62933,19.1729],[-104.65366,19.18261],[-104.67514,19.18549],[-104.67997,19.19317],[-104.6836,19.18996],[-104.68093,19.18377],[-104.68889,19.18417],[-104.69171,19.17327],[-104.69893,19.17612],[-104.69784,19.17891],[-104.7028,19.17813],[-104.69732,19.18781],[-104.69138,19.18869],[-104.69117,19.19693],[-104.6854,19.19772],[-104.68553,19.20676],[-104.70326,19.22232],[-104.71312,19.22177],[-104.71349,19.21601],[-104.72328,19.2216],[-104.734,19.22169],[-104.73588,19.22866],[-104.72941,19.23076],[-104.7327,19.23937],[-104.75147,19.23758],[-104.75849,19.2287],[-104.76107,19.23186],[-104.76902,19.23067],[-104.77629,19.24057],[-104.79008,19.23792],[-104.79775,19.23013],[-104.80274,19.23565],[-104.80891,19.2332],[-104.80651,19.25328],[-104.80944,19.2586],[-104.80104,19.26029],[-104.79956,19.26839],[-104.78865,19.28178],[-104.7941,19.29528],[-104.80983,19.30435],[-104.83051,19.30766],[-104.84116,19.30003],[-104.83696,19.28977],[-104.86579,19.28983],[-104.87217,19.28641],[-104.8741,19.28037],[-104.89156,19.29168],[-104.93602,19.30817],[-104.93871,19.31389],[-104.95335,19.32194],[-104.99543,19.36356],[-105.0318,19.38808],[-105.03071,19.39728],[-105.02323,19.39349],[-105.01746,19.40568],[-105.01955,19.42076],[-105.02985,19.4291],[-105.02477,19.43608],[-105.03051,19.43822],[-105.03254,19.44468],[-105.04255,19.44643],[-105.04611,19.45031],[-105.04414,19.45452],[-105.05261,19.45454],[-105.07312,19.4711],[-105.05929,19.47136],[-105.0575,19.47445],[-105.06198,19.47986],[-105.05996,19.48358],[-105.0666,19.48944],[-105.06071,19.4958],[-105.08149,19.5054],[-105.08299,19.51188],[-105.07908,19.51361],[-105.08411,19.51552],[-105.08006,19.5201],[-105.08455,19.52722],[-105.08136,19.53181],[-105.08405,19.54514],[-105.08894,19.56045],[-105.09742,19.56611],[-105.10424,19.57804],[-105.11461,19.58566],[-105.12846,19.58794],[-105.13443,19.58514],[-105.13423,19.57603],[-105.14231,19.57508],[-105.14439,19.5833],[-105.15228,19.58713],[-105.15269,19.60351],[-105.16186,19.60374],[-105.16215,19.61152],[-105.18071,19.62071],[-105.19951,19.62126],[-105.20223,19.63138],[-105.24972,19.67154],[-105.26437,19.67932],[-105.25939,19.68351],[-105.26354,19.6956],[-105.29123,19.72007],[-105.30353,19.74219],[-105.33033,19.76636],[-105.32788,19.7711],[-105.33113,19.78105],[-105.34463,19.80491],[-105.41016,19.88159],[-105.4906,19.98906],[-105.54454,20.09127],[-105.54955,20.09457],[-105.54532,20.1113],[-105.5481,20.16847],[-105.54274,20.18484],[-105.55538,20.22668],[-105.56707,20.23704],[-105.57301,20.23907],[-105.57659,20.23518],[-105.58106,20.23819],[-105.57835,20.23973],[-105.5902,20.26305],[-105.65615,20.31771],[-105.67643,20.34759],[-105.69276,20.38823],[-105.69495,20.40922],[-105.68011,20.41197],[-105.67234,20.40739],[-105.67127,20.42588],[-105.65441,20.42809],[-105.64821,20.4446],[-105.64295,20.44235],[-105.63559,20.44584],[-105.61506,20.47099],[-105.60414,20.47577],[-105.59182,20.47354],[-105.57427,20.48354],[-105.51787,20.49351],[-105.49487,20.4894],[-105.46577,20.49651],[-105.44528,20.48829],[-105.44251,20.49196],[-105.44568,20.49875],[-105.44223,20.50117],[-105.42509,20.50012],[-105.40012,20.50888],[-105.36972,20.50416],[-105.32497,20.51405],[-105.31657,20.51151],[-105.31943,20.5189],[-105.29616,20.53107],[-105.29674,20.53376],[-105.29212,20.53214],[-105.28734,20.54487],[-105.25779,20.55769],[-105.23295,20.61543],[-105.23361,20.63535],[-105.24506,20.65331],[-105.28099,20.67196],[-105.2742,20.67432],[-105.27839,20.67587],[-105.27892,20.68133],[-105.27241,20.68384],[-105.26124,20.67981],[-105.26267,20.68919],[-105.25654,20.69456],[-105.25594,20.70276],[-105.24256,20.70424],[-105.24564,20.72411],[-105.23693,20.72753],[-105.23991,20.74735],[-105.23415,20.74755],[-105.2114,20.76592],[-105.20582,20.76414],[-105.19695,20.77717],[-105.17339,20.76771],[-105.16227,20.79252],[-105.17097,20.79611],[-105.16755,20.80374],[-105.17275,20.80604],[-105.17393,20.81394],[-105.17133,20.82108],[-105.16571,20.82055],[-105.16163,20.83114],[-105.16278,20.84869],[-105.1554,20.85306],[-105.16055,20.85741],[-105.15274,20.86189],[-105.15296,20.86894],[-105.14818,20.86867],[-105.14118,20.8756],[-105.13914,20.88194],[-105.14254,20.88646],[-105.1281,20.88924],[-105.11712,20.89697],[-105.11721,20.90081],[-105.11195,20.90043],[-105.11217,20.90478],[-105.09738,20.91586],[-105.09935,20.91876],[-105.08552,20.92388],[-105.08033,20.93147],[-105.07279,20.92799],[-105.06819,20.93175],[-105.0468,20.93428],[-105.03633,20.92488],[-105.03906,20.91311],[-105.0316,20.90917],[-105.02124,20.91145],[-105.02017,20.91809],[-105.00632,20.92253],[-105.00339,20.91085],[-104.99739,20.91954],[-104.99036,20.92156],[-104.96723,20.9095],[-104.96389,20.91912],[-104.95315,20.93013],[-104.90052,20.94634],[-104.90062,20.96274],[-104.88953,20.97376],[-104.88274,20.97366],[-104.8808,20.98091],[-104.8735,20.98236],[-104.86686,20.9952],[-104.85793,20.99435],[-104.85129,21.00016],[-104.85365,21.00495],[-104.84118,21.00672],[-104.83809,21.02001],[-104.83248,21.01411],[-104.82772,21.01807],[-104.81017,21.01201],[-104.80319,21.01651],[-104.79018,21.01502],[-104.78245,21.02336],[-104.77507,21.01753],[-104.7717,21.0086],[-104.75249,21.01228],[-104.73923,21.00614],[-104.72998,21.01228],[-104.72514,21.00477],[-104.72935,20.98315],[-104.71582,20.98047],[-104.71615,20.97493],[-104.70888,20.97441],[-104.7057,20.96685],[-104.68105,20.96066],[-104.68099,20.94384],[-104.66913,20.94131],[-104.66143,20.94397],[-104.65812,20.93322],[-104.63808,20.93412],[-104.62852,20.92386],[-104.62265,20.92633],[-104.61183,20.92321],[-104.59073,20.93462],[-104.57816,20.93395],[-104.55691,20.92415],[-104.5557,20.91811],[-104.54284,20.91194],[-104.54473,20.90114],[-104.53571,20.89585],[-104.53462,20.88403],[-104.52443,20.88576],[-104.51948,20.86915],[-104.5106,20.85965],[-104.50639,20.86084],[-104.49993,20.83818],[-104.4932,20.83876],[-104.48528,20.83327],[-104.48031,20.82325],[-104.47552,20.82266],[-104.47692,20.81964],[-104.46002,20.8131],[-104.46295,20.81082],[-104.4584,20.80651],[-104.44934,20.80353],[-104.44095,20.80765],[-104.43573,20.80576],[-104.42725,20.79102],[-104.41914,20.79622],[-104.41412,20.79377],[-104.3842,20.76648],[-104.38597,20.76321],[-104.37893,20.75519],[-104.37754,20.74237],[-104.36371,20.74441],[-104.35899,20.73714],[-104.35335,20.73595],[-104.35079,20.72534],[-104.33588,20.72145],[-104.33193,20.71675],[-104.32411,20.71754],[-104.31638,20.70696],[-104.30903,20.70365],[-104.30564,20.69417],[-104.28848,20.68915],[-104.28842,20.6754],[-104.28455,20.67062],[-104.28795,20.6604],[-104.28338,20.65764],[-104.28057,20.64635],[-104.282,20.62899],[-104.27445,20.6166],[-104.25363,20.60342],[-104.25376,20.63061],[-104.24691,20.63149],[-104.26038,20.64283],[-104.2553,20.65328],[-104.23645,20.66289],[-104.24689,20.6709],[-104.25315,20.68229],[-104.24329,20.69174],[-104.24814,20.69963],[-104.24181,20.71343],[-104.24762,20.72633],[-104.25985,20.73533],[-104.27447,20.76998],[-104.28001,20.76893],[-104.28285,20.78348],[-104.2899,20.78134],[-104.29154,20.77063],[-104.29761,20.77079],[-104.32831,20.79809],[-104.33579,20.78988],[-104.34635,20.7932],[-104.35824,20.79053],[-104.37521,20.77544],[-104.37588,20.78407],[-104.35039,20.81164],[-104.36405,20.81393],[-104.3571,20.81987],[-104.36176,20.84093],[-104.33425,20.84666],[-104.31841,20.83857],[-104.30881,20.8468],[-104.29541,20.84549],[-104.2902,20.84901],[-104.29068,20.86234],[-104.2791,20.86452],[-104.29091,20.88779],[-104.26787,20.88746],[-104.24888,20.90577],[-104.24644,20.92124],[-104.22874,20.93558],[-104.22106,20.94152],[-104.20658,20.93637],[-104.20797,20.95105],[-104.2013,20.95924],[-104.21855,20.96028],[-104.23312,20.96874],[-104.23847,20.99215],[-104.23386,20.99833],[-104.22497,20.99611],[-104.22319,21.00126],[-104.22958,21.01627],[-104.24072,21.02172],[-104.2427,21.02733],[-104.23595,21.03155],[-104.23579,21.04012],[-104.22654,21.04429],[-104.22516,21.05052],[-104.23839,21.05227],[-104.23923,21.05707],[-104.23478,21.06768],[-104.22912,21.06615],[-104.2218,21.07002],[-104.21671,21.08579],[-104.22083,21.10136],[-104.21085,21.1186],[-104.21059,21.13092],[-104.21513,21.1391],[-104.22148,21.14072],[-104.22516,21.15121],[-104.22204,21.15329],[-104.22357,21.16918],[-104.21787,21.17265],[-104.21939,21.17661],[-104.20278,21.19283],[-104.16581,21.18888],[-104.1595,21.18456],[-104.14726,21.19162],[-104.13867,21.18866],[-104.12855,21.19096],[-104.12404,21.19626],[-104.11084,21.18859],[-104.10875,21.19556],[-104.10003,21.20086],[-104.08879,21.19613],[-104.08565,21.20536],[-104.0809,21.20176],[-104.08097,21.18969],[-104.06858,21.18677],[-104.06788,21.1982],[-104.06189,21.20008],[-104.05627,21.19414],[-104.05283,21.20541],[-104.04517,21.1992],[-104.03841,21.20444],[-104.03529,21.19595],[-104.02796,21.19467],[-104.02639,21.20047],[-104.03286,21.20268],[-104.0294,21.20866],[-104.02497,21.21293],[-104.02231,21.2051],[-104.01601,21.20746],[-104.01748,21.2272],[-104.00608,21.22804],[-104.00356,21.23646],[-103.98785,21.2443],[-103.9853,21.2492],[-103.97447,21.2518],[-103.97345,21.25632],[-103.95838,21.25275],[-103.94586,21.23801],[-103.92401,21.23457],[-103.92863,21.24976],[-103.93545,21.25417],[-103.93105,21.26254],[-103.91857,21.24562],[-103.91789,21.23102],[-103.90305,21.23342],[-103.89835,21.22649],[-103.8923,21.23842],[-103.8826,21.24191],[-103.87524,21.23864],[-103.86188,21.24887],[-103.84001,21.23982],[-103.81938,21.24843],[-103.817,21.25613],[-103.82499,21.27126],[-103.82034,21.28104],[-103.80784,21.28892],[-103.80356,21.30031],[-103.78063,21.30851],[-103.77611,21.32167],[-103.77253,21.32033],[-103.75739,21.32979],[-103.7556,21.33769],[-103.74934,21.33671],[-103.75226,21.34327],[-103.74431,21.35227],[-103.74707,21.35983],[-103.74132,21.37405],[-103.74975,21.38208],[-103.76732,21.38843],[-103.75689,21.39986],[-103.76439,21.4103],[-103.75644,21.41006],[-103.7513,21.41751],[-103.73126,21.4159],[-103.72089,21.42543],[-103.72837,21.43567],[-103.74202,21.44155],[-103.74452,21.45413],[-103.75293,21.46608],[-103.74936,21.47448],[-103.76912,21.48302],[-103.77027,21.48839],[-103.77818,21.49208],[-103.77412,21.49838],[-103.79107,21.49774],[-103.79298,21.48869],[-103.80157,21.48981],[-103.80041,21.48719],[-103.814,21.49448],[-103.8237,21.49304],[-103.83212,21.51339],[-103.84929,21.51453],[-103.85992,21.52475],[-103.854,21.53322],[-103.85626,21.55236],[-103.87074,21.54873],[-103.88164,21.55214],[-103.89183,21.56248],[-103.89257,21.57414],[-103.90297,21.57441],[-103.91923,21.58198],[-103.92318,21.59057],[-103.91236,21.60805],[-103.91908,21.61625],[-103.90981,21.61483],[-103.90769,21.61867],[-103.91183,21.62982],[-103.93024,21.64191],[-103.92133,21.66837],[-103.91239,21.66897],[-103.90329,21.68582],[-103.88772,21.69781],[-103.89656,21.71274],[-103.8959,21.72774],[-103.90278,21.71625],[-103.93182,21.74338],[-103.93169,21.75132],[-103.92011,21.75085],[-103.91612,21.75577],[-103.92347,21.7718],[-103.9445,21.77682],[-103.95807,21.77202],[-103.97775,21.77133],[-103.98464,21.77269],[-103.98914,21.77986],[-104.01073,21.78194],[-104.05224,21.79476],[-104.07623,21.78971],[-104.07985,21.7824],[-104.08397,21.78576],[-104.09331,21.78456],[-104.09324,21.79124],[-104.09843,21.79281],[-104.10945,21.78732],[-104.13037,21.79045],[-104.14652,21.80643],[-104.16174,21.80984],[-104.1766,21.83223],[-104.18719,21.83788],[-104.1907,21.85106],[-104.19699,21.85077],[-104.17958,21.86009],[-104.17222,21.87132],[-104.18638,21.86801],[-104.20103,21.89147],[-104.20024,21.90946],[-104.18879,21.91899],[-104.18842,21.92821],[-104.17871,21.93901],[-104.17369,21.96339],[-104.17365,21.97088],[-104.19331,21.98542],[-104.21273,21.98288],[-104.23389,21.96919],[-104.246,21.96693],[-104.27544,21.98062],[-104.28137,21.99966],[-104.28937,21.99841],[-104.29407,22.00276],[-104.30229,21.99818],[-104.30813,21.98862],[-104.31505,21.9908],[-104.31978,21.98419],[-104.3249,21.98413],[-104.32685,21.97537],[-104.33592,21.97982],[-104.35714,21.9721],[-104.37068,21.97617],[-104.36758,21.99742],[-104.36003,22.01505],[-104.36903,22.02456],[-104.36502,22.03627],[-104.36775,22.04519],[-104.36153,22.05285],[-104.36347,22.07413],[-104.37318,22.10256],[-104.3647,22.11244],[-104.36155,22.1367],[-104.35455,22.15121],[-104.35626,22.16543],[-104.34941,22.16977],[-104.35056,22.17589],[-104.33654,22.18672],[-104.33183,22.19979],[-104.34135,22.20956],[-104.3339,22.21582],[-104.332,22.22835],[-104.32589,22.23179],[-104.32867,22.24536],[-104.29563,22.2769],[-104.29244,22.28503],[-104.28875,22.28564],[-104.28977,22.29356],[-104.28486,22.29709],[-104.28483,22.30265],[-104.29264,22.30739],[-104.29273,22.32003],[-104.29925,22.32577],[-104.29301,22.33073],[-104.29837,22.34781],[-104.29273,22.34397],[-104.27375,22.34277],[-104.25473,22.34879],[-104.25833,22.38465],[-104.25302,22.3866],[-104.25443,22.39247],[-104.24097,22.41277],[-104.23,22.41454],[-104.22074,22.4211],[-104.20703,22.42169],[-104.19304,22.39912],[-104.17769,22.38963],[-104.16738,22.38735],[-104.16468,22.39165],[-104.17885,22.42743],[-104.17381,22.42954],[-104.17605,22.43173],[-104.16748,22.44515],[-104.17505,22.44248],[-104.17955,22.45005],[-104.19509,22.44763],[-104.19987,22.4563],[-104.19573,22.4622],[-104.18497,22.46462],[-104.18572,22.47141],[-104.18995,22.46825],[-104.19729,22.47712],[-104.20491,22.4719],[-104.19887,22.48045],[-104.21482,22.48416],[-104.20169,22.48696],[-104.19022,22.50761],[-104.17805,22.50529],[-104.16315,22.51444],[-104.15834,22.50932],[-104.1566,22.51521],[-104.1504,22.51627],[-104.14981,22.50974],[-104.14308,22.50465],[-104.12455,22.50247],[-104.12134,22.49667],[-104.1135,22.49661],[-104.11256,22.50923],[-104.12037,22.51748],[-104.10657,22.52325],[-104.1027,22.53144],[-104.07715,22.53178],[-104.06879,22.522],[-104.07415,22.51566],[-104.06937,22.50901],[-104.0717,22.503],[-104.05658,22.4928],[-104.05157,22.46674],[-104.06223,22.45127],[-104.05766,22.44757],[-104.06356,22.44126],[-104.06163,22.4258],[-104.06647,22.42688],[-104.07127,22.42224],[-104.07681,22.40718],[-104.07619,22.39878],[-104.081,22.38977],[-104.07551,22.38369],[-104.07692,22.37964],[-104.0844,22.37445],[-104.09215,22.37837],[-104.09719,22.37145],[-104.09734,22.35782],[-104.09415,22.35504],[-104.0753,22.36439],[-104.06747,22.3614],[-104.04874,22.37644],[-104.02932,22.37108],[-104.02317,22.36449],[-104.01512,22.36481],[-104.01267,22.37855],[-104.00324,22.38993],[-104.0059,22.40868],[-103.98638,22.41483],[-103.985,22.42308],[-103.97646,22.42725],[-103.97556,22.43619],[-103.96056,22.43318],[-103.95865,22.45108],[-103.94932,22.46179],[-103.93794,22.46275],[-103.93847,22.46973],[-103.93343,22.4712],[-103.93778,22.4752],[-103.92943,22.47512],[-103.9398,22.48894],[-103.93307,22.48909],[-103.93807,22.49541],[-103.9344,22.49992],[-103.94993,22.50287],[-103.95003,22.50888],[-103.95635,22.50455],[-103.9634,22.50804],[-103.96619,22.51722],[-103.98064,22.5151],[-103.98028,22.51903],[-103.99125,22.52326],[-103.98722,22.52884],[-103.99975,22.53075],[-104.00556,22.5366],[-103.99887,22.5436],[-103.98009,22.54061],[-103.97232,22.54511],[-104.00083,22.56677],[-103.99017,22.57304],[-103.98998,22.58248],[-103.98328,22.58547],[-103.98621,22.5909],[-104.01806,22.59699],[-104.027,22.61317],[-104.02594,22.62422],[-104.03329,22.63411],[-104.02769,22.63952],[-104.02475,22.65302],[-104.0195,22.65265],[-104.0155,22.66891],[-104.03082,22.67906],[-104.03364,22.6707],[-104.04326,22.67189],[-104.04693,22.67713],[-104.0548,22.67842],[-104.04688,22.6818],[-104.04895,22.68714],[-104.06918,22.69006],[-104.07361,22.69695],[-104.06902,22.70124],[-104.05916,22.69206],[-104.05795,22.69666],[-104.06414,22.70696],[-104.05106,22.70782],[-104.04774,22.71215],[-104.0559,22.72397],[-104.03697,22.72961],[-104.02568,22.74327],[-104.01192,22.74792],[-104.00776,22.74425],[-103.99192,22.748],[-103.9891,22.74184],[-103.97711,22.74715],[-103.972,22.74165],[-103.9694,22.74669],[-103.94669,22.74574],[-103.94037,22.75024],[-103.93373,22.74604]]]]}},{"type":"Feature","properties":{"T00_CVEGEO":"15","T00_NOMGEO":"México","NAME":"Estado de México"},"geometry":{"type":"MultiPolygon","coordinates":[[[[-99.91236,20.28562],[-99.8774,20.27139],[-99.8591,20.26847],[-99.85953,20.26463],[-99.84188,20.28188],[-99.79041,20.23799],[-99.78806,20.23003],[-99.79353,20.2314],[-99.79523,20.22774],[-99.74257,20.18357],[-99.74033,20.17795],[-99.71936,20.16713],[-99.71068,20.16622],[-99.70094,20.17266],[-99.68752,20.17118],[-99.68164,20.17032],[-99.67694,20.16247],[-99.66939,20.1793],[-99.65972,20.18082],[-99.65507,20.16309],[-99.64098,20.16423],[-99.63059,20.14569],[-99.59955,20.16967],[-99.57626,20.16209],[-99.57141,20.17021],[-99.55066,20.17139],[-99.54828,20.16313],[-99.53349,20.16205],[-99.52867,20.16358],[-99.52592,20.17329],[-99.51223,20.1751],[-99.50182,20.15328],[-99.5167,20.15035],[-99.51812,20.14566],[-99.5013,20.127],[-99.49491,20.11088],[-99.48349,20.10097],[-99.481,20.08219],[-99.45975,20.06545],[-99.45821,20.05503],[-99.44844,20.04218],[-99.43685,20.0013],[-99.44549,19.99122],[-99.44466,19.98475],[-99.45514,19.97972],[-99.45024,19.96424],[-99.45871,19.96651],[-99.47776,19.96056],[-99.47723,19.95479],[-99.47361,19.95444],[-99.48397,19.90517],[-99.46387,19.89259],[-99.45079,19.89461],[-99.43593,19.90313],[-99.43603,19.89614],[-99.4452,19.88432],[-99.43041,19.87088],[-99.42677,19.87499],[-99.42098,19.85512],[-99.41498,19.85052],[-99.39174,19.85991],[-99.37324,19.85154],[-99.37696,19.84495],[-99.37438,19.83791],[-99.38137,19.83138],[-99.38152,19.82028],[-99.38671,19.81303],[-99.38643,19.80444],[-99.37753,19.79645],[-99.38811,19.79172],[-99.39032,19.78573],[-99.38116,19.78405],[-99.38788,19.77791],[-99.38244,19.7712],[-99.3706,19.78184],[-99.35778,19.78157],[-99.35242,19.77586],[-99.34455,19.77945],[-99.34573,19.79313],[-99.3403,19.79431],[-99.33865,19.80203],[-99.32557,19.79309],[-99.30659,19.79769],[-99.31267,19.80523],[-99.3069,19.81297],[-99.31192,19.81416],[-99.29694,19.83522],[-99.28631,19.83716],[-99.28161,19.84261],[-99.27871,19.84041],[-99.26946,19.85955],[-99.24795,19.85978],[-99.24142,19.87526],[-99.22829,19.87504],[-99.21746,19.89142],[-99.22392,19.902],[-99.22019,19.90239],[-99.21915,19.91139],[-99.21072,19.91447],[-99.2056,19.9275],[-99.20921,19.93243],[-99.21151,19.92429],[-99.21856,19.92724],[-99.22775,19.95107],[-99.21539,19.95461],[-99.2125,19.96554],[-99.1975,19.97589],[-99.19691,19.98482],[-99.1892,19.98482],[-99.19004,19.99396],[-99.18321,19.9901],[-99.17721,19.99314],[-99.17999,19.99809],[-99.16787,20.00351],[-99.16737,20.01287],[-99.16136,20.01242],[-99.15931,20.01703],[-99.1586,20.02718],[-99.08544,20.03248],[-99.07832,20.0183],[-99.06383,20.01419],[-99.06755,19.98499],[-99.05957,19.97399],[-99.05609,19.98467],[-99.05849,19.9884],[-99.04764,19.99516],[-99.0522,20.00134],[-99.04942,20.00769],[-99.03134,20.01485],[-99.03083,20.00291],[-99.02742,20.00165],[-99.03193,19.99663],[-99.03451,19.97177],[-99.02765,19.96456],[-99.00411,19.96495],[-99.00754,19.97916],[-99.01423,19.97772],[-99.01309,19.98501],[-99.02155,19.987],[-99.01333,19.99765],[-99.01327,20.01092],[-99.00526,20.02894],[-99.00476,20.03267],[-99.00785,20.03113],[-99.01049,20.03548],[-99.00564,20.0532],[-98.99919,20.05416],[-98.98897,20.06826],[-98.98684,20.06121],[-98.95868,20.03956],[-98.95987,20.0326],[-98.96397,20.03123],[-98.94665,20.02747],[-98.94272,19.97907],[-98.94854,19.97402],[-98.96621,19.97399],[-98.98117,19.95472],[-98.99562,19.95689],[-98.99977,19.94182],[-98.98468,19.94631],[-98.98316,19.93861],[-98.96833,19.93381],[-98.96044,19.92506],[-98.9561,19.92818],[-98.95271,19.90671],[-98.95682,19.9056],[-98.95505,19.89639],[-98.96144,19.89364],[-98.95354,19.88854],[-98.95597,19.88516],[-98.966,19.89165],[-99.02057,19.86768],[-99.00014,19.83418],[-99.00819,19.8284],[-98.96091,19.80509],[-98.95539,19.79883],[-98.95003,19.79964],[-98.92762,19.84339],[-98.91632,19.83933],[-98.90601,19.84513],[-98.90785,19.84987],[-98.90297,19.8593],[-98.90878,19.85712],[-98.9052,19.86354],[-98.91747,19.86923],[-98.90971,19.87897],[-98.91182,19.88101],[-98.9092,19.87987],[-98.90411,19.88758],[-98.89826,19.8836],[-98.89588,19.8957],[-98.89205,19.89437],[-98.88315,19.90153],[-98.86589,19.89258],[-98.85582,19.90428],[-98.84094,19.89231],[-98.84403,19.88199],[-98.83665,19.88122],[-98.79516,19.85641],[-98.78971,19.86188],[-98.78949,19.86854],[-98.79392,19.87208],[-98.78057,19.88354],[-98.76144,19.8749],[-98.75235,19.87698],[-98.73917,19.87256],[-98.73884,19.86723],[-98.71854,19.86233],[-98.71281,19.8538],[-98.69912,19.85842],[-98.68536,19.85055],[-98.68084,19.86065],[-98.67265,19.86283],[-98.67183,19.85366],[-98.69763,19.83211],[-98.67587,19.81318],[-98.67247,19.81672],[-98.67478,19.83239],[-98.66081,19.83503],[-98.6399,19.81196],[-98.63878,19.80077],[-98.62355,19.79389],[-98.62525,19.78518],[-98.61223,19.78637],[-98.61166,19.77413],[-98.59942,19.76823],[-98.60059,19.76492],[-98.59686,19.76584],[-98.60208,19.75615],[-98.60321,19.73264],[-98.60809,19.72507],[-98.61589,19.72948],[-98.63292,19.72223],[-98.63079,19.7047],[-98.62391,19.69641],[-98.63223,19.67452],[-98.63989,19.67108],[-98.61966,19.66116],[-98.62444,19.65583],[-98.63494,19.65553],[-98.64381,19.64883],[-98.6531,19.65431],[-98.65554,19.65047],[-98.66643,19.66226],[-98.67005,19.65867],[-98.66762,19.64435],[-98.67239,19.62514],[-98.66174,19.61011],[-98.67008,19.59848],[-98.68137,19.59828],[-98.6815,19.58792],[-98.69242,19.58588],[-98.6891,19.57686],[-98.69326,19.57607],[-98.6948,19.57064],[-98.70126,19.57094],[-98.702,19.56526],[-98.6995,19.56715],[-98.70812,19.5548],[-98.70546,19.55247],[-98.70839,19.5476],[-98.7016,19.54581],[-98.70001,19.53131],[-98.6819,19.51801],[-98.67486,19.49804],[-98.66039,19.4855],[-98.66101,19.47843],[-98.65322,19.46598],[-98.66143,19.45809],[-98.63481,19.43124],[-98.63706,19.42596],[-98.6502,19.43464],[-98.64875,19.43159],[-98.66017,19.43209],[-98.65634,19.42209],[-98.66284,19.403],[-98.65713,19.39708],[-98.65554,19.37345],[-98.65058,19.36464],[-98.64039,19.36471],[-98.63807,19.35891],[-98.6443,19.35823],[-98.64447,19.352],[-98.65494,19.3493],[-98.66058,19.35173],[-98.66347,19.32479],[-98.62752,19.25776],[-98.64356,19.23873],[-98.64701,19.18483],[-98.63533,19.14703],[-98.63891,19.1506],[-98.64065,19.12545],[-98.62696,19.12476],[-98.62548,19.11957],[-98.63255,19.1006],[-98.62588,19.08937],[-98.63929,19.07744],[-98.63022,19.06779],[-98.62346,19.06638],[-98.6311,19.05964],[-98.62696,19.04983],[-98.62978,19.0436],[-98.61987,19.03506],[-98.62927,19.01708],[-98.66447,19.00355],[-98.6902,18.96659],[-98.69634,18.9642],[-98.71403,18.94303],[-98.73334,18.94571],[-98.76305,18.94039],[-98.77498,18.94353],[-98.78088,18.93984],[-98.78611,18.9429],[-98.79207,18.93534],[-98.80317,18.94156],[-98.81685,18.94326],[-98.82644,18.95669],[-98.83588,18.95015],[-98.85947,18.96478],[-98.85733,18.97459],[-98.87,18.99051],[-98.86809,19.00247],[-98.87405,19.0104],[-98.87102,19.02539],[-98.88816,19.03692],[-98.90338,19.03848],[-98.91705,19.05942],[-98.91559,19.06405],[-98.94434,19.06973],[-98.95777,19.06029],[-98.97899,19.07445],[-98.96571,19.08586],[-98.95906,19.10428],[-98.9575,19.12238],[-98.96645,19.14387],[-98.95462,19.14952],[-98.96736,19.16444],[-98.95238,19.16863],[-98.96769,19.18974],[-98.96852,19.21057],[-98.95108,19.21818],[-98.94255,19.21561],[-98.9403,19.22324],[-98.96858,19.23222],[-98.96598,19.24994],[-98.97652,19.25312],[-98.96722,19.30597],[-98.95789,19.32322],[-98.99455,19.35814],[-98.99193,19.3676],[-99.05813,19.40069],[-99.05519,19.42427],[-99.04645,19.44236],[-99.06798,19.48908],[-99.06385,19.49878],[-99.09739,19.51263],[-99.1144,19.51106],[-99.12589,19.52121],[-99.12736,19.53508],[-99.13057,19.53609],[-99.10809,19.56489],[-99.11859,19.58446],[-99.11788,19.59059],[-99.1237,19.59275],[-99.13375,19.58624],[-99.14918,19.56201],[-99.15809,19.55735],[-99.16089,19.54926],[-99.15108,19.54484],[-99.15851,19.53392],[-99.15679,19.52809],[-99.176,19.53203],[-99.17704,19.52933],[-99.17136,19.52719],[-99.17417,19.52346],[-99.16297,19.51796],[-99.15717,19.50285],[-99.20466,19.51513],[-99.20925,19.51241],[-99.22111,19.47507],[-99.20717,19.46957],[-99.21153,19.46799],[-99.21997,19.45288],[-99.21813,19.44411],[-99.22962,19.43737],[-99.22232,19.42694],[-99.2373,19.41236],[-99.2483,19.40865],[-99.25697,19.40043],[-99.25812,19.40476],[-99.26171,19.39599],[-99.29558,19.36907],[-99.30122,19.3697],[-99.30348,19.37783],[-99.31308,19.37045],[-99.31954,19.36362],[-99.31813,19.35815],[-99.32848,19.35309],[-99.33383,19.33059],[-99.3566,19.30667],[-99.34998,19.29683],[-99.35349,19.2974],[-99.35148,19.29415],[-99.36492,19.27777],[-99.34821,19.27396],[-99.33915,19.26769],[-99.34233,19.24112],[-99.31534,19.22919],[-99.31624,19.2215],[-99.30713,19.21373],[-99.2876,19.1466],[-99.27869,19.1317],[-99.29507,19.12293],[-99.31831,19.08741],[-99.31769,19.05338],[-99.30856,19.0403],[-99.31748,19.04012],[-99.3189,19.03107],[-99.31175,19.02465],[-99.31856,19.0203],[-99.31966,19.01127],[-99.30846,18.994],[-99.31105,18.99165],[-99.30871,18.95879],[-99.31716,18.94],[-99.32099,18.94322],[-99.32461,18.9374],[-99.3379,18.9324],[-99.34419,18.91866],[-99.36703,18.894],[-99.37312,18.89863],[-99.40665,18.89518],[-99.41095,18.87818],[-99.42935,18.87757],[-99.43099,18.86574],[-99.42443,18.86028],[-99.43225,18.85781],[-99.43219,18.85352],[-99.4301,18.83261],[-99.42588,18.82643],[-99.45096,18.77252],[-99.46331,18.76718],[-99.46724,18.75189],[-99.49386,18.72082],[-99.50452,18.7117],[-99.52234,18.70743],[-99.53643,18.69375],[-99.55534,18.69776],[-99.56977,18.70551],[-99.58168,18.72174],[-99.57971,18.73518],[-99.5899,18.7393],[-99.60573,18.74062],[-99.61429,18.73612],[-99.61877,18.74125],[-99.62286,18.73984],[-99.62111,18.72593],[-99.6309,18.72055],[-99.63688,18.72664],[-99.63831,18.73733],[-99.64873,18.74318],[-99.66145,18.7713],[-99.69721,18.78633],[-99.69473,18.77677],[-99.70915,18.76884],[-99.68186,18.73595],[-99.68417,18.73318],[-99.67196,18.7135],[-99.67956,18.71133],[-99.70472,18.73493],[-99.71815,18.73444],[-99.73702,18.73983],[-99.74067,18.73649],[-99.73909,18.72828],[-99.75392,18.71881],[-99.75829,18.71127],[-99.75489,18.69738],[-99.77241,18.68619],[-99.77434,18.67458],[-99.7843,18.66233],[-99.78031,18.65409],[-99.78457,18.65109],[-99.78331,18.64236],[-99.793,18.63065],[-99.80073,18.63184],[-99.81251,18.64086],[-99.81655,18.625],[-99.82768,18.62406],[-99.83047,18.62757],[-99.83786,18.62347],[-99.84371,18.62488],[-99.84298,18.62125],[-99.84835,18.62026],[-99.84913,18.61255],[-99.84471,18.60852],[-99.84761,18.60549],[-99.86329,18.61425],[-99.86373,18.61786],[-99.86893,18.6147],[-99.88845,18.61866],[-99.90699,18.60182],[-99.94715,18.58794],[-99.95295,18.5725],[-99.96057,18.56734],[-99.95792,18.56485],[-99.96101,18.56372],[-99.96166,18.55298],[-99.98969,18.5697],[-100.0016,18.56393],[-99.99929,18.58358],[-100.01061,18.59035],[-100.01512,18.59967],[-100.02496,18.60686],[-100.03356,18.60617],[-100.03757,18.59659],[-100.06359,18.5855],[-100.07175,18.59369],[-100.08241,18.58795],[-100.07072,18.58281],[-100.06888,18.56444],[-100.08533,18.53861],[-100.08994,18.52216],[-100.1045,18.52401],[-100.12267,18.51649],[-100.11797,18.51371],[-100.11864,18.50995],[-100.12245,18.51018],[-100.11851,18.50596],[-100.128,18.5078],[-100.12696,18.50264],[-100.13217,18.49996],[-100.13618,18.50612],[-100.14518,18.49804],[-100.14558,18.48802],[-100.15876,18.49182],[-100.15754,18.48681],[-100.16617,18.4865],[-100.16533,18.47971],[-100.1694,18.47907],[-100.17037,18.48342],[-100.1742,18.48168],[-100.17198,18.47151],[-100.18236,18.46812],[-100.18062,18.46409],[-100.18805,18.45909],[-100.18573,18.4551],[-100.20013,18.45669],[-100.19919,18.45193],[-100.20865,18.44123],[-100.2087,18.44916],[-100.21707,18.44592],[-100.22441,18.43412],[-100.22753,18.43535],[-100.22702,18.43085],[-100.23153,18.43194],[-100.23396,18.42371],[-100.23801,18.42522],[-100.23639,18.41677],[-100.24556,18.41872],[-100.24828,18.42676],[-100.25951,18.42743],[-100.25902,18.41835],[-100.26042,18.41556],[-100.26296,18.41778],[-100.26114,18.41285],[-100.26558,18.41218],[-100.26376,18.40851],[-100.26949,18.3999],[-100.26725,18.38577],[-100.27088,18.37373],[-100.27668,18.37208],[-100.27876,18.38079],[-100.28382,18.37786],[-100.29197,18.3816],[-100.29332,18.37529],[-100.30375,18.36701],[-100.31563,18.38139],[-100.31957,18.38064],[-100.34613,18.40031],[-100.35943,18.42346],[-100.38535,18.42652],[-100.38029,18.45566],[-100.36748,18.47538],[-100.362,18.49684],[-100.37369,18.52911],[-100.38237,18.53734],[-100.39595,18.54052],[-100.40591,18.53355],[-100.41136,18.52074],[-100.42909,18.51005],[-100.44935,18.55656],[-100.43684,18.58524],[-100.43693,18.59647],[-100.42973,18.59927],[-100.43683,18.61371],[-100.4465,18.62246],[-100.47428,18.61921],[-100.47638,18.63009],[-100.48702,18.64035],[-100.48841,18.65319],[-100.47776,18.67298],[-100.47833,18.68686],[-100.45447,18.69441],[-100.44713,18.70157],[-100.45037,18.71605],[-100.44428,18.72311],[-100.43712,18.75055],[-100.41808,18.75951],[-100.42775,18.76662],[-100.42614,18.77373],[-100.43179,18.7755],[-100.43063,18.78325],[-100.43527,18.77961],[-100.43656,18.78311],[-100.44093,18.78188],[-100.44181,18.77652],[-100.45103,18.78279],[-100.456,18.77788],[-100.45938,18.79689],[-100.46507,18.79444],[-100.48176,18.79865],[-100.49028,18.7893],[-100.49761,18.80596],[-100.48987,18.81038],[-100.49347,18.82391],[-100.50216,18.83086],[-100.51396,18.82931],[-100.53861,18.84411],[-100.53795,18.83618],[-100.5411,18.83673],[-100.55179,18.84554],[-100.58549,18.85876],[-100.59746,18.87618],[-100.60517,18.87568],[-100.60801,18.88515],[-100.61308,18.8871],[-100.61289,18.89345],[-100.60047,18.89285],[-100.6041,18.89938],[-100.58938,18.90811],[-100.59323,18.91528],[-100.5854,18.91131],[-100.58036,18.91572],[-100.57423,18.91453],[-100.57594,18.92287],[-100.56519,18.91769],[-100.56877,18.92168],[-100.56385,18.92376],[-100.56199,18.93281],[-100.54378,18.9347],[-100.54356,18.9404],[-100.5497,18.94642],[-100.54608,18.95015],[-100.54666,18.96419],[-100.53339,18.96439],[-100.53731,18.97234],[-100.53375,18.97863],[-100.53771,18.98418],[-100.53021,18.98703],[-100.53016,18.99415],[-100.52323,18.99363],[-100.52984,19.00933],[-100.51936,19.01208],[-100.51415,19.00835],[-100.51274,19.01243],[-100.50893,19.0103],[-100.49596,19.01816],[-100.49527,19.02201],[-100.48433,19.02102],[-100.48514,19.02772],[-100.47913,19.02615],[-100.47711,19.03414],[-100.46867,19.02908],[-100.46128,19.03147],[-100.45115,19.04777],[-100.44559,19.04543],[-100.44712,19.05202],[-100.43618,19.05788],[-100.43144,19.05492],[-100.43173,19.06072],[-100.42046,19.06096],[-100.41976,19.06594],[-100.41082,19.06359],[-100.41162,19.07282],[-100.40679,19.0805],[-100.41067,19.08401],[-100.40294,19.1038],[-100.40665,19.10589],[-100.39515,19.1179],[-100.39629,19.1234],[-100.39213,19.12462],[-100.39392,19.12756],[-100.38816,19.13678],[-100.38947,19.14291],[-100.3797,19.15146],[-100.36664,19.14971],[-100.36158,19.1547],[-100.37818,19.1711],[-100.3711,19.17749],[-100.37308,19.19417],[-100.33125,19.23046],[-100.31988,19.25299],[-100.32048,19.28029],[-100.3153,19.28741],[-100.32006,19.29093],[-100.31309,19.29726],[-100.32326,19.3068],[-100.31995,19.31623],[-100.30681,19.32282],[-100.30693,19.33824],[-100.30072,19.34274],[-100.3111,19.35322],[-100.31237,19.36236],[-100.29437,19.38093],[-100.29309,19.39513],[-100.26767,19.40257],[-100.23742,19.40351],[-100.21593,19.41342],[-100.20207,19.43202],[-100.18986,19.4397],[-100.19886,19.45241],[-100.20608,19.45446],[-100.20643,19.47037],[-100.20186,19.47551],[-100.20097,19.49279],[-100.17981,19.48831],[-100.17769,19.49262],[-100.18488,19.49883],[-100.20193,19.49953],[-100.20184,19.52293],[-100.19642,19.53173],[-100.21048,19.54205],[-100.21469,19.55276],[-100.22514,19.55793],[-100.23747,19.55722],[-100.23795,19.56668],[-100.24428,19.57368],[-100.24359,19.58562],[-100.25213,19.61749],[-100.24751,19.63451],[-100.27398,19.67225],[-100.26751,19.67723],[-100.26386,19.69579],[-100.25814,19.69488],[-100.25851,19.70019],[-100.24369,19.70479],[-100.23413,19.72003],[-100.22579,19.71716],[-100.23176,19.71055],[-100.22948,19.7022],[-100.20414,19.70462],[-100.19223,19.70163],[-100.1921,19.69713],[-100.186,19.71297],[-100.17005,19.71294],[-100.16933,19.70774],[-100.15561,19.72195],[-100.15976,19.72605],[-100.14818,19.72821],[-100.1434,19.74954],[-100.14475,19.76431],[-100.14932,19.76678],[-100.14186,19.78739],[-100.14693,19.79796],[-100.14288,19.80352],[-100.14669,19.81285],[-100.13148,19.85201],[-100.1229,19.8569],[-100.10204,19.85399],[-100.09485,19.86042],[-100.06302,19.85581],[-100.0647,19.86282],[-100.10241,19.87971],[-100.11916,19.9121],[-100.13011,19.91619],[-100.13139,19.982],[-100.11602,20.00613],[-100.12316,20.00769],[-100.12523,20.01217],[-100.13772,20.01075],[-100.14448,20.0052],[-100.15507,20.00744],[-100.15865,20.03577],[-100.15453,20.03508],[-100.15331,20.05367],[-100.14715,20.05532],[-100.13965,20.04313],[-100.12024,20.03891],[-100.11847,20.03382],[-100.11132,20.03397],[-100.10549,20.02674],[-100.09134,20.02426],[-100.08881,20.01502],[-100.08133,20.02885],[-100.06562,20.03136],[-100.06619,20.03623],[-100.06172,20.03879],[-100.04379,20.03656],[-100.02761,20.05657],[-100.00563,20.0642],[-100.00034,20.07748],[-99.97846,20.07404],[-99.98018,20.05914],[-99.92633,20.06433],[-99.92376,20.08413],[-99.93604,20.09906],[-99.93718,20.11333],[-99.9422,20.1201],[-99.93917,20.13529],[-99.93075,20.14313],[-99.93757,20.15297],[-99.9362,20.16252],[-99.92974,20.1617],[-99.92717,20.15714],[-99.92189,20.15874],[-99.9352,20.16525],[-99.93234,20.17401],[-99.94118,20.17901],[-99.93713,20.18173],[-99.94706,20.1845],[-99.94633,20.18924],[-99.96066,20.20168],[-99.96522,20.20115],[-99.9645,20.21629],[-99.96988,20.21844],[-99.97569,20.23233],[-99.97329,20.23685],[-99.97826,20.2389],[-99.98087,20.25307],[-99.98646,20.25706],[-99.98118,20.27137],[-99.97681,20.27225],[-99.97419,20.2628],[-99.95625,20.24842],[-99.95093,20.2159],[-99.91841,20.21179],[-99.92237,20.23114],[-99.92856,20.23296],[-99.93407,20.24999],[-99.92846,20.25022],[-99.92954,20.26845],[-99.91236,20.28562]]]]}},{"type":"Feature","properties":{"T00_CVEGEO":"16","T00_NOMGEO":"Michoacán de Ocampo","NAME":"Michoacán"},"geometry":{"type":"MultiPolygon","coordinates":[[[[-102.01006,20.38185],[-102.02182,20.36298],[-102.02519,20.34864],[-102.0173,20.34176],[-102.01465,20.32832],[-102.00728,20.32673],[-102.00489,20.33306],[-102.01369,20.35063],[-101.99939,20.35471],[-101.99638,20.35964],[-101.96898,20.36026],[-101.96233,20.34469],[-101.94471,20.34213],[-101.94731,20.33097],[-101.96346,20.31855],[-101.94895,20.3151],[-101.95001,20.31148],[-101.95626,20.31293],[-101.95991,20.30513],[-101.94953,20.29842],[-101.94357,20.30078],[-101.93454,20.29769],[-101.94713,20.28636],[-101.93772,20.28509],[-101.93685,20.28146],[-101.95118,20.27158],[-101.94359,20.26777],[-101.94494,20.25507],[-101.93437,20.24927],[-101.93216,20.24373],[-101.93812,20.24138],[-101.93986,20.22708],[-101.93234,20.22589],[-101.92824,20.21727],[-101.93059,20.20812],[-101.91777,20.21933],[-101.90793,20.21515],[-101.90933,20.2034],[-101.91565,20.2067],[-101.91789,20.19507],[-101.90998,20.19383],[-101.9047,20.203],[-101.89301,20.20377],[-101.88619,20.19552],[-101.88811,20.18839],[-101.87919,20.18918],[-101.88142,20.19999],[-101.87202,20.20443],[-101.87159,20.21099],[-101.85604,20.2119],[-101.83386,20.22479],[-101.81964,20.20866],[-101.82485,20.20183],[-101.80911,20.20438],[-101.80383,20.21434],[-101.79933,20.21091],[-101.78661,20.21932],[-101.7823,20.21075],[-101.77684,20.21149],[-101.75938,20.20173],[-101.75715,20.20465],[-101.74351,20.20391],[-101.73119,20.2148],[-101.72593,20.20561],[-101.71061,20.2053],[-101.70386,20.19044],[-101.69793,20.18967],[-101.69039,20.19681],[-101.69269,20.20728],[-101.68691,20.21722],[-101.67812,20.21888],[-101.67311,20.21255],[-101.66847,20.21313],[-101.6633,20.23758],[-101.65457,20.24349],[-101.64624,20.23866],[-101.64401,20.24716],[-101.65092,20.25348],[-101.64251,20.26764],[-101.63883,20.26581],[-101.63436,20.27118],[-101.63203,20.26479],[-101.62553,20.26699],[-101.62396,20.27611],[-101.63491,20.28896],[-101.62842,20.29592],[-101.62465,20.31458],[-101.60468,20.30942],[-101.60567,20.29977],[-101.60107,20.29802],[-101.60092,20.31005],[-101.58924,20.3096],[-101.58309,20.32736],[-101.57213,20.32121],[-101.57079,20.31593],[-101.56577,20.31574],[-101.56143,20.31659],[-101.56328,20.32135],[-101.55326,20.33251],[-101.54195,20.32946],[-101.5378,20.32437],[-101.52938,20.33258],[-101.52293,20.33234],[-101.52415,20.32123],[-101.51417,20.31791],[-101.50287,20.32487],[-101.50106,20.31167],[-101.49323,20.314],[-101.48022,20.33017],[-101.4649,20.32901],[-101.45681,20.31926],[-101.45093,20.3195],[-101.45492,20.31785],[-101.45669,20.30437],[-101.44019,20.30519],[-101.44971,20.29823],[-101.44455,20.2951],[-101.44498,20.28972],[-101.45716,20.28514],[-101.45836,20.27602],[-101.4538,20.27397],[-101.45896,20.27019],[-101.45592,20.26717],[-101.43685,20.26378],[-101.43547,20.27738],[-101.42055,20.2752],[-101.41558,20.26476],[-101.40647,20.26363],[-101.39532,20.24855],[-101.36051,20.24905],[-101.35261,20.23493],[-101.36319,20.19579],[-101.40559,20.20332],[-101.41988,20.20159],[-101.42249,20.16322],[-101.41646,20.16167],[-101.4036,20.14211],[-101.39237,20.14403],[-101.38937,20.13486],[-101.391,20.12712],[-101.40282,20.12729],[-101.40868,20.12313],[-101.40432,20.10679],[-101.40833,20.10263],[-101.40324,20.10015],[-101.40469,20.08019],[-101.3875,20.08296],[-101.39544,20.06996],[-101.39427,20.05291],[-101.4026,20.04703],[-101.40167,20.03501],[-101.38813,20.03041],[-101.37494,20.04043],[-101.3699,20.03645],[-101.35406,20.0384],[-101.3482,20.03211],[-101.33403,20.03152],[-101.31647,20.03742],[-101.29645,20.03864],[-101.28096,20.02754],[-101.25302,20.03549],[-101.25076,20.02326],[-101.23834,20.03212],[-101.23035,20.02726],[-101.22072,20.01143],[-101.20305,20.00722],[-101.20152,20.02574],[-101.18229,20.02686],[-101.16034,20.0402],[-101.16389,20.04591],[-101.16663,20.04246],[-101.18136,20.05337],[-101.19631,20.05719],[-101.17908,20.06243],[-101.17161,20.07345],[-101.17362,20.07624],[-101.16965,20.08231],[-101.17523,20.09711],[-101.16518,20.08716],[-101.15436,20.08503],[-101.13314,20.05998],[-101.11391,20.07723],[-101.07996,20.08281],[-101.07485,20.08839],[-101.04289,20.09195],[-101.03525,20.08733],[-101.02134,20.08694],[-100.99271,20.06449],[-101.01398,20.04571],[-101.01269,20.03776],[-101.00356,20.03796],[-101.00808,20.02809],[-100.98785,20.02691],[-100.96733,20.00991],[-100.97277,20.00209],[-100.98269,20.00263],[-100.9767,19.98274],[-101.00457,19.96659],[-101.00343,19.95355],[-100.98198,19.95606],[-100.97661,19.93534],[-100.9644,19.92827],[-100.94787,19.93356],[-100.94753,19.96254],[-100.93257,19.95349],[-100.906,19.96158],[-100.8826,19.94392],[-100.86028,19.94894],[-100.853,19.94165],[-100.85452,19.93491],[-100.83575,19.93459],[-100.83022,19.95413],[-100.83286,19.97239],[-100.82429,19.97833],[-100.81238,19.97138],[-100.8022,19.95834],[-100.79206,19.95557],[-100.77881,19.91515],[-100.7535,19.91712],[-100.74874,19.91275],[-100.71881,19.94052],[-100.68064,19.95046],[-100.66037,19.96455],[-100.64886,19.958],[-100.61757,19.95769],[-100.60612,19.98218],[-100.5956,19.99166],[-100.5767,19.99306],[-100.55789,19.99171],[-100.55677,19.9853],[-100.56569,19.97453],[-100.58061,19.97504],[-100.58759,19.97139],[-100.59385,19.96393],[-100.59307,19.95828],[-100.57996,19.95751],[-100.56547,19.96614],[-100.5601,19.9591],[-100.55071,19.95796],[-100.53393,19.96921],[-100.54242,19.97283],[-100.54062,19.97493],[-100.53182,19.97639],[-100.52677,19.96576],[-100.52932,19.94098],[-100.53472,19.93628],[-100.536,19.923],[-100.51994,19.91882],[-100.52171,19.92772],[-100.51183,19.94222],[-100.51168,19.95821],[-100.49818,19.95804],[-100.47359,19.97233],[-100.47016,19.97998],[-100.46245,19.97927],[-100.46582,19.98739],[-100.44358,19.98228],[-100.36292,19.98986],[-100.3704,20.02126],[-100.3647,20.01971],[-100.3605,20.02396],[-100.35927,20.00974],[-100.35496,20.01012],[-100.35438,20.02779],[-100.36203,20.05343],[-100.35826,20.06491],[-100.38974,20.08082],[-100.39725,20.09695],[-100.38528,20.1045],[-100.3915,20.12103],[-100.37088,20.13618],[-100.36987,20.14666],[-100.35892,20.16722],[-100.36112,20.17256],[-100.35388,20.17952],[-100.35583,20.18238],[-100.3403,20.18973],[-100.34596,20.20098],[-100.35233,20.20046],[-100.35523,20.21902],[-100.34351,20.22896],[-100.34149,20.23911],[-100.32355,20.25193],[-100.33106,20.26676],[-100.33422,20.26537],[-100.34408,20.27294],[-100.34585,20.28444],[-100.35065,20.28841],[-100.34583,20.298],[-100.26045,20.26751],[-100.24512,20.25036],[-100.20714,20.22942],[-100.18114,20.2088],[-100.18419,20.18942],[-100.1884,20.19422],[-100.19186,20.176],[-100.20332,20.17178],[-100.21331,20.15683],[-100.2356,20.14346],[-100.19738,20.12989],[-100.20293,20.07665],[-100.19321,20.07483],[-100.17982,20.083],[-100.18308,20.07385],[-100.17673,20.07091],[-100.1717,20.07822],[-100.16683,20.07483],[-100.16445,20.07834],[-100.1572,20.07068],[-100.16263,20.06304],[-100.14709,20.05767],[-100.13807,20.04756],[-100.13934,20.04297],[-100.1469,20.05517],[-100.15331,20.05367],[-100.15453,20.03508],[-100.15865,20.03577],[-100.15769,20.01791],[-100.15376,20.00639],[-100.14448,20.0052],[-100.13772,20.01075],[-100.12523,20.01217],[-100.12316,20.00769],[-100.11602,20.00613],[-100.13139,19.982],[-100.13011,19.91619],[-100.11916,19.9121],[-100.10241,19.87971],[-100.0647,19.86282],[-100.06302,19.85581],[-100.09485,19.86042],[-100.10204,19.85399],[-100.1229,19.8569],[-100.13148,19.85201],[-100.14669,19.81285],[-100.14288,19.80352],[-100.14693,19.79796],[-100.14186,19.78739],[-100.14932,19.76678],[-100.14475,19.76431],[-100.1434,19.74954],[-100.14818,19.72821],[-100.15976,19.72605],[-100.15561,19.72195],[-100.16933,19.70774],[-100.17005,19.71294],[-100.186,19.71297],[-100.1921,19.69713],[-100.19223,19.70163],[-100.20414,19.70462],[-100.22948,19.7022],[-100.23176,19.71055],[-100.22579,19.71716],[-100.23413,19.72003],[-100.24369,19.70479],[-100.25851,19.70019],[-100.25814,19.69488],[-100.26386,19.69579],[-100.26751,19.67723],[-100.27398,19.67225],[-100.24751,19.63451],[-100.25213,19.61749],[-100.24359,19.58562],[-100.24428,19.57368],[-100.23795,19.56668],[-100.23747,19.55722],[-100.22514,19.55793],[-100.21469,19.55276],[-100.21048,19.54205],[-100.19642,19.53173],[-100.20184,19.52293],[-100.20193,19.49953],[-100.18488,19.49883],[-100.17769,19.49262],[-100.17981,19.48831],[-100.20097,19.49279],[-100.20186,19.47551],[-100.20643,19.47037],[-100.20608,19.45446],[-100.19886,19.45241],[-100.18986,19.4397],[-100.20207,19.43202],[-100.21593,19.41342],[-100.23742,19.40351],[-100.26767,19.40257],[-100.29309,19.39513],[-100.29437,19.38093],[-100.31237,19.36236],[-100.3111,19.35322],[-100.30072,19.34274],[-100.30693,19.33824],[-100.30681,19.32282],[-100.31995,19.31623],[-100.32326,19.3068],[-100.31309,19.29726],[-100.32006,19.29093],[-100.3153,19.28741],[-100.32048,19.28029],[-100.31988,19.25299],[-100.33125,19.23046],[-100.37308,19.19417],[-100.3711,19.17749],[-100.37818,19.1711],[-100.36158,19.1547],[-100.36664,19.14971],[-100.3797,19.15146],[-100.38947,19.14291],[-100.38816,19.13678],[-100.39392,19.12756],[-100.39213,19.12462],[-100.39629,19.1234],[-100.39515,19.1179],[-100.40665,19.10589],[-100.40294,19.1038],[-100.41067,19.08401],[-100.40679,19.0805],[-100.41162,19.07282],[-100.41082,19.06359],[-100.41976,19.06594],[-100.42046,19.06096],[-100.43173,19.06072],[-100.43144,19.05492],[-100.43618,19.05788],[-100.44712,19.05202],[-100.44559,19.04543],[-100.45115,19.04777],[-100.46128,19.03147],[-100.46867,19.02908],[-100.47711,19.03414],[-100.47913,19.02615],[-100.48514,19.02772],[-100.48433,19.02102],[-100.49527,19.02201],[-100.49596,19.01816],[-100.50893,19.0103],[-100.51274,19.01243],[-100.51415,19.00835],[-100.51936,19.01208],[-100.52984,19.00933],[-100.52323,18.99363],[-100.53016,18.99415],[-100.53021,18.98703],[-100.53771,18.98418],[-100.53375,18.97863],[-100.53731,18.97234],[-100.53339,18.96439],[-100.54666,18.96419],[-100.54608,18.95015],[-100.5497,18.94642],[-100.54356,18.9404],[-100.54378,18.9347],[-100.56199,18.93281],[-100.56385,18.92376],[-100.56877,18.92168],[-100.56519,18.91769],[-100.57594,18.92287],[-100.57423,18.91453],[-100.58036,18.91572],[-100.5854,18.91131],[-100.59323,18.91528],[-100.58938,18.90811],[-100.6041,18.89938],[-100.60047,18.89285],[-100.61289,18.89345],[-100.6108,18.88917],[-100.62035,18.8785],[-100.62224,18.86683],[-100.64083,18.8659],[-100.64035,18.86217],[-100.64519,18.86031],[-100.64341,18.84887],[-100.6517,18.84794],[-100.65068,18.83994],[-100.65933,18.83397],[-100.66607,18.83425],[-100.67292,18.8248],[-100.66685,18.81938],[-100.68,18.81722],[-100.67992,18.80955],[-100.68469,18.80316],[-100.69203,18.8056],[-100.69606,18.79412],[-100.70583,18.7964],[-100.70275,18.82376],[-100.71196,18.82591],[-100.70955,18.83585],[-100.724,18.84923],[-100.73636,18.85131],[-100.73682,18.86051],[-100.74619,18.85798],[-100.7484,18.86793],[-100.76393,18.86687],[-100.76911,18.86023],[-100.77691,18.85975],[-100.78211,18.85425],[-100.7804,18.84836],[-100.79176,18.83417],[-100.78251,18.80165],[-100.79896,18.78453],[-100.79422,18.76479],[-100.79015,18.76144],[-100.7969,18.74627],[-100.78845,18.7412],[-100.78177,18.7451],[-100.77293,18.73256],[-100.7854,18.69148],[-100.78351,18.68702],[-100.77027,18.69271],[-100.76127,18.67599],[-100.76551,18.66416],[-100.75944,18.65567],[-100.7601,18.64163],[-100.7512,18.64166],[-100.76419,18.58174],[-100.76489,18.56121],[-100.74422,18.51807],[-100.72998,18.51972],[-100.70953,18.49597],[-100.70746,18.48823],[-100.71503,18.48639],[-100.70461,18.48331],[-100.69778,18.49064],[-100.65245,18.46479],[-100.64797,18.45741],[-100.63724,18.45775],[-100.63148,18.43847],[-100.59069,18.41546],[-100.58862,18.40923],[-100.59916,18.40644],[-100.59614,18.39945],[-100.60966,18.38724],[-100.60873,18.37919],[-100.62693,18.37565],[-100.63967,18.36392],[-100.64202,18.34776],[-100.64586,18.34615],[-100.65707,18.36046],[-100.66359,18.36138],[-100.67669,18.37256],[-100.67495,18.38362],[-100.68932,18.39394],[-100.68776,18.40864],[-100.69104,18.41415],[-100.70703,18.419],[-100.71633,18.40088],[-100.72272,18.40045],[-100.73736,18.4273],[-100.75135,18.42577],[-100.76012,18.4352],[-100.77764,18.43954],[-100.78572,18.46351],[-100.79817,18.48054],[-100.83847,18.47307],[-100.85916,18.47838],[-100.87397,18.49201],[-100.88052,18.48748],[-100.88759,18.46813],[-100.89436,18.46314],[-100.91451,18.47175],[-100.91693,18.45166],[-100.92299,18.44416],[-100.94275,18.45507],[-100.95358,18.44508],[-100.96311,18.44573],[-100.96677,18.44992],[-100.96097,18.46363],[-100.96389,18.47182],[-100.98466,18.48909],[-101.00487,18.49222],[-101.012,18.52754],[-101.02091,18.52294],[-101.03796,18.5262],[-101.05449,18.51844],[-101.07552,18.51497],[-101.08865,18.50591],[-101.12026,18.50925],[-101.1315,18.51749],[-101.14278,18.51053],[-101.16821,18.52102],[-101.19156,18.51782],[-101.19628,18.52638],[-101.21189,18.53641],[-101.23806,18.53415],[-101.25931,18.53953],[-101.27001,18.53516],[-101.28207,18.54473],[-101.29895,18.53312],[-101.31318,18.5329],[-101.31898,18.52829],[-101.33449,18.52843],[-101.36187,18.52022],[-101.36241,18.50322],[-101.3656,18.49988],[-101.37085,18.50046],[-101.37858,18.50984],[-101.39491,18.50612],[-101.40688,18.51251],[-101.41757,18.49755],[-101.43215,18.50167],[-101.44194,18.48899],[-101.45741,18.49735],[-101.46801,18.48693],[-101.47993,18.4906],[-101.50647,18.48669],[-101.51805,18.49598],[-101.53842,18.49775],[-101.55034,18.5097],[-101.56423,18.50987],[-101.58356,18.52099],[-101.58831,18.52813],[-101.58947,18.54163],[-101.59799,18.54888],[-101.60508,18.57459],[-101.62015,18.58636],[-101.62449,18.59915],[-101.63898,18.60253],[-101.70117,18.58789],[-101.70568,18.59077],[-101.71047,18.60626],[-101.71735,18.61201],[-101.77179,18.60372],[-101.84384,18.57439],[-101.85927,18.55289],[-101.88225,18.53422],[-101.88895,18.49901],[-101.88792,18.48149],[-101.86043,18.44618],[-101.87375,18.43748],[-101.88931,18.40047],[-101.87303,18.38429],[-101.87405,18.36834],[-101.86156,18.35647],[-101.86242,18.34101],[-101.87079,18.33176],[-101.85571,18.31427],[-101.87019,18.30832],[-101.86269,18.28723],[-101.88291,18.27743],[-101.86335,18.26616],[-101.86324,18.26165],[-101.88303,18.26242],[-101.89681,18.27711],[-101.90711,18.26118],[-101.90664,18.24481],[-101.92011,18.24069],[-101.92796,18.23161],[-101.95062,18.22783],[-101.9734,18.2323],[-101.97778,18.22715],[-101.97365,18.2128],[-101.97648,18.20801],[-102.01905,18.20211],[-102.03079,18.20846],[-102.03867,18.20819],[-102.05736,18.19515],[-102.09414,18.1949],[-102.11972,18.18636],[-102.14031,18.18826],[-102.15063,18.16988],[-102.16181,18.16415],[-102.1632,18.14477],[-102.1787,18.12034],[-102.17444,18.11437],[-102.17977,18.08879],[-102.17844,18.07373],[-102.18434,18.05948],[-102.1784,18.03785],[-102.18417,18.02457],[-102.18015,17.9989],[-102.17327,17.98963],[-102.13754,17.96968],[-102.13298,17.95083],[-102.13782,17.94851],[-102.13975,17.93621],[-102.18554,17.91491],[-102.31014,17.96984],[-102.48379,18.01874],[-102.51958,18.02181],[-102.52407,18.02594],[-102.60971,18.04888],[-102.64515,18.05288],[-102.65334,18.05043],[-102.67408,18.0596],[-102.68815,18.05984],[-102.6975,18.05517],[-102.71871,18.06155],[-102.72,18.0681],[-102.72956,18.07177],[-102.73824,18.07277],[-102.74387,18.06731],[-102.74402,18.07313],[-102.75017,18.07493],[-102.75913,18.06987],[-102.76324,18.07785],[-102.78728,18.08291],[-102.98564,18.17159],[-103.01376,18.17724],[-103.03119,18.18809],[-103.05647,18.18934],[-103.06291,18.19446],[-103.0698,18.18959],[-103.09221,18.19286],[-103.10076,18.18927],[-103.11161,18.19095],[-103.11481,18.19359],[-103.11304,18.19924],[-103.11836,18.20324],[-103.12874,18.20496],[-103.14582,18.20017],[-103.14819,18.20583],[-103.16775,18.21081],[-103.1854,18.22192],[-103.20434,18.22198],[-103.20242,18.22622],[-103.21051,18.23192],[-103.22617,18.23386],[-103.23367,18.23051],[-103.25416,18.23589],[-103.29221,18.24776],[-103.29751,18.25534],[-103.30798,18.26069],[-103.33843,18.27069],[-103.36187,18.26497],[-103.36807,18.27234],[-103.37216,18.27047],[-103.37143,18.27711],[-103.37763,18.28188],[-103.38852,18.2797],[-103.38951,18.28554],[-103.39687,18.28325],[-103.39709,18.2895],[-103.40377,18.28638],[-103.40409,18.29057],[-103.41472,18.2969],[-103.49232,18.32962],[-103.49453,18.33633],[-103.51226,18.34637],[-103.50959,18.34843],[-103.51454,18.35265],[-103.51396,18.36353],[-103.52972,18.38317],[-103.52929,18.40491],[-103.54078,18.4308],[-103.56114,18.45539],[-103.56116,18.46664],[-103.58308,18.5059],[-103.6258,18.54687],[-103.64562,18.56049],[-103.65692,18.56355],[-103.66989,18.57925],[-103.69485,18.59201],[-103.70593,18.59028],[-103.71188,18.597],[-103.70577,18.60229],[-103.6994,18.60174],[-103.6968,18.60985],[-103.69027,18.61244],[-103.6862,18.62864],[-103.70988,18.66296],[-103.73776,18.68415],[-103.73797,18.69407],[-103.71892,18.71043],[-103.70364,18.73896],[-103.70029,18.75435],[-103.68543,18.75729],[-103.67901,18.77321],[-103.66183,18.77895],[-103.6537,18.77654],[-103.63797,18.7832],[-103.62002,18.80138],[-103.62068,18.82035],[-103.62619,18.83097],[-103.61718,18.84285],[-103.64056,18.86724],[-103.63027,18.88532],[-103.62027,18.89304],[-103.61555,18.89242],[-103.60252,18.8816],[-103.59628,18.88394],[-103.5882,18.87575],[-103.58757,18.86584],[-103.58437,18.86615],[-103.58234,18.87562],[-103.57324,18.87133],[-103.56884,18.89252],[-103.55962,18.89595],[-103.55807,18.90658],[-103.54148,18.90966],[-103.53204,18.90543],[-103.52841,18.91231],[-103.53361,18.92703],[-103.52354,18.9272],[-103.51411,18.93493],[-103.52231,18.94851],[-103.50636,18.94822],[-103.50291,18.95779],[-103.50859,18.96367],[-103.49119,18.95835],[-103.48748,18.97162],[-103.48189,18.97038],[-103.48372,18.97978],[-103.47214,18.98508],[-103.47309,18.99106],[-103.46312,18.97702],[-103.44185,18.98353],[-103.41944,18.98125],[-103.41143,18.96766],[-103.40717,18.97152],[-103.3997,18.96636],[-103.39441,18.96741],[-103.37724,18.98017],[-103.36316,18.97662],[-103.35531,18.98022],[-103.33248,18.97325],[-103.30481,18.98579],[-103.29939,18.9929],[-103.28782,18.99183],[-103.28218,18.9997],[-103.27765,18.99693],[-103.25974,19.00369],[-103.25791,19.01174],[-103.24051,19.01398],[-103.22538,19.02412],[-103.21739,19.00353],[-103.20951,19.00298],[-103.21139,18.993],[-103.20321,18.97849],[-103.20446,18.96761],[-103.17336,18.93626],[-103.14962,18.92594],[-103.12501,18.93014],[-103.12362,18.93761],[-103.10823,18.95168],[-103.10518,18.96129],[-103.09802,18.96475],[-103.0881,18.98411],[-103.06622,18.99626],[-103.05249,18.99812],[-103.06376,19.00567],[-103.06669,19.02227],[-103.06323,19.02785],[-103.05055,19.0356],[-103.03323,19.02911],[-103.02521,19.0531],[-103.01564,19.04889],[-102.99083,19.05338],[-103.016,19.07918],[-103.01945,19.10383],[-103.01201,19.10919],[-103.02053,19.12505],[-103.01972,19.13237],[-103.00445,19.13757],[-102.97761,19.12006],[-102.97935,19.15241],[-102.96267,19.16577],[-102.96009,19.17405],[-102.95548,19.16962],[-102.95229,19.17656],[-102.93614,19.17362],[-102.93512,19.18203],[-102.92743,19.17727],[-102.91506,19.17936],[-102.88642,19.20439],[-102.86537,19.21128],[-102.86259,19.20323],[-102.84563,19.19905],[-102.83141,19.21464],[-102.82442,19.20569],[-102.8177,19.20909],[-102.80835,19.22326],[-102.79376,19.22541],[-102.79023,19.24246],[-102.77692,19.24355],[-102.75381,19.2558],[-102.74061,19.24833],[-102.73771,19.2422],[-102.7279,19.24239],[-102.71271,19.23581],[-102.70712,19.23832],[-102.70525,19.24705],[-102.69658,19.24881],[-102.69436,19.23743],[-102.69731,19.23805],[-102.70068,19.22453],[-102.69389,19.22629],[-102.66991,19.21241],[-102.66826,19.22095],[-102.6621,19.21881],[-102.66129,19.22855],[-102.65615,19.22873],[-102.65683,19.2325],[-102.65183,19.23552],[-102.65689,19.24053],[-102.64971,19.24601],[-102.64559,19.25949],[-102.6382,19.26266],[-102.64312,19.2662],[-102.63887,19.27301],[-102.64309,19.27834],[-102.63271,19.30698],[-102.61117,19.32279],[-102.60105,19.36448],[-102.58795,19.38868],[-102.58254,19.38966],[-102.56879,19.41262],[-102.57678,19.42391],[-102.56507,19.43515],[-102.55104,19.42538],[-102.54371,19.42958],[-102.54658,19.4351],[-102.55923,19.43688],[-102.54768,19.43948],[-102.55869,19.447],[-102.56672,19.44264],[-102.56857,19.44548],[-102.56329,19.46492],[-102.55576,19.46515],[-102.55475,19.47093],[-102.5483,19.47142],[-102.5427,19.47803],[-102.54907,19.49242],[-102.57593,19.49806],[-102.57185,19.51119],[-102.57634,19.51589],[-102.57618,19.52489],[-102.58186,19.52825],[-102.58399,19.52269],[-102.59845,19.51865],[-102.62052,19.49877],[-102.62891,19.50045],[-102.65752,19.48723],[-102.67092,19.49062],[-102.67302,19.51199],[-102.68948,19.51341],[-102.72372,19.49317],[-102.73199,19.49604],[-102.73806,19.49336],[-102.73887,19.49866],[-102.73015,19.50684],[-102.73096,19.51054],[-102.72457,19.50912],[-102.72231,19.51814],[-102.71751,19.51946],[-102.7167,19.53352],[-102.71065,19.54107],[-102.71844,19.55032],[-102.71351,19.56326],[-102.71964,19.56829],[-102.71679,19.57063],[-102.72035,19.57962],[-102.72603,19.57902],[-102.72234,19.58237],[-102.72657,19.58614],[-102.71846,19.59287],[-102.71592,19.60293],[-102.72027,19.60585],[-102.71881,19.60941],[-102.72585,19.60994],[-102.72608,19.61313],[-102.74756,19.61277],[-102.76085,19.62753],[-102.77584,19.62771],[-102.77959,19.64431],[-102.78227,19.64259],[-102.78204,19.64662],[-102.78748,19.64823],[-102.78418,19.65208],[-102.79259,19.65455],[-102.79119,19.67318],[-102.80565,19.67483],[-102.79762,19.67812],[-102.79222,19.68842],[-102.78222,19.69521],[-102.78047,19.70432],[-102.79216,19.71767],[-102.7958,19.72837],[-102.8108,19.74101],[-102.80258,19.74663],[-102.80392,19.75215],[-102.81627,19.7499],[-102.8086,19.75956],[-102.81319,19.76637],[-102.8128,19.77595],[-102.81952,19.77794],[-102.7923,19.81411],[-102.78498,19.81545],[-102.75907,19.80798],[-102.7552,19.81396],[-102.74522,19.81197],[-102.73939,19.81582],[-102.7452,19.828],[-102.75332,19.83412],[-102.73034,19.85321],[-102.73487,19.86039],[-102.73476,19.87452],[-102.74248,19.87876],[-102.73978,19.88576],[-102.73251,19.89038],[-102.73121,19.8995],[-102.77062,19.92987],[-102.78403,19.95123],[-102.77687,19.96015],[-102.794,19.95029],[-102.82196,19.96457],[-102.85646,19.96804],[-102.88204,19.97577],[-102.88209,19.96958],[-102.90261,19.96686],[-102.92626,19.98418],[-102.94362,19.98413],[-102.95121,19.99655],[-102.9633,19.98983],[-102.9938,19.98389],[-103.00448,19.9717],[-103.01221,19.97015],[-103.01547,19.95975],[-103.02521,19.96049],[-103.02937,19.96743],[-103.03622,19.96944],[-103.0515,19.99161],[-103.0438,20.00198],[-103.04817,20.00728],[-103.0326,20.02468],[-103.03569,20.02941],[-103.02438,20.03331],[-103.02845,20.03666],[-103.02651,20.04934],[-103.02071,20.0473],[-103.02162,20.0533],[-103.02444,20.05236],[-103.02465,20.05776],[-103.0308,20.06218],[-103.0305,20.07271],[-103.03377,20.07567],[-103.03072,20.07855],[-103.0417,20.09064],[-103.03281,20.11136],[-103.03536,20.11671],[-103.04258,20.11519],[-103.04414,20.12412],[-103.03132,20.12675],[-103.03522,20.13348],[-103.03246,20.13644],[-103.00481,20.13819],[-102.99839,20.12596],[-102.97058,20.1254],[-102.96445,20.12713],[-102.95957,20.14124],[-102.94202,20.12883],[-102.92644,20.12957],[-102.92449,20.13626],[-102.94322,20.14977],[-102.95399,20.16657],[-102.95413,20.17087],[-102.94016,20.17168],[-102.91031,20.16249],[-102.89462,20.16417],[-102.88687,20.15881],[-102.87549,20.15757],[-102.86594,20.16236],[-102.86244,20.15439],[-102.8523,20.14924],[-102.857,20.1443],[-102.85499,20.13671],[-102.84605,20.13077],[-102.84067,20.11611],[-102.83748,20.11348],[-102.83515,20.11656],[-102.81628,20.10604],[-102.80725,20.11266],[-102.80186,20.12303],[-102.80742,20.13317],[-102.81924,20.13682],[-102.8152,20.13926],[-102.7935,20.14167],[-102.78891,20.13827],[-102.77614,20.13844],[-102.76705,20.14866],[-102.75723,20.15343],[-102.75249,20.14861],[-102.73022,20.16661],[-102.68967,20.16603],[-102.67971,20.1715],[-102.68536,20.218],[-102.67902,20.22691],[-102.66087,20.23154],[-102.64119,20.22345],[-102.62732,20.22938],[-102.61691,20.24787],[-102.621,20.25248],[-102.61325,20.25508],[-102.6148,20.2633],[-102.61014,20.26909],[-102.59893,20.2671],[-102.59751,20.26174],[-102.59048,20.25846],[-102.58009,20.26438],[-102.56667,20.26562],[-102.56874,20.27451],[-102.56457,20.27815],[-102.55581,20.2714],[-102.55783,20.2636],[-102.55497,20.26068],[-102.54411,20.28056],[-102.53586,20.27898],[-102.53518,20.27217],[-102.52927,20.27061],[-102.52007,20.28041],[-102.52224,20.28735],[-102.53007,20.29081],[-102.53001,20.29622],[-102.50895,20.30135],[-102.50543,20.31585],[-102.4962,20.3079],[-102.49062,20.3086],[-102.48099,20.3249],[-102.46783,20.33059],[-102.45485,20.32897],[-102.45446,20.33408],[-102.44738,20.33849],[-102.43236,20.34104],[-102.42122,20.3327],[-102.40996,20.33349],[-102.39984,20.32774],[-102.3912,20.33395],[-102.36669,20.32779],[-102.35844,20.33702],[-102.34601,20.33506],[-102.32722,20.34948],[-102.31608,20.34458],[-102.30659,20.35816],[-102.29205,20.35297],[-102.2936,20.3459],[-102.28985,20.34083],[-102.28408,20.34556],[-102.26756,20.33562],[-102.25907,20.33937],[-102.25415,20.33526],[-102.2218,20.34407],[-102.21956,20.35091],[-102.20811,20.35668],[-102.1966,20.35049],[-102.17536,20.35596],[-102.17701,20.36815],[-102.15815,20.36696],[-102.16004,20.3749],[-102.16816,20.37874],[-102.13489,20.37566],[-102.13157,20.38113],[-102.10885,20.37805],[-102.0873,20.38489],[-102.06502,20.37492],[-102.02264,20.38089],[-102.01603,20.39455],[-102.01006,20.38185]]]]}},{"type":"Feature","properties":{"T00_CVEGEO":"17","T00_NOMGEO":"Morelos","NAME":"Morelos"},"geometry":{"type":"MultiPolygon","coordinates":[[[[-99.06208,19.04872],[-99.0432,19.07575],[-99.02899,19.08537],[-98.98359,19.07876],[-98.95777,19.06029],[-98.94434,19.06973],[-98.91559,19.06405],[-98.91705,19.05942],[-98.90338,19.03848],[-98.88816,19.03692],[-98.87102,19.02539],[-98.87405,19.0104],[-98.86809,19.00247],[-98.87,18.99051],[-98.85733,18.97459],[-98.85947,18.96478],[-98.83588,18.95015],[-98.82644,18.95669],[-98.81685,18.94326],[-98.80317,18.94156],[-98.79207,18.93534],[-98.78611,18.9429],[-98.78088,18.93984],[-98.77498,18.94353],[-98.76305,18.9404],[-98.73334,18.94571],[-98.71403,18.94303],[-98.69634,18.9642],[-98.6902,18.96659],[-98.66447,19.00355],[-98.63294,19.01555],[-98.6496,18.99957],[-98.66331,18.96251],[-98.67362,18.95166],[-98.67808,18.92371],[-98.70734,18.90285],[-98.70567,18.89079],[-98.71379,18.87682],[-98.71396,18.86838],[-98.69775,18.87695],[-98.70282,18.89045],[-98.68795,18.89846],[-98.68141,18.90716],[-98.67291,18.90944],[-98.66592,18.90604],[-98.66131,18.89781],[-98.66728,18.88937],[-98.66485,18.88766],[-98.67232,18.88452],[-98.674,18.87813],[-98.68197,18.87596],[-98.6792,18.87607],[-98.68407,18.86296],[-98.6949,18.85122],[-98.69506,18.84507],[-98.7027,18.83945],[-98.70714,18.8218],[-98.71627,18.81093],[-98.72155,18.81339],[-98.72794,18.80551],[-98.73385,18.77808],[-98.75349,18.74297],[-98.73866,18.73716],[-98.72893,18.74523],[-98.7159,18.73919],[-98.72398,18.71906],[-98.7413,18.70786],[-98.74187,18.70217],[-98.73271,18.67377],[-98.71989,18.65595],[-98.72086,18.6389],[-98.71779,18.63833],[-98.71689,18.62575],[-98.71142,18.61645],[-98.71354,18.60631],[-98.71926,18.60498],[-98.71983,18.60071],[-98.71256,18.58795],[-98.71171,18.57368],[-98.71676,18.57311],[-98.7158,18.56848],[-98.71181,18.56999],[-98.71667,18.56592],[-98.70528,18.55178],[-98.70688,18.54377],[-98.70274,18.53878],[-98.70698,18.52446],[-98.71335,18.52056],[-98.70934,18.51357],[-98.70193,18.51218],[-98.70666,18.51137],[-98.7043,18.50408],[-98.70732,18.49285],[-98.7018,18.49698],[-98.69897,18.49498],[-98.70246,18.47992],[-98.70766,18.47874],[-98.70445,18.47183],[-98.71041,18.46806],[-98.70604,18.46393],[-98.71024,18.46301],[-98.71028,18.45742],[-98.70586,18.4559],[-98.71162,18.45216],[-98.70669,18.44511],[-98.72695,18.43953],[-98.73462,18.44397],[-98.73808,18.45574],[-98.74759,18.45143],[-98.75218,18.45392],[-98.76099,18.47544],[-98.78677,18.48462],[-98.78335,18.4878],[-98.79895,18.49809],[-98.79982,18.50276],[-98.80381,18.50243],[-98.8027,18.50532],[-98.81049,18.51203],[-98.81055,18.51931],[-98.8164,18.51818],[-98.82776,18.52388],[-98.84034,18.51277],[-98.8385,18.50691],[-98.84341,18.50588],[-98.83644,18.49457],[-98.84435,18.49026],[-98.8445,18.48323],[-98.8504,18.47803],[-98.87057,18.4792],[-98.91221,18.46212],[-98.9054,18.45974],[-98.91516,18.45782],[-98.91451,18.44355],[-98.92032,18.4423],[-98.91931,18.43196],[-98.93514,18.4229],[-98.9494,18.42261],[-98.95143,18.41763],[-98.95918,18.42033],[-98.97396,18.41714],[-98.97798,18.42399],[-98.98536,18.42115],[-98.98397,18.41375],[-98.98769,18.41185],[-98.9835,18.40542],[-98.98793,18.39706],[-98.99698,18.39396],[-99.00093,18.38825],[-99.01817,18.38778],[-99.02052,18.37702],[-99.03143,18.36494],[-99.03562,18.36548],[-99.03836,18.35878],[-99.04353,18.35945],[-99.04852,18.35124],[-99.05876,18.34885],[-99.05768,18.33846],[-99.06478,18.33237],[-99.07167,18.33521],[-99.07598,18.34284],[-99.06985,18.35042],[-99.07117,18.35948],[-99.06619,18.35939],[-99.06629,18.36778],[-99.07119,18.37039],[-99.07283,18.37731],[-99.08125,18.37311],[-99.07853,18.38706],[-99.08954,18.39998],[-99.10051,18.40119],[-99.11065,18.41907],[-99.12831,18.42731],[-99.13011,18.43221],[-99.12439,18.44124],[-99.12984,18.44092],[-99.13609,18.44918],[-99.134,18.45796],[-99.13943,18.46405],[-99.14109,18.47524],[-99.14487,18.47555],[-99.1424,18.46528],[-99.15612,18.46635],[-99.18131,18.44842],[-99.18233,18.43613],[-99.1779,18.42474],[-99.20667,18.44743],[-99.20541,18.45659],[-99.246,18.45643],[-99.2476,18.451],[-99.28014,18.45457],[-99.28741,18.45877],[-99.30423,18.45947],[-99.31214,18.45478],[-99.32836,18.45954],[-99.32826,18.48883],[-99.34555,18.48229],[-99.35267,18.48598],[-99.34344,18.46713],[-99.3574,18.46767],[-99.35505,18.47674],[-99.36423,18.48514],[-99.36294,18.49902],[-99.37921,18.52053],[-99.38387,18.52115],[-99.38529,18.52628],[-99.39026,18.52568],[-99.4078,18.55606],[-99.42287,18.56207],[-99.42529,18.57912],[-99.4197,18.59033],[-99.42937,18.58892],[-99.43564,18.59276],[-99.43517,18.59807],[-99.44049,18.59746],[-99.44119,18.61257],[-99.44609,18.61449],[-99.45388,18.6099],[-99.45809,18.63406],[-99.47757,18.67356],[-99.48291,18.69265],[-99.48016,18.69481],[-99.48556,18.69503],[-99.49441,18.72054],[-99.46724,18.75189],[-99.46331,18.76718],[-99.45096,18.77252],[-99.42588,18.82643],[-99.4301,18.83261],[-99.43219,18.85352],[-99.43225,18.85781],[-99.42443,18.86028],[-99.43099,18.86574],[-99.42935,18.87757],[-99.41095,18.87818],[-99.40665,18.89518],[-99.37312,18.89863],[-99.36703,18.894],[-99.34419,18.91866],[-99.3379,18.9324],[-99.32461,18.9374],[-99.32099,18.94322],[-99.31716,18.94],[-99.31303,18.94811],[-99.30871,18.95879],[-99.31105,18.99165],[-99.30846,18.994],[-99.31966,19.01127],[-99.31856,19.0203],[-99.31175,19.02465],[-99.3189,19.03107],[-99.31748,19.04012],[-99.30856,19.0403],[-99.31769,19.05338],[-99.31831,19.08741],[-99.29507,19.12293],[-99.27869,19.1317],[-99.22677,19.09606],[-99.13537,19.08929],[-99.12543,19.06206],[-99.06208,19.04872]]]]}},{"type":"Feature","properties":{"T00_CVEGEO":"18","T00_NOMGEO":"Nayarit","NAME":"Nayarit"},"geometry":{"type":"MultiPolygon","coordinates":[[[[-105.27417,21.04993],[-105.274,21.04987],[-105.27386,21.04988],[-105.27376,21.04991],[-105.27363,21.04994],[-105.27354,21.04996],[-105.27352,21.04996],[-105.27352,21.04996],[-105.27338,21.04994],[-105.27298,21.04985],[-105.27248,21.04978],[-105.27248,21.04978],[-105.27202,21.04967],[-105.2717,21.04954],[-105.2715,21.04938],[-105.27133,21.04925],[-105.27122,21.04902],[-105.2711,21.04884],[-105.27106,21.04877],[-105.27098,21.04852],[-105.27091,21.04817],[-105.27086,21.04808],[-105.27076,21.04791],[-105.27097,21.04789],[-105.271,21.04789],[-105.27113,21.04763],[-105.27117,21.04754],[-105.27131,21.04729],[-105.27137,21.04718],[-105.27161,21.04691],[-105.27175,21.04677],[-105.27178,21.04674],[-105.27178,21.04667],[-105.27177,21.04645],[-105.27182,21.04638],[-105.27199,21.04636],[-105.27223,21.04633],[-105.27235,21.04639],[-105.27257,21.04646],[-105.27281,21.04646],[-105.2731,21.04644],[-105.27334,21.04648],[-105.27353,21.04649],[-105.27386,21.04656],[-105.27412,21.04668],[-105.27428,21.04685],[-105.27428,21.04685],[-105.27442,21.047],[-105.27457,21.04714],[-105.27474,21.0473],[-105.27474,21.0473],[-105.27485,21.04758],[-105.27487,21.04798],[-105.27478,21.04823],[-105.27479,21.04849],[-105.27479,21.04878],[-105.2749,21.04908],[-105.2751,21.04912],[-105.27514,21.04913],[-105.27519,21.04915],[-105.27525,21.04917],[-105.27536,21.04924],[-105.2754,21.04926],[-105.27542,21.04931],[-105.27544,21.04938],[-105.27529,21.04946],[-105.27529,21.04947],[-105.27514,21.04955],[-105.27507,21.0496],[-105.27499,21.04966],[-105.27497,21.04973],[-105.27495,21.04982],[-105.27477,21.04993],[-105.27447,21.05003],[-105.27447,21.05003],[-105.27431,21.04998],[-105.27417,21.04993]]],[[[-106.22813,21.33258],[-106.22326,21.32956],[-106.22655,21.32463],[-106.2222,21.32143],[-106.22713,21.32199],[-106.22978,21.29185],[-106.2372,21.29974],[-106.24198,21.29282],[-106.25667,21.29292],[-106.2687,21.30095],[-106.27912,21.31461],[-106.25825,21.33479],[-106.23661,21.33138],[-106.23197,21.33581],[-106.22813,21.33258]]],[[[-106.43466,21.49424],[-106.4012,21.48334],[-106.37119,21.48068],[-106.35863,21.45527],[-106.36672,21.45559],[-106.38032,21.4484],[-106.38831,21.42421],[-106.38637,21.41975],[-106.41257,21.42284],[-106.42208,21.43286],[-106.43608,21.43723],[-106.4453,21.43562],[-106.44671,21.44156],[-106.46875,21.45128],[-106.4803,21.44961],[-106.48515,21.46012],[-106.494,21.4662],[-106.48375,21.48011],[-106.47233,21.48398],[-106.46053,21.49455],[-106.44502,21.49381],[-106.43807,21.49766],[-106.43466,21.49424]]],[[[-106.65334,21.69345],[-106.62658,21.69185],[-106.62343,21.68883],[-106.59823,21.69033],[-106.59614,21.68621],[-106.5751,21.68191],[-106.55052,21.66977],[-106.5363,21.65808],[-106.53736,21.63279],[-106.51355,21.60614],[-106.50569,21.60334],[-106.51205,21.59745],[-106.51561,21.58592],[-106.51184,21.57046],[-106.52112,21.56701],[-106.52125,21.56093],[-106.53351,21.55086],[-106.53219,21.54477],[-106.54167,21.54431],[-106.53763,21.55561],[-106.54622,21.56321],[-106.55228,21.56169],[-106.55293,21.56525],[-106.55893,21.56462],[-106.59148,21.57841],[-106.62896,21.59861],[-106.6295,21.61847],[-106.63724,21.62694],[-106.64391,21.64404],[-106.65608,21.65587],[-106.64866,21.66059],[-106.64686,21.66693],[-106.64899,21.67985],[-106.66055,21.69254],[-106.65334,21.69345]]],[[[-106.6732,21.77485],[-106.66907,21.77145],[-106.66531,21.7487],[-106.65771,21.73945],[-106.67795,21.72868],[-106.68745,21.74579],[-106.68772,21.75936],[-106.68164,21.75871],[-106.67817,21.77352],[-106.6732,21.77485]]],[[[-105.88967,21.85417],[-105.88172,21.85038],[-105.88027,21.84255],[-105.88268,21.84489],[-105.88736,21.84081],[-105.88967,21.85417]]],[[[-105.38356,23.08174],[-105.36788,23.07405],[-105.35831,23.07392],[-105.35793,23.06319],[-105.35046,23.06057],[-105.35086,23.05093],[-105.35877,23.04625],[-105.35079,23.03563],[-105.35385,23.01978],[-105.34314,23.01234],[-105.34409,23.00779],[-105.34102,23.00837],[-105.3337,22.99468],[-105.33896,22.99286],[-105.33505,22.98876],[-105.34011,22.9825],[-105.33626,22.98047],[-105.33946,22.97608],[-105.33682,22.9712],[-105.34304,22.96816],[-105.33084,22.96317],[-105.33413,22.95341],[-105.3282,22.95264],[-105.33037,22.94769],[-105.32356,22.94133],[-105.29769,22.95416],[-105.16356,22.95387],[-105.07601,22.95964],[-105.01382,22.97767],[-105.00313,22.97698],[-105.00833,22.96846],[-104.99688,22.952],[-105.01003,22.92236],[-105.00005,22.90889],[-105.00548,22.90707],[-105.00506,22.90355],[-104.98779,22.88825],[-104.9884,22.83605],[-104.95896,22.8136],[-104.95171,22.82183],[-104.9405,22.81616],[-104.93422,22.82731],[-104.91838,22.81978],[-104.90825,22.8076],[-104.91101,22.80133],[-104.90557,22.79957],[-104.91337,22.79048],[-104.90971,22.78443],[-104.91563,22.74853],[-104.89271,22.73741],[-105.05729,22.68809],[-105.06841,22.67841],[-105.07236,22.6565],[-105.00754,22.58567],[-104.9879,22.49872],[-104.96052,22.50531],[-104.86248,22.60707],[-104.85839,22.64832],[-104.84011,22.65113],[-104.84002,22.64586],[-104.82942,22.64022],[-104.81668,22.63968],[-104.81467,22.63425],[-104.80401,22.64034],[-104.80425,22.64874],[-104.78891,22.64797],[-104.7794,22.64317],[-104.77409,22.63255],[-104.7798,22.60334],[-104.77256,22.59189],[-104.77537,22.5842],[-104.76755,22.58139],[-104.7598,22.56871],[-104.73704,22.55809],[-104.72818,22.55893],[-104.71979,22.56904],[-104.71516,22.55595],[-104.70873,22.55462],[-104.68095,22.55909],[-104.66999,22.56526],[-104.66306,22.5477],[-104.65575,22.54007],[-104.65528,22.46215],[-104.60255,22.4605],[-104.60543,22.44545],[-104.59717,22.43675],[-104.59308,22.41195],[-104.58846,22.41265],[-104.5748,22.39486],[-104.56087,22.39478],[-104.55737,22.38575],[-104.55124,22.38886],[-104.54785,22.37648],[-104.5359,22.3648],[-104.51865,22.3606],[-104.5065,22.34516],[-104.49385,22.35117],[-104.4812,22.35161],[-104.49498,22.36053],[-104.48785,22.3689],[-104.49479,22.37195],[-104.49538,22.37632],[-104.45924,22.38684],[-104.3715,22.42166],[-104.34883,22.40971],[-104.35352,22.40131],[-104.35003,22.3864],[-104.32531,22.38075],[-104.29312,22.36513],[-104.28573,22.35636],[-104.29273,22.34397],[-104.29837,22.34781],[-104.29301,22.33073],[-104.29952,22.32708],[-104.29273,22.32003],[-104.29264,22.30739],[-104.28483,22.30265],[-104.28486,22.29709],[-104.28977,22.29356],[-104.28875,22.28564],[-104.29244,22.28503],[-104.29563,22.2769],[-104.32867,22.24536],[-104.32589,22.23179],[-104.332,22.22835],[-104.3339,22.21582],[-104.34135,22.20956],[-104.33183,22.19979],[-104.33654,22.18672],[-104.35056,22.17589],[-104.34941,22.16977],[-104.35626,22.16543],[-104.35455,22.15121],[-104.36155,22.1367],[-104.3647,22.11244],[-104.37318,22.10256],[-104.36347,22.07413],[-104.36153,22.05285],[-104.36775,22.04519],[-104.36502,22.03627],[-104.36903,22.02456],[-104.36003,22.01505],[-104.36758,21.99742],[-104.36985,21.97478],[-104.35714,21.9721],[-104.33592,21.97982],[-104.32685,21.97537],[-104.3249,21.98413],[-104.31978,21.98419],[-104.31505,21.9908],[-104.30813,21.98862],[-104.30229,21.99818],[-104.29407,22.00276],[-104.28937,21.99841],[-104.28137,21.99966],[-104.27544,21.98062],[-104.246,21.96693],[-104.23389,21.96919],[-104.21273,21.98288],[-104.19331,21.98542],[-104.17365,21.97088],[-104.17369,21.96339],[-104.17871,21.93901],[-104.18842,21.92821],[-104.18879,21.91899],[-104.20024,21.90946],[-104.20103,21.89147],[-104.18638,21.86801],[-104.17222,21.87132],[-104.17958,21.86009],[-104.19699,21.85077],[-104.1907,21.85106],[-104.18719,21.83788],[-104.1766,21.83223],[-104.16174,21.80984],[-104.14652,21.80643],[-104.13037,21.79045],[-104.10945,21.78732],[-104.09843,21.79281],[-104.09324,21.79124],[-104.09331,21.78456],[-104.08397,21.78576],[-104.07985,21.7824],[-104.07623,21.78971],[-104.05224,21.79476],[-104.01073,21.78194],[-103.98914,21.77986],[-103.98464,21.77269],[-103.97775,21.77133],[-103.95807,21.77202],[-103.9445,21.77682],[-103.92347,21.7718],[-103.91612,21.75577],[-103.92011,21.75085],[-103.93169,21.75132],[-103.93182,21.74338],[-103.90278,21.71625],[-103.8959,21.72774],[-103.89656,21.71274],[-103.88772,21.69781],[-103.90329,21.68582],[-103.91239,21.66897],[-103.92133,21.66837],[-103.93024,21.64191],[-103.91183,21.62982],[-103.90769,21.61867],[-103.90981,21.61483],[-103.91908,21.61625],[-103.91236,21.60805],[-103.92318,21.59057],[-103.91923,21.58198],[-103.90297,21.57441],[-103.89257,21.57414],[-103.89183,21.56248],[-103.88164,21.55214],[-103.87074,21.54873],[-103.85626,21.55236],[-103.854,21.53322],[-103.85992,21.52475],[-103.84929,21.51453],[-103.83212,21.51339],[-103.8237,21.49304],[-103.814,21.49448],[-103.80041,21.48719],[-103.80157,21.48981],[-103.79298,21.48869],[-103.79107,21.49774],[-103.77412,21.49838],[-103.77818,21.49208],[-103.77027,21.48839],[-103.76912,21.48302],[-103.74936,21.47448],[-103.75293,21.46608],[-103.74452,21.45413],[-103.74202,21.44155],[-103.72837,21.43567],[-103.72101,21.42597],[-103.73126,21.4159],[-103.7513,21.41751],[-103.75644,21.41006],[-103.76439,21.4103],[-103.75689,21.39986],[-103.76732,21.38843],[-103.74975,21.38208],[-103.74132,21.37405],[-103.74707,21.35983],[-103.74431,21.35227],[-103.75226,21.34327],[-103.74934,21.33671],[-103.7556,21.33769],[-103.75739,21.32979],[-103.77253,21.32033],[-103.77611,21.32167],[-103.78063,21.30851],[-103.80356,21.30031],[-103.80784,21.28892],[-103.82034,21.28104],[-103.82499,21.27126],[-103.817,21.25613],[-103.81938,21.24843],[-103.84001,21.23982],[-103.86188,21.24887],[-103.87524,21.23864],[-103.8826,21.24191],[-103.8923,21.23842],[-103.89835,21.22649],[-103.90305,21.23342],[-103.91789,21.23102],[-103.91857,21.24562],[-103.93105,21.26254],[-103.93545,21.25417],[-103.92863,21.24976],[-103.92401,21.23457],[-103.94586,21.23801],[-103.95838,21.25275],[-103.97345,21.25632],[-103.97447,21.2518],[-103.9853,21.2492],[-103.98785,21.2443],[-104.00356,21.23646],[-104.00608,21.22804],[-104.01748,21.2272],[-104.01601,21.20746],[-104.02231,21.2051],[-104.02497,21.21293],[-104.0294,21.20866],[-104.03286,21.20268],[-104.02639,21.20047],[-104.02796,21.19467],[-104.03529,21.19595],[-104.03841,21.20444],[-104.04517,21.1992],[-104.05283,21.20541],[-104.05627,21.19414],[-104.06189,21.20008],[-104.06788,21.1982],[-104.06858,21.18677],[-104.08097,21.18969],[-104.0809,21.20176],[-104.08565,21.20536],[-104.08879,21.19613],[-104.10003,21.20086],[-104.10875,21.19556],[-104.11084,21.18859],[-104.12404,21.19626],[-104.12855,21.19096],[-104.13867,21.18866],[-104.14726,21.19162],[-104.1595,21.18456],[-104.16581,21.18888],[-104.20278,21.19283],[-104.21939,21.17661],[-104.21787,21.17265],[-104.22357,21.16918],[-104.22204,21.15329],[-104.22516,21.15121],[-104.22148,21.14072],[-104.21513,21.1391],[-104.21059,21.13092],[-104.21085,21.1186],[-104.22083,21.10136],[-104.21671,21.08579],[-104.2218,21.07002],[-104.22912,21.06615],[-104.23478,21.06768],[-104.23923,21.05707],[-104.23839,21.05227],[-104.22516,21.05052],[-104.22654,21.04429],[-104.23579,21.04012],[-104.23595,21.03155],[-104.2427,21.02733],[-104.24072,21.02172],[-104.22958,21.01627],[-104.22319,21.00126],[-104.22497,20.99611],[-104.23386,20.99833],[-104.23847,20.99215],[-104.23312,20.96874],[-104.21855,20.96028],[-104.2013,20.95924],[-104.20797,20.95105],[-104.20658,20.93637],[-104.22106,20.94152],[-104.22874,20.93558],[-104.24644,20.92124],[-104.24888,20.90577],[-104.26787,20.88746],[-104.29091,20.88779],[-104.2791,20.86452],[-104.29068,20.86234],[-104.2902,20.84901],[-104.29541,20.84549],[-104.30881,20.8468],[-104.31841,20.83857],[-104.33425,20.84666],[-104.36176,20.84093],[-104.3571,20.81987],[-104.36405,20.81393],[-104.35039,20.81164],[-104.37588,20.78407],[-104.37521,20.77544],[-104.35824,20.79053],[-104.34635,20.7932],[-104.33579,20.78988],[-104.32831,20.79809],[-104.29761,20.77079],[-104.29154,20.77063],[-104.2899,20.78134],[-104.28285,20.78348],[-104.28001,20.76893],[-104.27447,20.76998],[-104.25985,20.73533],[-104.24762,20.72633],[-104.24181,20.71343],[-104.24814,20.69963],[-104.24329,20.69174],[-104.25315,20.68229],[-104.24689,20.6709],[-104.23645,20.66289],[-104.2553,20.65328],[-104.26038,20.64283],[-104.24691,20.63149],[-104.25376,20.63061],[-104.25363,20.60342],[-104.27445,20.6166],[-104.282,20.62899],[-104.28057,20.64635],[-104.28338,20.65764],[-104.28795,20.6604],[-104.28455,20.67062],[-104.28842,20.6754],[-104.28848,20.68915],[-104.30564,20.69417],[-104.30903,20.70365],[-104.31638,20.70696],[-104.32411,20.71754],[-104.33193,20.71675],[-104.33588,20.72145],[-104.35079,20.72534],[-104.35335,20.73595],[-104.35899,20.73714],[-104.36371,20.74441],[-104.37754,20.74237],[-104.37893,20.75519],[-104.38597,20.76321],[-104.3842,20.76648],[-104.41412,20.79377],[-104.41914,20.79622],[-104.42725,20.79102],[-104.43573,20.80576],[-104.44095,20.80765],[-104.44934,20.80353],[-104.4584,20.80651],[-104.46295,20.81082],[-104.46002,20.8131],[-104.47692,20.81964],[-104.47552,20.82266],[-104.48031,20.82325],[-104.48528,20.83327],[-104.4932,20.83876],[-104.49993,20.83818],[-104.50639,20.86084],[-104.5106,20.85965],[-104.51948,20.86915],[-104.52443,20.88576],[-104.53462,20.88403],[-104.53571,20.89585],[-104.54473,20.90114],[-104.54284,20.91194],[-104.5557,20.91811],[-104.55691,20.92415],[-104.58347,20.93443],[-104.60098,20.93143],[-104.61356,20.92303],[-104.62265,20.92633],[-104.62852,20.92386],[-104.63808,20.93412],[-104.65637,20.93239],[-104.66213,20.93874],[-104.66143,20.94397],[-104.66913,20.94131],[-104.68099,20.94384],[-104.68105,20.96066],[-104.7057,20.96685],[-104.70888,20.97441],[-104.71615,20.97493],[-104.71582,20.98047],[-104.72935,20.98315],[-104.72514,20.9994],[-104.72846,21.0114],[-104.73923,21.00614],[-104.75249,21.01228],[-104.7717,21.0086],[-104.77507,21.01753],[-104.78245,21.02336],[-104.79018,21.01502],[-104.80319,21.01651],[-104.81017,21.01201],[-104.82772,21.01807],[-104.83248,21.01411],[-104.83809,21.02001],[-104.84118,21.00672],[-104.85365,21.00495],[-104.85129,21.00016],[-104.85793,20.99435],[-104.86686,20.9952],[-104.8735,20.98236],[-104.8808,20.98091],[-104.88274,20.97366],[-104.88953,20.97376],[-104.90062,20.96274],[-104.90052,20.94634],[-104.95315,20.93013],[-104.96389,20.91912],[-104.96723,20.9095],[-104.99036,20.92156],[-104.99739,20.91954],[-105.00339,20.91085],[-105.00632,20.92253],[-105.02017,20.91809],[-105.02124,20.91145],[-105.0316,20.90917],[-105.03906,20.91311],[-105.03633,20.92488],[-105.03966,20.93024],[-105.04743,20.93438],[-105.06819,20.93175],[-105.07279,20.92799],[-105.08069,20.93138],[-105.08552,20.92388],[-105.09863,20.91943],[-105.09738,20.91586],[-105.11217,20.90478],[-105.11195,20.90043],[-105.11721,20.90081],[-105.11712,20.89697],[-105.1281,20.88924],[-105.14185,20.88716],[-105.14118,20.8756],[-105.14818,20.86867],[-105.15296,20.86894],[-105.15274,20.86189],[-105.16055,20.85741],[-105.1554,20.85306],[-105.16278,20.84869],[-105.16163,20.83114],[-105.16571,20.82055],[-105.17133,20.82108],[-105.17407,20.81334],[-105.17105,20.81121],[-105.17275,20.80604],[-105.16755,20.80374],[-105.17097,20.79611],[-105.16227,20.79252],[-105.17339,20.76771],[-105.19695,20.77717],[-105.20582,20.76414],[-105.2114,20.76592],[-105.23415,20.74755],[-105.23991,20.74735],[-105.23693,20.72753],[-105.24564,20.72411],[-105.24256,20.70424],[-105.25594,20.70276],[-105.25654,20.69456],[-105.26267,20.68919],[-105.26124,20.67981],[-105.27241,20.68384],[-105.2784,20.68198],[-105.27839,20.67587],[-105.27423,20.6754],[-105.27633,20.67199],[-105.28654,20.67513],[-105.31511,20.73159],[-105.34811,20.75989],[-105.36373,20.76216],[-105.37111,20.75158],[-105.3804,20.7499],[-105.38083,20.74697],[-105.3768,20.74746],[-105.39897,20.73464],[-105.41207,20.73538],[-105.43312,20.74756],[-105.46392,20.75521],[-105.47581,20.75228],[-105.51099,20.77196],[-105.51961,20.77123],[-105.53277,20.75755],[-105.53812,20.76198],[-105.53934,20.77078],[-105.52845,20.78787],[-105.51947,20.79221],[-105.50725,20.78231],[-105.48728,20.79653],[-105.4655,20.83635],[-105.45235,20.87495],[-105.44368,20.87006],[-105.43567,20.87358],[-105.41593,20.90176],[-105.40172,20.93137],[-105.3883,20.93663],[-105.3671,20.95554],[-105.35909,20.95525],[-105.34522,20.97908],[-105.33163,20.98574],[-105.31828,21.00648],[-105.31309,21.03494],[-105.3034,21.03534],[-105.29538,21.02585],[-105.28198,21.02838],[-105.27373,21.02308],[-105.24355,21.04819],[-105.23876,21.05636],[-105.22827,21.10357],[-105.22985,21.11776],[-105.23772,21.12163],[-105.23897,21.13229],[-105.23127,21.13875],[-105.23612,21.1401],[-105.23592,21.14516],[-105.22368,21.15904],[-105.2258,21.16518],[-105.23223,21.16502],[-105.23201,21.17142],[-105.2284,21.17238],[-105.23324,21.18068],[-105.21637,21.205],[-105.22827,21.29577],[-105.24466,21.34699],[-105.24818,21.34729],[-105.23976,21.35279],[-105.23867,21.37245],[-105.23096,21.37342],[-105.23069,21.38641],[-105.22002,21.38788],[-105.21821,21.4105],[-105.20848,21.41848],[-105.20213,21.43603],[-105.19448,21.4365],[-105.18911,21.44395],[-105.18808,21.46012],[-105.20139,21.48114],[-105.19851,21.49278],[-105.22751,21.52337],[-105.24405,21.52649],[-105.24851,21.5235],[-105.24812,21.51268],[-105.25733,21.51578],[-105.26549,21.51206],[-105.28342,21.52808],[-105.28992,21.52646],[-105.32888,21.55389],[-105.41055,21.59999],[-105.44463,21.62472],[-105.44776,21.63997],[-105.48924,21.72299],[-105.48851,21.72967],[-105.49564,21.73577],[-105.53073,21.80789],[-105.59424,21.90074],[-105.62833,21.95772],[-105.64774,22.00446],[-105.65399,22.0429],[-105.64637,22.16971],[-105.64316,22.17866],[-105.63664,22.18187],[-105.64803,22.20795],[-105.66553,22.3058],[-105.68632,22.37904],[-105.71439,22.44765],[-105.76035,22.53061],[-105.75829,22.53767],[-105.7502,22.53933],[-105.72701,22.49101],[-105.71411,22.47494],[-105.70118,22.46769],[-105.67703,22.46813],[-105.6711,22.48156],[-105.67523,22.5072],[-105.69912,22.55464],[-105.70006,22.56389],[-105.69855,22.56838],[-105.66996,22.57688],[-105.66055,22.58636],[-105.65401,22.58075],[-105.6392,22.57698],[-105.64215,22.59389],[-105.63094,22.59298],[-105.62203,22.57142],[-105.60047,22.55888],[-105.60165,22.54219],[-105.59734,22.5363],[-105.58388,22.53348],[-105.57364,22.53925],[-105.54167,22.53653],[-105.53359,22.51503],[-105.52193,22.52099],[-105.50956,22.51696],[-105.50317,22.52768],[-105.48379,22.51771],[-105.48159,22.50876],[-105.47405,22.5029],[-105.4632,22.5106],[-105.46083,22.50856],[-105.45447,22.51876],[-105.44172,22.52426],[-105.44422,22.52942],[-105.43661,22.53752],[-105.43462,22.54998],[-105.43872,22.56523],[-105.43692,22.5819],[-105.43905,22.58788],[-105.45598,22.59874],[-105.4481,22.61012],[-105.44956,22.62459],[-105.47267,22.62718],[-105.47419,22.63281],[-105.4702,22.64014],[-105.46038,22.64755],[-105.46395,22.65923],[-105.49805,22.65139],[-105.52288,22.72433],[-105.51525,22.73947],[-105.51407,22.75932],[-105.51936,22.759],[-105.52476,22.77477],[-105.5199,22.77277],[-105.5165,22.78055],[-105.51911,22.78389],[-105.50916,22.79223],[-105.51117,22.79691],[-105.50645,22.79775],[-105.5024,22.80977],[-105.49496,22.81052],[-105.4934,22.82615],[-105.48774,22.82601],[-105.48719,22.83911],[-105.47917,22.84199],[-105.47458,22.85141],[-105.48419,22.8587],[-105.47121,22.88328],[-105.49864,22.93356],[-105.4961,22.93422],[-105.50125,22.95856],[-105.4533,22.9774],[-105.43259,23.02397],[-105.40894,23.02364],[-105.41315,23.03705],[-105.40985,23.04435],[-105.41299,23.0741],[-105.39224,23.08408],[-105.38356,23.08174]]]]}},{"type":"Feature","properties":{"T00_CVEGEO":"19","T00_NOMGEO":"Nuevo León","NAME":"Nuevo León"},"geometry":{"type":"MultiPolygon","coordinates":[[[[-100.01607,27.63273],[-99.99884,27.61527],[-99.93268,27.67442],[-99.84321,27.76986],[-99.83621,27.76318],[-99.8266,27.76422],[-99.81851,27.77634],[-99.80942,27.76826],[-99.7965,27.73588],[-99.78752,27.7305],[-99.77498,27.73356],[-99.76935,27.73088],[-99.72814,27.67912],[-99.92641,27.54915],[-99.91915,27.49151],[-99.76037,27.43695],[-99.74766,27.27724],[-99.67891,27.10244],[-99.6589,27.08818],[-99.65004,27.06585],[-99.73416,26.92061],[-99.77012,26.92841],[-99.76666,26.88984],[-99.76463,26.89397],[-99.74765,26.90024],[-99.7449,26.91204],[-99.73906,26.90729],[-99.72526,26.90691],[-99.72655,26.89846],[-99.71287,26.89581],[-99.71104,26.90553],[-99.70347,26.90547],[-99.69809,26.89847],[-99.69379,26.90927],[-99.68553,26.89903],[-99.68741,26.89461],[-99.667,26.89437],[-99.66201,26.90094],[-99.64734,26.8944],[-99.64433,26.88556],[-99.63202,26.89118],[-99.62869,26.88869],[-99.6293,26.8816],[-99.62522,26.883],[-99.62724,26.87057],[-99.62106,26.86841],[-99.61121,26.87347],[-99.58991,26.86118],[-99.5934,26.85453],[-99.5843,26.84799],[-99.58086,26.8293],[-99.58684,26.82482],[-99.58921,26.81459],[-99.5989,26.81456],[-99.59705,26.8096],[-99.6038,26.80792],[-99.60458,26.80005],[-99.61285,26.79163],[-99.61116,26.78249],[-99.62284,26.76922],[-99.61614,26.75436],[-99.61857,26.72647],[-99.65719,26.69511],[-99.66319,26.68291],[-99.65916,26.67036],[-99.53833,26.66459],[-99.39682,26.59656],[-99.40982,26.44283],[-99.41424,26.4448],[-99.43094,26.3513],[-99.40123,26.30479],[-99.36414,26.32927],[-99.25999,26.25285],[-99.19783,26.25868],[-99.17099,26.09449],[-99.16053,26.06157],[-99.14336,26.06113],[-99.14093,26.05296],[-99.1263,26.05402],[-99.12398,26.05666],[-99.13233,26.06472],[-99.1309,26.06881],[-99.11988,26.06651],[-99.11473,26.07596],[-99.09766,26.08074],[-99.09333,26.07847],[-99.0964,26.07275],[-99.09332,26.07051],[-99.07653,26.07186],[-99.07452,26.07878],[-99.06253,26.08013],[-99.06253,26.09071],[-99.04498,26.0987],[-99.03724,26.09347],[-99.02502,26.09343],[-99.02167,26.09841],[-99.02386,26.1041],[-98.90074,25.96832],[-98.82322,26.04764],[-98.74628,26.03804],[-98.74672,26.03518],[-98.74046,26.03445],[-98.74114,26.03735],[-98.58512,26.01791],[-98.58174,25.48936],[-98.42157,25.48935],[-98.42312,25.44749],[-98.58525,25.33233],[-98.92902,25.07727],[-98.9337,25.07607],[-98.93427,25.08016],[-98.93416,25.07276],[-98.94117,25.07085],[-98.9462,25.07655],[-98.95662,25.07334],[-98.95924,25.07603],[-98.96834,25.0704],[-98.97079,25.07401],[-98.97635,25.06877],[-98.98516,25.0744],[-98.98944,25.06736],[-98.99773,25.07132],[-99.00015,25.06735],[-99.01905,25.06992],[-99.02241,25.07331],[-99.01754,25.07557],[-99.01956,25.07919],[-99.01417,25.0806],[-99.02174,25.0937],[-99.02951,25.09639],[-99.03373,25.10706],[-99.02879,25.11035],[-99.03501,25.12003],[-99.04201,25.12298],[-99.04793,25.12028],[-99.05246,25.12713],[-99.05998,25.11769],[-99.06773,25.11613],[-99.06727,25.11069],[-99.07296,25.10816],[-99.07059,25.10226],[-99.07786,25.10143],[-99.07145,25.09611],[-99.07876,25.09212],[-99.07502,25.08793],[-99.08027,25.08343],[-99.08194,25.07371],[-99.09769,25.07803],[-99.09418,25.07447],[-99.10146,25.06936],[-99.09576,25.067],[-99.09761,25.06312],[-99.11378,25.05614],[-99.12741,25.05593],[-99.13509,25.05038],[-99.16058,25.05527],[-99.16114,25.0484],[-99.16697,25.04629],[-99.1629,25.04356],[-99.1636,25.03492],[-99.15651,25.02784],[-99.15991,25.02583],[-99.1649,25.02951],[-99.18094,25.01154],[-99.15894,24.91598],[-99.20743,24.86139],[-99.18196,24.77604],[-99.18865,24.78068],[-99.21288,24.77167],[-99.29492,24.80414],[-99.29719,24.79411],[-99.31069,24.78727],[-99.31786,24.78983],[-99.33166,24.77624],[-99.36437,24.77175],[-99.37637,24.76144],[-99.38175,24.74703],[-99.3894,24.73979],[-99.39759,24.7399],[-99.4066,24.7345],[-99.42294,24.73675],[-99.43072,24.72575],[-99.44259,24.72683],[-99.44807,24.7322],[-99.47773,24.71262],[-99.49193,24.69769],[-99.50072,24.67917],[-99.49602,24.65103],[-99.49944,24.64125],[-99.52819,24.63164],[-99.53793,24.62242],[-99.53976,24.62678],[-99.54506,24.62651],[-99.5478,24.62427],[-99.54621,24.61307],[-99.5572,24.60871],[-99.55735,24.61237],[-99.57607,24.62359],[-99.58577,24.62435],[-99.59262,24.61937],[-99.60944,24.62249],[-99.70468,24.57587],[-99.73297,24.55399],[-99.7198,24.48371],[-99.63637,24.50667],[-99.58992,24.39614],[-99.58933,24.35082],[-99.59428,24.33091],[-99.64781,24.21809],[-99.65707,24.11799],[-99.57089,24.03936],[-99.54188,24.03365],[-99.5409,23.99727],[-99.52002,23.99057],[-99.48693,23.9605],[-99.45686,23.86606],[-99.49378,23.87869],[-99.57667,23.77546],[-99.60216,23.76287],[-99.61948,23.75966],[-99.68337,23.77664],[-99.76901,23.78448],[-99.80551,23.78429],[-99.86065,23.77446],[-99.89111,23.7038],[-99.91579,23.66507],[-99.96118,23.55689],[-99.92125,23.37919],[-99.98249,23.39236],[-100.08025,23.39574],[-100.14494,23.33951],[-100.07803,23.30598],[-100.10189,23.23108],[-100.22823,23.25047],[-100.20636,23.30711],[-100.21823,23.31013],[-100.22016,23.29793],[-100.27843,23.31036],[-100.30625,23.26094],[-100.3258,23.26309],[-100.33168,23.25909],[-100.37431,23.26532],[-100.36376,23.189],[-100.32351,23.19562],[-100.33175,23.16268],[-100.47984,23.19436],[-100.48386,23.20883],[-100.45708,23.36641],[-100.5172,23.42104],[-100.49761,23.49402],[-100.49416,23.5284],[-100.45917,23.51156],[-100.45914,23.53316],[-100.46751,23.54356],[-100.46954,23.56678],[-100.49163,23.56861],[-100.48865,23.60504],[-100.47737,23.63381],[-100.46334,23.65314],[-100.45435,23.6499],[-100.44984,23.65601],[-100.45832,23.66011],[-100.44571,23.67733],[-100.44709,23.69653],[-100.46203,23.69462],[-100.46185,23.68906],[-100.46648,23.68894],[-100.46792,23.70008],[-100.49029,23.7396],[-100.4977,23.73631],[-100.49759,23.79871],[-100.52878,23.81635],[-100.52552,23.83952],[-100.55029,23.8422],[-100.53984,23.88839],[-100.54943,23.88931],[-100.54676,23.91743],[-100.56239,23.91964],[-100.54127,24.02574],[-100.52375,24.07145],[-100.53868,24.11851],[-100.51957,24.11838],[-100.51682,24.13989],[-100.54876,24.14603],[-100.61339,24.17394],[-100.5935,24.1782],[-100.58508,24.22392],[-100.63306,24.22598],[-100.59993,24.34879],[-100.60353,24.4013],[-100.7112,24.49152],[-100.74232,24.46043],[-100.79993,24.55618],[-100.80546,24.59634],[-100.79697,24.7508],[-100.82741,24.8242],[-100.82612,24.835],[-100.72749,24.91871],[-100.79145,24.97405],[-100.79205,24.97914],[-100.8215,24.99671],[-100.80312,25.16525],[-100.70888,25.23645],[-100.59195,25.25505],[-100.54783,25.24363],[-100.47251,25.23119],[-100.332,25.18628],[-100.32554,25.22225],[-100.30528,25.21341],[-100.26138,25.20707],[-100.22957,25.21791],[-100.24719,25.23017],[-100.23441,25.23549],[-100.2625,25.25402],[-100.25393,25.26556],[-100.24313,25.26744],[-100.25413,25.3069],[-100.26397,25.30529],[-100.28157,25.31971],[-100.31302,25.33636],[-100.3268,25.34035],[-100.39102,25.32805],[-100.41435,25.3299],[-100.41455,25.32699],[-100.47009,25.33779],[-100.45187,25.41081],[-100.49354,25.43084],[-100.52269,25.43432],[-100.51746,25.44903],[-100.5254,25.44975],[-100.53088,25.46346],[-100.56096,25.46453],[-100.58488,25.47081],[-100.5795,25.49454],[-100.61908,25.50569],[-100.59974,25.51996],[-100.52969,25.51439],[-100.53843,25.53185],[-100.59429,25.54437],[-100.61472,25.54234],[-100.61195,25.5514],[-100.63289,25.5713],[-100.69028,25.5671],[-100.71991,25.60306],[-100.72976,25.63389],[-100.78341,25.63967],[-100.7804,25.64573],[-100.78777,25.68359],[-100.80369,25.70875],[-100.80561,25.7243],[-100.82512,25.75172],[-100.86189,25.81847],[-100.84706,25.85788],[-100.83576,25.86659],[-100.82266,25.91688],[-100.82724,25.92049],[-100.83442,25.94504],[-100.87687,25.94721],[-100.90552,25.95694],[-100.9046,26.0087],[-100.91641,26.07561],[-100.94289,26.08678],[-100.94263,26.09061],[-100.98273,26.13947],[-101.04739,26.16984],[-101.06857,26.18903],[-101.09761,26.25291],[-101.20675,26.36977],[-100.90508,26.60863],[-100.75303,26.7352],[-100.69122,26.61378],[-100.61439,26.68563],[-100.6013,26.73707],[-100.59013,26.75952],[-100.53815,26.80855],[-100.54472,26.82269],[-100.54661,26.84765],[-100.55135,26.85873],[-100.54066,26.88097],[-100.53842,26.90612],[-100.54492,26.92534],[-100.53823,26.93972],[-100.54525,26.97835],[-100.53973,26.98625],[-100.54081,27.01382],[-100.53569,27.027],[-100.5388,27.03867],[-100.53399,27.04558],[-100.6537,27.07573],[-100.66248,27.08651],[-100.67423,27.0846],[-100.67678,27.10687],[-100.68271,27.11139],[-100.69744,27.10875],[-100.7081,27.09985],[-100.71965,27.0792],[-100.72612,27.07788],[-100.7377,27.08473],[-100.74861,27.08125],[-100.74617,27.06235],[-100.73583,27.04758],[-100.74771,27.03625],[-100.74852,27.04915],[-100.76586,27.06332],[-100.78422,27.05892],[-100.79943,27.04583],[-100.80926,27.05648],[-100.8096,27.06836],[-100.83055,27.07388],[-100.83412,27.19517],[-100.678,27.33479],[-100.41769,27.39363],[-100.3506,27.68459],[-100.18842,27.79913],[-100.01607,27.63273]]]]}},{"type":"Feature","properties":{"T00_CVEGEO":"20","T00_NOMGEO":"Oaxaca","NAME":"Oaxaca"},"geometry":{"type":"MultiPolygon","coordinates":[[[[-96.08408,15.76498],[-96.084,15.76485],[-96.08386,15.76484],[-96.08364,15.76483],[-96.08335,15.76476],[-96.08307,15.76471],[-96.08284,15.76442],[-96.08275,15.76404],[-96.08274,15.7636],[-96.0828,15.76329],[-96.08291,15.76302],[-96.08321,15.76279],[-96.08367,15.76271],[-96.08378,15.76257],[-96.08381,15.76253],[-96.08422,15.76271],[-96.08448,15.76279],[-96.08479,15.76293],[-96.08503,15.76337],[-96.08509,15.76372],[-96.08494,15.76393],[-96.08486,15.76406],[-96.08464,15.76424],[-96.08441,15.76443],[-96.08421,15.7647],[-96.08446,15.76492],[-96.08472,15.76507],[-96.08475,15.76533],[-96.08478,15.76556],[-96.08456,15.76567],[-96.08442,15.76559],[-96.08439,15.76534],[-96.08423,15.76515],[-96.08408,15.76498]]],[[[-96.09476,15.77157],[-96.09479,15.77156],[-96.09482,15.77154],[-96.09485,15.77153],[-96.09486,15.77156],[-96.09488,15.77156],[-96.0949,15.77157],[-96.09494,15.77158],[-96.09498,15.7716],[-96.09503,15.77162],[-96.09506,15.77167],[-96.09511,15.7717],[-96.09511,15.77179],[-96.09508,15.77182],[-96.09504,15.77184],[-96.09492,15.7719],[-96.09481,15.77195],[-96.09472,15.77196],[-96.09468,15.7719],[-96.09465,15.77188],[-96.09459,15.77184],[-96.09468,15.77172],[-96.09473,15.77165],[-96.09473,15.77159],[-96.09476,15.77157]]],[[[-97.3515,15.93753],[-97.35153,15.93738],[-97.35137,15.93725],[-97.35141,15.93711],[-97.35121,15.937],[-97.35135,15.93691],[-97.3516,15.9369],[-97.35168,15.93675],[-97.35161,15.9367],[-97.35171,15.93662],[-97.3519,15.93663],[-97.352,15.93655],[-97.35189,15.93651],[-97.35177,15.93653],[-97.35188,15.93637],[-97.35199,15.93635],[-97.35208,15.93634],[-97.35219,15.9363],[-97.35227,15.93642],[-97.35236,15.93635],[-97.35249,15.93638],[-97.35259,15.93647],[-97.35268,15.93652],[-97.35278,15.93662],[-97.3528,15.93674],[-97.3529,15.9369],[-97.35289,15.9371],[-97.3528,15.9374],[-97.35284,15.93752],[-97.35294,15.9375],[-97.35296,15.93761],[-97.35278,15.9377],[-97.35263,15.93778],[-97.35237,15.93796],[-97.35218,15.93797],[-97.35206,15.93802],[-97.35199,15.93794],[-97.3518,15.93787],[-97.35154,15.93781],[-97.35131,15.93768],[-97.3515,15.93753]]],[[[-96.11602,15.749],[-96.11596,15.74897],[-96.11592,15.74898],[-96.11591,15.74893],[-96.1159,15.74885],[-96.11586,15.74879],[-96.11589,15.74874],[-96.11584,15.74867],[-96.11583,15.74861],[-96.11588,15.74856],[-96.11597,15.74853],[-96.11602,15.74857],[-96.11598,15.74864],[-96.11602,15.74872],[-96.11604,15.74882],[-96.11607,15.74888],[-96.11608,15.74891],[-96.11602,15.749]]],[[[-96.04514,15.78868],[-96.05344,15.78725],[-96.06302,15.77697],[-96.06602,15.781],[-96.07285,15.7776],[-96.0749,15.76674],[-96.09433,15.77366],[-96.09941,15.76983],[-96.09576,15.76299],[-96.09934,15.75843],[-96.10717,15.75587],[-96.11206,15.76325],[-96.12143,15.76072],[-96.12546,15.75313],[-96.12357,15.74966],[-96.12822,15.75432],[-96.13153,15.75257],[-96.1292,15.74377],[-96.1242,15.74187],[-96.12785,15.7376],[-96.13214,15.73646],[-96.1331,15.73953],[-96.14153,15.73423],[-96.14558,15.73776],[-96.15207,15.73112],[-96.14416,15.72765],[-96.15359,15.72684],[-96.15272,15.72316],[-96.15855,15.72569],[-96.16612,15.72316],[-96.17288,15.71372],[-96.17802,15.71655],[-96.17923,15.71273],[-96.19098,15.71023],[-96.19288,15.70538],[-96.197,15.71094],[-96.20376,15.71196],[-96.20515,15.70158],[-96.20796,15.6997],[-96.21063,15.70363],[-96.21682,15.70083],[-96.2146,15.6974],[-96.22562,15.69787],[-96.22436,15.69172],[-96.23498,15.6918],[-96.23751,15.68248],[-96.2827,15.68678],[-96.28567,15.68386],[-96.30485,15.68613],[-96.3076,15.68318],[-96.33133,15.68824],[-96.33975,15.68494],[-96.35129,15.69025],[-96.36136,15.68229],[-96.37594,15.6887],[-96.42616,15.69644],[-96.43023,15.69206],[-96.42972,15.69521],[-96.43355,15.69526],[-96.44039,15.6918],[-96.45256,15.68146],[-96.46458,15.68323],[-96.46701,15.67531],[-96.47685,15.67474],[-96.48203,15.66333],[-96.49497,15.66573],[-96.49462,15.65836],[-96.55097,15.66528],[-96.55681,15.65717],[-96.57096,15.66641],[-96.61595,15.68015],[-96.652,15.69912],[-96.69891,15.71624],[-96.80476,15.73374],[-96.83884,15.73325],[-96.86041,15.73982],[-96.93386,15.78264],[-97.02388,15.80969],[-97.04856,15.82819],[-97.04628,15.83579],[-97.0621,15.86044],[-97.07033,15.85576],[-97.08367,15.85923],[-97.14615,15.89908],[-97.21338,15.92369],[-97.27295,15.93847],[-97.28871,15.9374],[-97.33462,15.94604],[-97.35934,15.94436],[-97.36823,15.93683],[-97.41156,15.94432],[-97.42139,15.94183],[-97.47932,15.95383],[-97.52968,15.96943],[-97.56532,15.9633],[-97.61898,15.97545],[-97.65575,15.97779],[-97.67219,15.97334],[-97.67973,15.96234],[-97.7885,15.98244],[-97.80431,15.99726],[-97.85345,16.02481],[-97.96115,16.10055],[-98.10538,16.17844],[-98.18622,16.21224],[-98.19165,16.22116],[-98.20427,16.22854],[-98.22906,16.2378],[-98.29205,16.25212],[-98.4221,16.27028],[-98.55262,16.31595],[-98.54734,16.3212],[-98.5499,16.32614],[-98.5422,16.3327],[-98.54293,16.34311],[-98.53339,16.35158],[-98.52073,16.36005],[-98.5091,16.36306],[-98.50567,16.36048],[-98.49492,16.36504],[-98.49498,16.36864],[-98.48548,16.3688],[-98.48393,16.37415],[-98.47942,16.3731],[-98.47085,16.38115],[-98.46083,16.38327],[-98.45595,16.38042],[-98.45417,16.38579],[-98.39915,16.38051],[-98.34993,16.44445],[-98.35987,16.4717],[-98.35252,16.48943],[-98.35772,16.4926],[-98.36883,16.49118],[-98.36832,16.50085],[-98.38733,16.49778],[-98.38332,16.51265],[-98.3925,16.52738],[-98.39513,16.54683],[-98.38364,16.5452],[-98.38341,16.54964],[-98.37608,16.55229],[-98.34027,16.55817],[-98.32996,16.57275],[-98.2917,16.57006],[-98.29282,16.55778],[-98.26942,16.55845],[-98.2415,16.56777],[-98.24097,16.57276],[-98.22926,16.58089],[-98.20731,16.58989],[-98.20846,16.58464],[-98.20336,16.58718],[-98.19377,16.62146],[-98.2142,16.61879],[-98.22003,16.63199],[-98.22845,16.6395],[-98.23432,16.65637],[-98.23306,16.67063],[-98.2463,16.67236],[-98.24343,16.6967],[-98.23796,16.70741],[-98.23488,16.70705],[-98.23353,16.71736],[-98.22134,16.70855],[-98.20154,16.71267],[-98.20551,16.69801],[-98.20026,16.69723],[-98.1952,16.69876],[-98.19212,16.70641],[-98.18439,16.70514],[-98.1752,16.718],[-98.16593,16.72171],[-98.15981,16.71949],[-98.15371,16.72528],[-98.13899,16.72378],[-98.13652,16.73189],[-98.12569,16.73908],[-98.12801,16.74524],[-98.12423,16.74964],[-98.13474,16.7515],[-98.13517,16.75839],[-98.12872,16.76116],[-98.1205,16.75473],[-98.10815,16.76095],[-98.10456,16.78522],[-98.09787,16.79292],[-98.10004,16.79925],[-98.09275,16.80646],[-98.09381,16.81199],[-98.08637,16.81631],[-98.08769,16.82168],[-98.08109,16.8334],[-98.08399,16.84093],[-98.07646,16.84914],[-98.07233,16.87425],[-98.0803,16.88204],[-98.0871,16.91396],[-98.09563,16.92373],[-98.10049,16.94067],[-98.10745,16.94203],[-98.10647,16.95672],[-98.11125,16.95887],[-98.09711,16.96888],[-98.07522,17.00722],[-98.05749,17.02377],[-98.03515,17.02112],[-98.03015,17.01575],[-98.00727,17.04013],[-98.04571,17.05726],[-98.08091,17.06658],[-98.09877,17.08385],[-98.118,17.09551],[-98.13,17.09548],[-98.15,17.10243],[-98.15342,17.1104],[-98.19025,17.1196],[-98.19641,17.11609],[-98.21265,17.11872],[-98.21532,17.12453],[-98.22259,17.12215],[-98.21989,17.14504],[-98.22504,17.15228],[-98.2186,17.16029],[-98.22059,17.16423],[-98.21443,17.18451],[-98.21767,17.18686],[-98.20511,17.19102],[-98.20518,17.1991],[-98.20039,17.20381],[-98.20313,17.21629],[-98.22619,17.24189],[-98.24433,17.25146],[-98.2648,17.24636],[-98.27718,17.25007],[-98.28848,17.23822],[-98.30214,17.24628],[-98.32349,17.27594],[-98.31783,17.30238],[-98.3048,17.32752],[-98.28737,17.32901],[-98.30491,17.3943],[-98.33584,17.4563],[-98.32901,17.47873],[-98.31188,17.47749],[-98.32029,17.50688],[-98.33082,17.51176],[-98.33364,17.52551],[-98.32944,17.53298],[-98.34115,17.54192],[-98.3453,17.56259],[-98.35347,17.56486],[-98.35099,17.57137],[-98.35459,17.57897],[-98.3614,17.57927],[-98.35918,17.5841],[-98.36472,17.58262],[-98.37696,17.60535],[-98.41014,17.59977],[-98.4331,17.62299],[-98.4505,17.63334],[-98.46104,17.63036],[-98.4707,17.67809],[-98.48616,17.68099],[-98.48965,17.70344],[-98.48635,17.7051],[-98.4891,17.72171],[-98.48669,17.73373],[-98.49634,17.76881],[-98.47067,17.78909],[-98.42495,17.83959],[-98.42488,17.86599],[-98.39875,17.86091],[-98.39808,17.86549],[-98.38927,17.86989],[-98.38973,17.8771],[-98.3826,17.88367],[-98.36285,17.88163],[-98.34907,17.89317],[-98.32882,17.87892],[-98.32016,17.88787],[-98.30207,17.89311],[-98.30082,17.90786],[-98.2904,17.91465],[-98.29195,17.91971],[-98.2823,17.93515],[-98.27332,17.92236],[-98.26222,17.92687],[-98.26124,17.92233],[-98.27019,17.9156],[-98.25848,17.90329],[-98.25477,17.88362],[-98.24754,17.88323],[-98.24653,17.87844],[-98.20974,17.87976],[-98.20275,17.8924],[-98.17792,17.89705],[-98.1709,17.90206],[-98.16757,17.90987],[-98.17082,17.91407],[-98.1651,17.91779],[-98.17252,17.92537],[-98.17289,17.93234],[-98.16898,17.93494],[-98.17356,17.94193],[-98.1696,17.95283],[-98.15034,17.97084],[-98.12991,17.97797],[-98.13039,17.98808],[-98.11302,17.97842],[-98.09499,17.98527],[-98.0752,17.98062],[-98.06411,17.98557],[-98.04756,17.98106],[-98.04671,17.9762],[-98.02978,17.99183],[-98.02543,17.98561],[-97.99958,17.97552],[-97.98646,17.9786],[-97.97937,17.96444],[-97.96756,17.9707],[-97.95171,17.96657],[-97.93737,17.9679],[-97.93495,17.96102],[-97.93971,17.96034],[-97.94884,17.94815],[-97.94428,17.94806],[-97.93799,17.94067],[-97.93629,17.91718],[-97.92075,17.91734],[-97.9031,17.90915],[-97.8791,17.91791],[-97.83235,17.90853],[-97.83083,17.9137],[-97.81928,17.91474],[-97.81121,17.93812],[-97.81275,17.94645],[-97.80346,17.95377],[-97.80337,17.96046],[-97.78955,17.96179],[-97.77265,17.97058],[-97.77398,17.977],[-97.76793,17.97665],[-97.76492,17.99082],[-97.76962,17.9976],[-97.76637,18.00591],[-97.75352,18.00471],[-97.72853,18.01222],[-97.71874,18.00382],[-97.69973,18.00163],[-97.69777,18.01881],[-97.72992,18.03732],[-97.74909,18.06064],[-97.76435,18.06863],[-97.77166,18.06836],[-97.79854,18.0358],[-97.79675,18.01621],[-97.78905,18.01117],[-97.79091,18.00416],[-97.81656,17.99347],[-97.82626,17.97267],[-97.8426,17.99608],[-97.84273,18.01893],[-97.83477,18.0498],[-97.81066,18.06771],[-97.84945,18.08374],[-97.86721,18.11489],[-97.86748,18.14457],[-97.85734,18.15558],[-97.85362,18.16792],[-97.84789,18.17248],[-97.83945,18.17123],[-97.85051,18.18305],[-97.8499,18.1895],[-97.85922,18.19229],[-97.8441,18.21615],[-97.82295,18.2234],[-97.82761,18.23693],[-97.81545,18.26204],[-97.79729,18.28317],[-97.78319,18.28628],[-97.74974,18.27576],[-97.72127,18.27605],[-97.71085,18.28534],[-97.6997,18.28823],[-97.65471,18.29309],[-97.64397,18.27941],[-97.63818,18.21182],[-97.63402,18.20007],[-97.65317,18.17529],[-97.61643,18.15274],[-97.60929,18.15368],[-97.60439,18.13739],[-97.60815,18.13101],[-97.59745,18.12646],[-97.56961,18.10338],[-97.56681,18.08164],[-97.56174,18.07296],[-97.56378,18.06258],[-97.55632,18.05168],[-97.55762,18.04688],[-97.5439,18.03344],[-97.53404,18.04634],[-97.52237,18.04465],[-97.50591,18.02782],[-97.49918,18.02979],[-97.48924,18.02559],[-97.4652,18.0284],[-97.46873,18.0307],[-97.46261,18.03783],[-97.45946,18.03577],[-97.45322,18.04375],[-97.45492,18.04832],[-97.44748,18.05347],[-97.44814,18.06598],[-97.44445,18.06395],[-97.44136,18.07194],[-97.43575,18.06821],[-97.42555,18.06927],[-97.41123,18.10239],[-97.40547,18.10194],[-97.4029,18.10749],[-97.39456,18.10006],[-97.38818,18.10225],[-97.37655,18.09451],[-97.37447,18.10129],[-97.36664,18.10091],[-97.36901,18.10327],[-97.3551,18.11675],[-97.35485,18.1218],[-97.33967,18.13019],[-97.33219,18.14541],[-97.31843,18.14578],[-97.3034,18.15908],[-97.26626,18.15854],[-97.24715,18.16965],[-97.24443,18.16678],[-97.24268,18.17131],[-97.23277,18.17033],[-97.22866,18.17459],[-97.21434,18.16366],[-97.20522,18.17148],[-97.18721,18.17515],[-97.19235,18.19237],[-97.18339,18.19901],[-97.16736,18.2009],[-97.16717,18.19417],[-97.14415,18.16913],[-97.14403,18.16343],[-97.1405,18.17333],[-97.13381,18.17413],[-97.13863,18.1671],[-97.13388,18.15772],[-97.1239,18.16246],[-97.11375,18.14947],[-97.10573,18.14809],[-97.0902,18.15303],[-97.08871,18.14917],[-97.04209,18.15657],[-97.0377,18.1725],[-97.0402,18.17482],[-97.00294,18.21273],[-96.99878,18.22734],[-96.99147,18.23074],[-96.97413,18.23243],[-96.95246,18.22003],[-96.93922,18.22022],[-96.93683,18.21603],[-96.93024,18.2329],[-96.92187,18.24062],[-96.91615,18.23064],[-96.91305,18.23854],[-96.89675,18.23766],[-96.88525,18.24396],[-96.85475,18.24123],[-96.84621,18.24685],[-96.84171,18.25645],[-96.84265,18.26503],[-96.83866,18.26765],[-96.84322,18.27107],[-96.83725,18.27192],[-96.82567,18.2964],[-96.81757,18.30078],[-96.82227,18.31016],[-96.82182,18.32068],[-96.80953,18.32933],[-96.80026,18.32931],[-96.78421,18.33833],[-96.7827,18.34733],[-96.78599,18.35345],[-96.78042,18.36353],[-96.76349,18.375],[-96.76276,18.38323],[-96.74984,18.38161],[-96.75463,18.39216],[-96.72983,18.39769],[-96.74149,18.38385],[-96.73305,18.37412],[-96.70017,18.38293],[-96.69623,18.37983],[-96.69624,18.36475],[-96.69259,18.36623],[-96.69182,18.38085],[-96.68161,18.37558],[-96.67456,18.38139],[-96.67625,18.38565],[-96.67952,18.38293],[-96.68143,18.38565],[-96.68103,18.4122],[-96.70591,18.42289],[-96.7097,18.42995],[-96.70499,18.43201],[-96.70904,18.43242],[-96.70526,18.43545],[-96.70721,18.44892],[-96.7026,18.45439],[-96.70532,18.45671],[-96.69288,18.45755],[-96.69274,18.46236],[-96.68818,18.46273],[-96.69024,18.46897],[-96.68253,18.47506],[-96.68367,18.48476],[-96.6863,18.48359],[-96.68424,18.48691],[-96.6876,18.48662],[-96.68565,18.4896],[-96.69107,18.48983],[-96.6825,18.499],[-96.68227,18.50712],[-96.6884,18.51273],[-96.70286,18.51027],[-96.70616,18.52633],[-96.71414,18.52756],[-96.71902,18.52212],[-96.72689,18.52983],[-96.72578,18.53586],[-96.71904,18.53691],[-96.71182,18.54805],[-96.72421,18.55898],[-96.7156,18.57324],[-96.69962,18.55334],[-96.69093,18.56797],[-96.70214,18.58122],[-96.69331,18.57861],[-96.68875,18.58121],[-96.69382,18.59121],[-96.67901,18.60778],[-96.67246,18.60757],[-96.67496,18.62434],[-96.68869,18.63879],[-96.68109,18.64795],[-96.68301,18.66969],[-96.67441,18.66593],[-96.66823,18.65595],[-96.65499,18.6513],[-96.6458,18.64039],[-96.63165,18.63566],[-96.61667,18.61907],[-96.59537,18.61147],[-96.56094,18.5877],[-96.54132,18.58825],[-96.5373,18.58395],[-96.52547,18.58777],[-96.5175,18.58157],[-96.51045,18.58428],[-96.50875,18.58946],[-96.49974,18.5895],[-96.48874,18.58125],[-96.47734,18.57994],[-96.47326,18.57331],[-96.4573,18.57043],[-96.4511,18.55713],[-96.45502,18.54928],[-96.42075,18.51046],[-96.42347,18.5018],[-96.41655,18.49927],[-96.41118,18.47692],[-96.41817,18.47605],[-96.41802,18.47048],[-96.41239,18.46476],[-96.40459,18.46778],[-96.40134,18.45984],[-96.40359,18.44635],[-96.40009,18.44417],[-96.40298,18.43992],[-96.39331,18.43706],[-96.38933,18.44048],[-96.38924,18.42837],[-96.38521,18.42933],[-96.38383,18.42411],[-96.37619,18.42465],[-96.37415,18.4174],[-96.36779,18.41736],[-96.36172,18.40707],[-96.35633,18.41167],[-96.35258,18.41024],[-96.34986,18.4015],[-96.34455,18.3985],[-96.34902,18.38844],[-96.34534,18.37969],[-96.33931,18.37563],[-96.33106,18.37923],[-96.33505,18.37251],[-96.31732,18.36453],[-96.32066,18.36021],[-96.31353,18.34591],[-96.31752,18.3401],[-96.31326,18.33501],[-96.31499,18.33139],[-96.31269,18.32759],[-96.3056,18.32903],[-96.30994,18.32235],[-96.2869,18.31127],[-96.28359,18.30609],[-96.28548,18.30168],[-96.27076,18.29782],[-96.27741,18.29401],[-96.27388,18.28591],[-96.27857,18.28382],[-96.26916,18.27398],[-96.27726,18.2714],[-96.27602,18.26581],[-96.28312,18.2689],[-96.28823,18.25976],[-96.28131,18.25913],[-96.26681,18.24566],[-96.26799,18.22445],[-96.24358,18.1971],[-96.231,18.18972],[-96.21747,18.16196],[-96.20313,18.17487],[-96.17068,18.18638],[-96.17023,18.1698],[-96.18719,18.16675],[-96.1828,18.15782],[-96.18828,18.1513],[-96.17966,18.14056],[-96.15422,18.1318],[-96.14856,18.13219],[-96.14362,18.14015],[-96.13671,18.13403],[-96.12412,18.14037],[-96.12304,18.15423],[-96.11714,18.15517],[-96.11431,18.16407],[-96.09918,18.16684],[-96.08422,18.16253],[-96.06638,18.13159],[-96.05697,18.13402],[-96.05138,18.12674],[-96.04687,18.13656],[-96.0431,18.13467],[-96.04105,18.13849],[-96.02568,18.13346],[-95.99106,18.15194],[-95.98153,18.14295],[-95.96716,18.15422],[-95.95842,18.15298],[-95.95907,18.15706],[-95.95345,18.15986],[-95.93725,18.15663],[-95.93236,18.15135],[-95.93643,18.14682],[-95.93333,18.14166],[-95.92573,18.14643],[-95.92219,18.14105],[-95.92213,18.1508],[-95.91464,18.1522],[-95.91348,18.13858],[-95.90715,18.13564],[-95.83316,18.12902],[-95.79992,17.95001],[-95.8502,17.84453],[-95.85881,17.84478],[-95.84933,17.82585],[-95.85578,17.80555],[-95.86895,17.79662],[-95.86638,17.77435],[-95.88477,17.77182],[-95.89292,17.76514],[-95.89263,17.76032],[-95.89924,17.75365],[-95.90277,17.73265],[-95.8921,17.7206],[-95.8856,17.72675],[-95.8728,17.72741],[-95.87339,17.71713],[-95.89401,17.71232],[-95.89529,17.70449],[-95.87101,17.70217],[-95.8675,17.68484],[-95.84403,17.67312],[-95.84414,17.66848],[-95.83063,17.65262],[-95.808,17.6468],[-95.80563,17.64344],[-95.80964,17.63817],[-95.8033,17.62936],[-95.7991,17.62763],[-95.78111,17.63887],[-95.78249,17.62577],[-95.77273,17.62154],[-95.77365,17.60585],[-95.77722,17.6043],[-95.77596,17.60869],[-95.78037,17.61111],[-95.78905,17.61086],[-95.7947,17.60352],[-95.80348,17.6071],[-95.80756,17.6018],[-95.80754,17.59184],[-95.79185,17.58636],[-95.78942,17.59492],[-95.79298,17.60143],[-95.78174,17.60303],[-95.77147,17.5997],[-95.77155,17.58868],[-95.74757,17.58354],[-95.74489,17.58599],[-95.73379,17.57548],[-95.72689,17.57803],[-95.72955,17.57105],[-95.72403,17.55728],[-95.72809,17.55198],[-95.72198,17.54924],[-95.72048,17.54352],[-95.72514,17.53622],[-95.70657,17.53402],[-95.70223,17.51853],[-95.69103,17.52495],[-95.69215,17.5309],[-95.68515,17.53753],[-95.67395,17.53383],[-95.64846,17.53989],[-95.6541,17.56039],[-95.64702,17.55569],[-95.64449,17.54654],[-95.62714,17.54798],[-95.61996,17.54099],[-95.60708,17.53982],[-95.60511,17.54901],[-95.5993,17.54367],[-95.59875,17.53461],[-95.59583,17.53779],[-95.58669,17.53489],[-95.57956,17.53757],[-95.57843,17.54465],[-95.56881,17.55124],[-95.55987,17.54677],[-95.55554,17.55864],[-95.55106,17.55338],[-95.53967,17.56057],[-95.53199,17.55583],[-95.5251,17.56211],[-95.5311,17.57061],[-95.52479,17.57602],[-95.5174,17.56962],[-95.52114,17.57739],[-95.5147,17.5797],[-95.51401,17.58545],[-95.50276,17.58439],[-95.50631,17.59077],[-95.49764,17.59188],[-95.48417,17.6019],[-95.47809,17.59488],[-95.47934,17.58783],[-95.46301,17.59639],[-95.47244,17.60413],[-95.47313,17.60911],[-95.45445,17.6111],[-95.45607,17.62309],[-95.4461,17.62176],[-95.43422,17.63513],[-95.42682,17.63657],[-95.42548,17.64747],[-95.41849,17.64404],[-95.41303,17.65186],[-95.40716,17.64333],[-95.40295,17.65205],[-95.39532,17.65178],[-95.3868,17.66385],[-95.36965,17.66906],[-95.36788,17.67365],[-95.35174,17.67184],[-95.35159,17.67971],[-95.34375,17.68366],[-95.34005,17.6744],[-95.33441,17.6748],[-95.32874,17.68578],[-95.32134,17.68564],[-95.31664,17.69758],[-95.3066,17.69715],[-95.30996,17.70855],[-95.30258,17.71101],[-95.2978,17.72214],[-95.29117,17.71633],[-95.29224,17.71242],[-95.28671,17.71674],[-95.27999,17.71574],[-95.27919,17.72189],[-95.26717,17.71671],[-95.26306,17.72488],[-95.26902,17.74093],[-95.26274,17.73874],[-95.25867,17.72854],[-95.23891,17.73926],[-95.19028,17.69203],[-95.18243,17.69106],[-95.18146,17.68581],[-95.18769,17.68064],[-95.18493,17.67676],[-95.18812,17.6507],[-95.19512,17.65485],[-95.2012,17.64741],[-95.20707,17.65435],[-95.21844,17.63933],[-95.24193,17.63496],[-95.2429,17.64367],[-95.24822,17.64598],[-95.25322,17.64206],[-95.253,17.63337],[-95.25899,17.62901],[-95.2484,17.62558],[-95.25554,17.62157],[-95.27125,17.62473],[-95.27021,17.61574],[-95.27884,17.61324],[-95.26764,17.60827],[-95.26475,17.60156],[-95.25919,17.60772],[-95.25304,17.6078],[-95.25362,17.60201],[-95.07656,17.37293],[-94.97119,17.33097],[-94.9665,17.33437],[-94.96055,17.32307],[-94.95097,17.31565],[-94.93307,17.31898],[-94.92715,17.32514],[-94.91148,17.31429],[-94.90095,17.31706],[-94.89077,17.31105],[-94.889,17.30008],[-94.90912,17.29719],[-94.91476,17.29257],[-94.91308,17.28623],[-94.90134,17.28745],[-94.90965,17.26797],[-94.89542,17.25638],[-94.90956,17.24278],[-94.90529,17.23691],[-94.91045,17.22788],[-94.91121,17.2137],[-94.9154,17.20622],[-94.92301,17.20413],[-94.92281,17.19379],[-93.86742,17.13696],[-94.13915,16.46178],[-94.05066,16.32971],[-94.03295,16.27594],[-94.04353,16.25568],[-94.03513,16.24828],[-94.03519,16.23955],[-94.04846,16.21617],[-94.10956,16.1791],[-94.10276,16.14251],[-94.036,16.02209],[-94.00021,16.00658],[-94.00021,16.00309],[-94.17701,16.08576],[-94.27327,16.12327],[-94.42735,16.16984],[-94.54004,16.19186],[-94.69976,16.20991],[-94.74368,16.20814],[-94.83184,16.21453],[-94.90431,16.21024],[-95.07012,16.18336],[-95.14234,16.18865],[-95.15225,16.18544],[-95.15715,16.17935],[-95.15166,16.16795],[-95.1688,16.16447],[-95.19229,16.1674],[-95.20262,16.1457],[-95.19829,16.15033],[-95.19828,16.15991],[-95.20892,16.15987],[-95.20963,16.15448],[-95.21222,16.15936],[-95.21325,16.15289],[-95.21494,16.15856],[-95.2332,16.15828],[-95.248,16.14715],[-95.24749,16.13334],[-95.26691,16.13033],[-95.28104,16.12047],[-95.27565,16.1074],[-95.28619,16.10098],[-95.30165,16.09955],[-95.30553,16.09435],[-95.33191,16.08988],[-95.3504,16.08164],[-95.37803,16.04635],[-95.3681,16.02087],[-95.39505,16.0133],[-95.39885,16.00628],[-95.42413,15.99971],[-95.43561,15.97609],[-95.48584,15.97577],[-95.49428,15.97289],[-95.49861,15.96555],[-95.56852,15.95779],[-95.58441,15.94447],[-95.60557,15.94245],[-95.61332,15.93573],[-95.6135,15.93076],[-95.64532,15.92338],[-95.66251,15.91241],[-95.7062,15.90883],[-95.77002,15.8946],[-95.78003,15.88475],[-95.77717,15.8711],[-95.83361,15.86372],[-95.87947,15.85113],[-95.88977,15.84291],[-95.94622,15.83208],[-95.96222,15.8262],[-95.9687,15.81772],[-96.00505,15.80773],[-96.02916,15.79278],[-96.04514,15.78868]]],[[[-96.11688,15.74786],[-96.11695,15.7478],[-96.11698,15.74777],[-96.11706,15.74778],[-96.11713,15.7478],[-96.11719,15.74782],[-96.11728,15.74785],[-96.11729,15.74784],[-96.11746,15.7479],[-96.11759,15.74797],[-96.1176,15.748],[-96.11759,15.74801],[-96.11756,15.74803],[-96.11739,15.74804],[-96.11746,15.74812],[-96.11748,15.74821],[-96.11745,15.74825],[-96.11725,15.74824],[-96.11708,15.7481],[-96.11689,15.74806],[-96.11689,15.74806],[-96.11686,15.74802],[-96.11685,15.74801],[-96.11685,15.74798],[-96.11686,15.74789],[-96.11688,15.74786]]],[[[-96.11642,15.74924],[-96.11641,15.74922],[-96.11632,15.74923],[-96.11626,15.74919],[-96.11624,15.74914],[-96.11624,15.74908],[-96.11628,15.74901],[-96.1163,15.74893],[-96.11638,15.7489],[-96.11642,15.74887],[-96.11649,15.74892],[-96.11651,15.74902],[-96.11651,15.74907],[-96.11652,15.74915],[-96.11646,15.74926],[-96.11642,15.74924]]],[[[-96.22849,15.68753],[-96.22836,15.68744],[-96.22824,15.68752],[-96.22804,15.68741],[-96.22777,15.68731],[-96.22742,15.68743],[-96.22724,15.68729],[-96.22711,15.68706],[-96.22734,15.68696],[-96.22777,15.68697],[-96.22802,15.68682],[-96.22818,15.68633],[-96.22811,15.68618],[-96.22792,15.68608],[-96.22806,15.6859],[-96.22807,15.68568],[-96.22794,15.68551],[-96.22802,15.68533],[-96.22824,15.68527],[-96.22817,15.6855],[-96.22825,15.68567],[-96.22852,15.68572],[-96.22875,15.68573],[-96.22902,15.68583],[-96.22932,15.68574],[-96.22943,15.68609],[-96.22953,15.68634],[-96.23006,15.68665],[-96.23032,15.68674],[-96.23062,15.68684],[-96.23075,15.68693],[-96.23085,15.68706],[-96.23106,15.68702],[-96.23122,15.68698],[-96.23115,15.68711],[-96.23133,15.68722],[-96.23132,15.68743],[-96.2312,15.68737],[-96.23126,15.68759],[-96.2313,15.68777],[-96.23104,15.68777],[-96.23092,15.68753],[-96.23079,15.68732],[-96.23042,15.68733],[-96.23026,15.68768],[-96.23004,15.68763],[-96.22973,15.6875],[-96.22969,15.68771],[-96.22943,15.68773],[-96.22898,15.68775],[-96.22897,15.688],[-96.22882,15.68802],[-96.22844,15.68806],[-96.22823,15.68791],[-96.2284,15.68774],[-96.22849,15.68753]]],[[[-96.2224,15.68988],[-96.22258,15.68976],[-96.22267,15.68983],[-96.22284,15.68996],[-96.22357,15.69021],[-96.22332,15.69084],[-96.22276,15.69098],[-96.22248,15.69097],[-96.2221,15.69094],[-96.22201,15.69067],[-96.22232,15.69059],[-96.22235,15.69032],[-96.22229,15.68995],[-96.2224,15.68988]]],[[[-96.16187,15.72102],[-96.16149,15.72089],[-96.16137,15.72065],[-96.16173,15.72071],[-96.16183,15.72058],[-96.1617,15.72041],[-96.16152,15.72026],[-96.16131,15.72004],[-96.16137,15.71983],[-96.16143,15.71965],[-96.16123,15.71932],[-96.1615,15.71927],[-96.16146,15.71889],[-96.16111,15.71886],[-96.16058,15.71875],[-96.16044,15.71847],[-96.16021,15.71818],[-96.16048,15.71823],[-96.16072,15.71819],[-96.16109,15.71853],[-96.16143,15.7185],[-96.16154,15.7184],[-96.16126,15.71813],[-96.161,15.71791],[-96.16072,15.71775],[-96.16059,15.71754],[-96.16053,15.71745],[-96.16041,15.71714],[-96.16049,15.7169],[-96.16084,15.71732],[-96.16097,15.71719],[-96.16127,15.71723],[-96.16132,15.71688],[-96.16145,15.71639],[-96.16173,15.71668],[-96.16197,15.71711],[-96.16178,15.71737],[-96.16162,15.71749],[-96.16183,15.71772],[-96.1618,15.71841],[-96.16206,15.71848],[-96.16241,15.71825],[-96.16256,15.71797],[-96.16246,15.7176],[-96.16261,15.71715],[-96.16292,15.71723],[-96.16327,15.71716],[-96.16364,15.71739],[-96.16381,15.71753],[-96.16383,15.71792],[-96.16399,15.71817],[-96.16395,15.71847],[-96.16398,15.71892],[-96.16365,15.7188],[-96.16334,15.71897],[-96.16309,15.71944],[-96.16299,15.71981],[-96.16287,15.72007],[-96.16291,15.72036],[-96.16277,15.72044],[-96.1626,15.72076],[-96.16235,15.72104],[-96.16214,15.72096],[-96.16187,15.72102]]],[[[-96.11863,15.74779],[-96.11862,15.74765],[-96.11855,15.74764],[-96.11847,15.74777],[-96.11838,15.74778],[-96.11837,15.74773],[-96.11843,15.74764],[-96.11837,15.74764],[-96.11829,15.74764],[-96.11822,15.74762],[-96.11822,15.74755],[-96.11812,15.74759],[-96.11804,15.74757],[-96.11807,15.74748],[-96.11823,15.74743],[-96.11812,15.74739],[-96.1181,15.74733],[-96.11823,15.74726],[-96.11841,15.74713],[-96.11859,15.74704],[-96.1187,15.74718],[-96.11877,15.74715],[-96.11873,15.74727],[-96.1186,15.74738],[-96.11852,15.74742],[-96.11865,15.74742],[-96.11873,15.7475],[-96.11863,15.74758],[-96.11868,15.74762],[-96.11878,15.74758],[-96.11893,15.74756],[-96.11902,15.74753],[-96.11918,15.74754],[-96.11929,15.74751],[-96.11939,15.74742],[-96.1195,15.74741],[-96.11959,15.74744],[-96.11964,15.74744],[-96.11973,15.74741],[-96.11975,15.74746],[-96.11965,15.74755],[-96.11965,15.74761],[-96.11965,15.74768],[-96.11952,15.74771],[-96.11947,15.74765],[-96.1194,15.74767],[-96.11938,15.74774],[-96.11931,15.74778],[-96.11919,15.74783],[-96.11907,15.74788],[-96.11899,15.74789],[-96.11891,15.74793],[-96.11882,15.74789],[-96.11872,15.74787],[-96.11863,15.74779]]],[[[-95.57509,15.94174],[-95.57503,15.94168],[-95.57499,15.94164],[-95.57498,15.94162],[-95.57496,15.9416],[-95.57488,15.94159],[-95.57476,15.94161],[-95.57465,15.94161],[-95.57455,15.9416],[-95.57437,15.94159],[-95.5743,15.94154],[-95.57426,15.94146],[-95.57431,15.94137],[-95.57432,15.94133],[-95.57433,15.9413],[-95.57434,15.94119],[-95.5744,15.9411],[-95.5744,15.94109],[-95.57439,15.94104],[-95.57436,15.94098],[-95.57436,15.94091],[-95.57438,15.94082],[-95.57438,15.94079],[-95.57437,15.94072],[-95.5743,15.94065],[-95.5742,15.94061],[-95.57412,15.94055],[-95.57413,15.9405],[-95.57415,15.94044],[-95.57418,15.94042],[-95.57427,15.94035],[-95.57442,15.94033],[-95.57453,15.94042],[-95.57465,15.94046],[-95.57484,15.94041],[-95.57489,15.94037],[-95.57507,15.94025],[-95.57513,15.94024],[-95.5753,15.94024],[-95.57558,15.94027],[-95.57575,15.94034],[-95.57588,15.94038],[-95.5761,15.94045],[-95.5762,15.94055],[-95.57637,15.94066],[-95.57643,15.94076],[-95.57648,15.94084],[-95.5765,15.94091],[-95.57652,15.94096],[-95.5765,15.941],[-95.57649,15.94103],[-95.5764,15.9411],[-95.57634,15.94119],[-95.57632,15.94121],[-95.57633,15.94121],[-95.57658,15.94128],[-95.57674,15.94131],[-95.57688,15.9414],[-95.57677,15.94153],[-95.57674,15.94157],[-95.57664,15.94167],[-95.57643,15.94178],[-95.57636,15.94186],[-95.57627,15.94188],[-95.57619,15.94189],[-95.57614,15.9419],[-95.57611,15.94191],[-95.57605,15.94191],[-95.57592,15.9419],[-95.57579,15.94186],[-95.57567,15.9418],[-95.57555,15.94177],[-95.57549,15.94174],[-95.57547,15.94174],[-95.57545,15.94174],[-95.57541,15.94177],[-95.57537,15.9418],[-95.57531,15.94185],[-95.57524,15.94187],[-95.57521,15.94187],[-95.57517,15.94185],[-95.57513,15.94183],[-95.57509,15.94174]]]]}},{"type":"Feature","properties":{"T00_CVEGEO":"21","T00_NOMGEO":"Puebla","NAME":"Puebla"},"geometry":{"type":"MultiPolygon","coordinates":[[[[-97.84217,20.83988],[-97.83891,20.83649],[-97.84355,20.83137],[-97.84307,20.82444],[-97.85011,20.81692],[-97.83092,20.81268],[-97.83069,20.80799],[-97.81376,20.82006],[-97.79717,20.82116],[-97.79039,20.81683],[-97.77387,20.82301],[-97.77299,20.8272],[-97.7631,20.81886],[-97.75034,20.81479],[-97.73891,20.80153],[-97.69517,20.80004],[-97.69465,20.79653],[-97.70134,20.7936],[-97.71314,20.79983],[-97.72598,20.79165],[-97.72306,20.78643],[-97.72806,20.78495],[-97.72515,20.77771],[-97.71918,20.7755],[-97.72088,20.77041],[-97.7265,20.77116],[-97.72664,20.76733],[-97.71895,20.76295],[-97.72635,20.75997],[-97.72281,20.74999],[-97.72845,20.74126],[-97.75296,20.73237],[-97.75063,20.70733],[-97.75685,20.68949],[-97.7477,20.68626],[-97.74069,20.68972],[-97.74072,20.68185],[-97.73706,20.67965],[-97.74061,20.67404],[-97.73807,20.66303],[-97.74533,20.65718],[-97.75209,20.65766],[-97.7495,20.64332],[-97.73732,20.64643],[-97.7312,20.63779],[-97.71449,20.63686],[-97.70446,20.62922],[-97.71265,20.62035],[-97.71539,20.60908],[-97.70483,20.60166],[-97.69341,20.60268],[-97.7019,20.57186],[-97.68405,20.57251],[-97.68045,20.56715],[-97.68476,20.55426],[-97.67632,20.55546],[-97.65729,20.54507],[-97.65774,20.55547],[-97.64819,20.56631],[-97.63773,20.55898],[-97.63666,20.55371],[-97.62543,20.55843],[-97.62543,20.56357],[-97.61007,20.5639],[-97.58995,20.55615],[-97.58795,20.56107],[-97.58931,20.55646],[-97.58352,20.5483],[-97.57498,20.54334],[-97.57831,20.53743],[-97.54104,20.48971],[-97.5433,20.48474],[-97.55605,20.48469],[-97.56206,20.49009],[-97.57604,20.4909],[-97.58626,20.4725],[-97.59588,20.46399],[-97.60721,20.46198],[-97.61659,20.45535],[-97.62388,20.45773],[-97.62776,20.45034],[-97.63536,20.45218],[-97.64072,20.44227],[-97.63546,20.43235],[-97.63755,20.4179],[-97.6454,20.40832],[-97.66099,20.41295],[-97.66508,20.40838],[-97.67207,20.40853],[-97.67304,20.41885],[-97.69772,20.43251],[-97.69955,20.44335],[-97.70767,20.44812],[-97.70918,20.45511],[-97.72078,20.45354],[-97.72582,20.45823],[-97.73459,20.4513],[-97.73482,20.44187],[-97.75095,20.41456],[-97.75584,20.41295],[-97.7573,20.39981],[-97.76258,20.39786],[-97.76563,20.38123],[-97.74444,20.38011],[-97.74374,20.37571],[-97.74803,20.37412],[-97.74374,20.36873],[-97.74287,20.35119],[-97.71274,20.32895],[-97.7025,20.32554],[-97.70068,20.31992],[-97.69655,20.31988],[-97.69462,20.33516],[-97.69008,20.33361],[-97.67934,20.34991],[-97.67439,20.34723],[-97.67689,20.33919],[-97.67312,20.3366],[-97.68419,20.32566],[-97.68407,20.3215],[-97.68985,20.32008],[-97.6773,20.31298],[-97.67676,20.30609],[-97.68139,20.30243],[-97.70427,20.30324],[-97.7084,20.28529],[-97.72411,20.28361],[-97.74089,20.27457],[-97.75729,20.27908],[-97.75123,20.26012],[-97.74738,20.2632],[-97.7351,20.24239],[-97.73729,20.22816],[-97.73295,20.2275],[-97.73069,20.2052],[-97.73859,20.2021],[-97.74147,20.19241],[-97.73145,20.18135],[-97.72503,20.18316],[-97.72487,20.18901],[-97.72022,20.18916],[-97.70755,20.18158],[-97.69871,20.18238],[-97.69146,20.16749],[-97.68057,20.16514],[-97.6631,20.16948],[-97.65302,20.16343],[-97.64558,20.16869],[-97.64439,20.178],[-97.63856,20.17655],[-97.63871,20.18263],[-97.63231,20.18322],[-97.61638,20.16899],[-97.60448,20.16687],[-97.60837,20.15164],[-97.60532,20.14183],[-97.60097,20.14129],[-97.60505,20.13172],[-97.60273,20.11931],[-97.5875,20.11234],[-97.58741,20.10858],[-97.58207,20.10904],[-97.57864,20.10252],[-97.58029,20.09669],[-97.59436,20.09746],[-97.59608,20.09298],[-97.59123,20.08171],[-97.58025,20.079],[-97.57686,20.08462],[-97.57085,20.08191],[-97.56129,20.08602],[-97.56344,20.08997],[-97.55804,20.10691],[-97.55294,20.10092],[-97.54815,20.10119],[-97.53959,20.11601],[-97.52739,20.11488],[-97.52182,20.12196],[-97.5113,20.12501],[-97.50896,20.13068],[-97.49483,20.13735],[-97.49979,20.14272],[-97.49478,20.14619],[-97.50433,20.14898],[-97.50538,20.15394],[-97.4876,20.16488],[-97.48479,20.17388],[-97.46505,20.18022],[-97.46429,20.22422],[-97.44527,20.24616],[-97.43593,20.24045],[-97.4208,20.24242],[-97.40816,20.23209],[-97.39572,20.2432],[-97.3806,20.24988],[-97.3742,20.243],[-97.37772,20.2229],[-97.37351,20.2236],[-97.36551,20.21575],[-97.28527,20.19073],[-97.28318,20.18111],[-97.27054,20.18752],[-97.26192,20.17755],[-97.24403,20.18228],[-97.24239,20.17447],[-97.16441,20.15183],[-97.161,20.16071],[-97.14998,20.16061],[-97.15752,20.14957],[-97.15198,20.14612],[-97.15136,20.13754],[-97.14378,20.13638],[-97.1378,20.14012],[-97.1224,20.13672],[-97.13357,20.12385],[-97.14162,20.1225],[-97.14182,20.1185],[-97.15774,20.10973],[-97.17402,20.09217],[-97.18363,20.08004],[-97.17556,20.07667],[-97.18203,20.07275],[-97.18549,20.06234],[-97.19425,20.05871],[-97.19542,20.05434],[-97.20151,20.05806],[-97.20614,20.05635],[-97.21109,20.04255],[-97.20358,20.02531],[-97.20692,20.01466],[-97.22509,20.00946],[-97.22528,20.00205],[-97.23468,19.99672],[-97.23816,19.98871],[-97.26066,19.97725],[-97.26873,19.9592],[-97.26924,19.94702],[-97.2558,19.93246],[-97.26315,19.92249],[-97.27011,19.92073],[-97.27137,19.9153],[-97.27299,19.91761],[-97.28096,19.91235],[-97.28643,19.90156],[-97.28869,19.90382],[-97.29182,19.90025],[-97.29526,19.89337],[-97.29047,19.88681],[-97.29992,19.8815],[-97.30455,19.87069],[-97.30957,19.85578],[-97.30824,19.83444],[-97.31503,19.82775],[-97.31668,19.81783],[-97.31312,19.79047],[-97.32,19.76982],[-97.32193,19.73478],[-97.31378,19.73513],[-97.3222,19.72238],[-97.33313,19.71678],[-97.32827,19.71178],[-97.33113,19.70756],[-97.32468,19.70709],[-97.30742,19.68453],[-97.30392,19.67115],[-97.3264,19.67892],[-97.34115,19.67575],[-97.34736,19.66337],[-97.40274,19.61534],[-97.41846,19.62721],[-97.42804,19.61589],[-97.42802,19.6017],[-97.43427,19.58885],[-97.43032,19.58613],[-97.42687,19.56916],[-97.42664,19.54167],[-97.42236,19.54405],[-97.42074,19.53982],[-97.40958,19.53733],[-97.41212,19.53592],[-97.40546,19.52545],[-97.40752,19.52187],[-97.4021,19.51538],[-97.40455,19.49586],[-97.39492,19.49242],[-97.37066,19.49499],[-97.36074,19.48849],[-97.35572,19.49291],[-97.35207,19.48472],[-97.34825,19.48462],[-97.34689,19.451],[-97.35388,19.44723],[-97.35214,19.44195],[-97.35727,19.43237],[-97.36389,19.43499],[-97.38154,19.43236],[-97.38993,19.42892],[-97.3924,19.41784],[-97.39735,19.41906],[-97.3941,19.40729],[-97.37169,19.40306],[-97.36045,19.37603],[-97.34861,19.37849],[-97.33774,19.39253],[-97.28496,19.39163],[-97.27836,19.38514],[-97.26443,19.38062],[-97.25479,19.38179],[-97.23361,19.37121],[-97.23108,19.3627],[-97.22386,19.35696],[-97.2102,19.35944],[-97.20669,19.34898],[-97.21008,19.33787],[-97.20471,19.32996],[-97.2156,19.32332],[-97.20798,19.31519],[-97.20494,19.3182],[-97.20083,19.31629],[-97.20027,19.30926],[-97.19033,19.31571],[-97.18879,19.32136],[-97.1702,19.32902],[-97.14845,19.32025],[-97.13674,19.3227],[-97.13155,19.31878],[-97.12935,19.30889],[-97.10199,19.30361],[-97.09142,19.31098],[-97.08276,19.31056],[-97.07117,19.32151],[-97.06788,19.32136],[-97.0675,19.31523],[-97.05568,19.31197],[-97.0455,19.32128],[-97.03098,19.29732],[-97.02463,19.29429],[-97.01935,19.29687],[-97.01475,19.29007],[-97.01081,19.2963],[-97.00345,19.29638],[-96.98555,19.27939],[-96.99141,19.27621],[-96.99456,19.26386],[-97.0044,19.2569],[-97.00123,19.23654],[-97.00772,19.23098],[-97.01486,19.23194],[-97.02728,19.21743],[-97.05155,19.20681],[-97.05615,19.19766],[-97.04138,19.17441],[-97.04303,19.165],[-97.0383,19.15767],[-97.04213,19.15138],[-97.02943,19.14294],[-97.02704,19.13323],[-97.03445,19.13767],[-97.04583,19.12803],[-97.05563,19.134],[-97.0575,19.14016],[-97.06797,19.14846],[-97.06669,19.15945],[-97.09432,19.16126],[-97.10872,19.16841],[-97.11284,19.16458],[-97.13072,19.16768],[-97.13652,19.16011],[-97.1485,19.16505],[-97.17042,19.16386],[-97.18063,19.16933],[-97.18367,19.16274],[-97.19458,19.17181],[-97.19664,19.16654],[-97.20963,19.15985],[-97.19719,19.14656],[-97.21956,19.13613],[-97.21702,19.13429],[-97.22231,19.12343],[-97.22814,19.12182],[-97.23754,19.1095],[-97.26139,19.09662],[-97.26965,19.06307],[-97.26662,19.03031],[-97.28512,18.99943],[-97.25825,18.97771],[-97.2592,18.96207],[-97.25334,18.92875],[-97.2438,18.91344],[-97.24181,18.90214],[-97.2458,18.8933],[-97.27137,18.89081],[-97.2973,18.86731],[-97.2965,18.86126],[-97.30796,18.84815],[-97.30608,18.84342],[-97.32266,18.83507],[-97.32453,18.83042],[-97.32038,18.8219],[-97.32626,18.81967],[-97.32634,18.81024],[-97.35302,18.79128],[-97.35284,18.77436],[-97.34018,18.7784],[-97.33701,18.76837],[-97.33005,18.76597],[-97.34035,18.75865],[-97.34423,18.74944],[-97.3395,18.74241],[-97.34719,18.72743],[-97.34214,18.72581],[-97.35002,18.71714],[-97.34219,18.70589],[-97.34501,18.6984],[-97.34038,18.69345],[-97.34397,18.68576],[-97.33725,18.67859],[-97.33102,18.68312],[-97.32815,18.67755],[-97.33039,18.67314],[-97.32317,18.66431],[-97.3032,18.67428],[-97.29712,18.66419],[-97.2939,18.66493],[-97.29121,18.65545],[-97.28186,18.65249],[-97.27184,18.62778],[-97.25987,18.62425],[-97.25226,18.62672],[-97.24524,18.64022],[-97.23542,18.64357],[-97.22578,18.63833],[-97.21523,18.62555],[-97.19691,18.62958],[-97.18406,18.61668],[-97.17595,18.61672],[-97.1744,18.60666],[-97.16225,18.60593],[-97.14957,18.59704],[-97.14144,18.59642],[-97.14585,18.58216],[-97.14456,18.57093],[-97.11369,18.53138],[-97.1133,18.52219],[-97.08346,18.48394],[-97.07996,18.45451],[-97.07607,18.466],[-97.05196,18.48574],[-97.04637,18.49956],[-97.02576,18.51707],[-97.02104,18.51242],[-97.01525,18.52088],[-97.00682,18.5233],[-96.99891,18.53191],[-96.99623,18.52851],[-96.98481,18.5312],[-96.97378,18.53676],[-96.9768,18.54307],[-96.9652,18.54166],[-96.96445,18.54703],[-96.95433,18.55383],[-96.92594,18.53492],[-96.90961,18.53981],[-96.90672,18.54684],[-96.89924,18.54865],[-96.88588,18.53344],[-96.87899,18.53748],[-96.87592,18.53509],[-96.87351,18.52323],[-96.86653,18.52669],[-96.86324,18.51612],[-96.86729,18.51459],[-96.84632,18.50538],[-96.84235,18.49339],[-96.82509,18.49811],[-96.82733,18.50375],[-96.82403,18.51111],[-96.81847,18.51147],[-96.81344,18.51762],[-96.80336,18.51146],[-96.797,18.51193],[-96.79416,18.50213],[-96.79783,18.49695],[-96.79295,18.49191],[-96.79579,18.48022],[-96.79143,18.4774],[-96.7892,18.46714],[-96.78093,18.46592],[-96.78617,18.45792],[-96.77542,18.44809],[-96.78481,18.44419],[-96.77755,18.43432],[-96.781,18.42907],[-96.76318,18.42705],[-96.77089,18.42298],[-96.76596,18.418],[-96.76636,18.41268],[-96.75908,18.40826],[-96.75366,18.41172],[-96.74349,18.40732],[-96.72468,18.40739],[-96.73125,18.40135],[-96.72864,18.39573],[-96.73266,18.39815],[-96.75393,18.39262],[-96.74984,18.38161],[-96.76276,18.38323],[-96.76349,18.375],[-96.78042,18.36353],[-96.78599,18.35345],[-96.7827,18.34733],[-96.78421,18.33833],[-96.80026,18.32931],[-96.80953,18.32933],[-96.82182,18.32068],[-96.82227,18.31016],[-96.81757,18.30078],[-96.82567,18.2964],[-96.83725,18.27192],[-96.84322,18.27107],[-96.83866,18.26765],[-96.84265,18.26503],[-96.84171,18.25645],[-96.84621,18.24685],[-96.85475,18.24123],[-96.88525,18.24396],[-96.89675,18.23766],[-96.91305,18.23854],[-96.91615,18.23064],[-96.92187,18.24062],[-96.93024,18.2329],[-96.93683,18.21603],[-96.93922,18.22022],[-96.95246,18.22003],[-96.97413,18.23243],[-96.99147,18.23074],[-96.99878,18.22734],[-97.00294,18.21273],[-97.0402,18.17482],[-97.0377,18.1725],[-97.04209,18.15657],[-97.08871,18.14917],[-97.0902,18.15303],[-97.10573,18.14809],[-97.11375,18.14947],[-97.1239,18.16246],[-97.13388,18.15772],[-97.13863,18.1671],[-97.13381,18.17413],[-97.1405,18.17333],[-97.14403,18.16343],[-97.14415,18.16913],[-97.16717,18.19417],[-97.16736,18.2009],[-97.18339,18.19901],[-97.19235,18.19237],[-97.18721,18.17515],[-97.20522,18.17148],[-97.21434,18.16366],[-97.22866,18.17459],[-97.23277,18.17033],[-97.24268,18.17131],[-97.24443,18.16678],[-97.24715,18.16965],[-97.26626,18.15854],[-97.3034,18.15908],[-97.31843,18.14578],[-97.33219,18.14541],[-97.33967,18.13019],[-97.35485,18.1218],[-97.3551,18.11675],[-97.36901,18.10327],[-97.36664,18.10091],[-97.37447,18.10129],[-97.37655,18.09451],[-97.38818,18.10225],[-97.39456,18.10006],[-97.4029,18.10749],[-97.40547,18.10194],[-97.41123,18.10239],[-97.42555,18.06927],[-97.43575,18.06821],[-97.44136,18.07194],[-97.44445,18.06395],[-97.44814,18.06598],[-97.44748,18.05347],[-97.45492,18.04832],[-97.45322,18.04375],[-97.45946,18.03577],[-97.46261,18.03783],[-97.46873,18.0307],[-97.46691,18.02695],[-97.50591,18.02782],[-97.52237,18.04465],[-97.53404,18.04634],[-97.5439,18.03344],[-97.55762,18.04688],[-97.55632,18.05168],[-97.56378,18.06258],[-97.56174,18.07296],[-97.56681,18.08164],[-97.56961,18.10338],[-97.59745,18.12646],[-97.60815,18.13101],[-97.60439,18.13739],[-97.60929,18.15368],[-97.61643,18.15274],[-97.65317,18.17529],[-97.63402,18.20007],[-97.63818,18.21182],[-97.64397,18.27941],[-97.65471,18.29309],[-97.6997,18.28823],[-97.71085,18.28534],[-97.72127,18.27605],[-97.74974,18.27576],[-97.78319,18.28628],[-97.79729,18.28317],[-97.81545,18.26204],[-97.82761,18.23693],[-97.82295,18.2234],[-97.8441,18.21615],[-97.85922,18.19229],[-97.8499,18.1895],[-97.85051,18.18305],[-97.83945,18.17123],[-97.84789,18.17248],[-97.85362,18.16792],[-97.85734,18.15558],[-97.86748,18.14457],[-97.86721,18.11489],[-97.84945,18.08374],[-97.81066,18.06771],[-97.83477,18.0498],[-97.84273,18.01893],[-97.8426,17.99608],[-97.82626,17.97267],[-97.81656,17.99347],[-97.79091,18.00416],[-97.78905,18.01117],[-97.79675,18.01621],[-97.79854,18.0358],[-97.77166,18.06836],[-97.76435,18.06863],[-97.74909,18.06064],[-97.72992,18.03732],[-97.69777,18.01881],[-97.69973,18.00163],[-97.71874,18.00382],[-97.72853,18.01222],[-97.75352,18.00471],[-97.76637,18.00591],[-97.76962,17.9976],[-97.76492,17.99082],[-97.76793,17.97665],[-97.77398,17.977],[-97.77265,17.97058],[-97.78955,17.96179],[-97.80337,17.96046],[-97.80346,17.95377],[-97.81275,17.94645],[-97.81121,17.93812],[-97.81928,17.91474],[-97.83083,17.9137],[-97.83235,17.90853],[-97.8791,17.91791],[-97.9031,17.90915],[-97.92075,17.91734],[-97.93629,17.91718],[-97.93799,17.94067],[-97.94428,17.94806],[-97.94884,17.94815],[-97.93971,17.96034],[-97.93495,17.96102],[-97.93737,17.9679],[-97.95171,17.96657],[-97.96756,17.9707],[-97.97937,17.96444],[-97.98646,17.9786],[-97.99958,17.97552],[-98.02543,17.98561],[-98.02978,17.99183],[-98.04671,17.9762],[-98.04756,17.98106],[-98.06411,17.98557],[-98.0752,17.98062],[-98.09499,17.98527],[-98.11302,17.97842],[-98.13039,17.98808],[-98.12991,17.97797],[-98.15034,17.97084],[-98.1696,17.95283],[-98.17356,17.94193],[-98.16898,17.93494],[-98.17289,17.93234],[-98.17252,17.92537],[-98.1651,17.91779],[-98.17082,17.91407],[-98.16757,17.90987],[-98.1709,17.90206],[-98.17792,17.89705],[-98.20275,17.8924],[-98.20974,17.87976],[-98.24653,17.87844],[-98.24754,17.88323],[-98.25477,17.88362],[-98.25848,17.90329],[-98.27019,17.9156],[-98.26124,17.92233],[-98.26222,17.92687],[-98.27332,17.92236],[-98.2823,17.93515],[-98.29195,17.91971],[-98.2904,17.91465],[-98.30082,17.90786],[-98.30207,17.89311],[-98.32016,17.88787],[-98.32882,17.87892],[-98.34907,17.89317],[-98.36285,17.88163],[-98.3826,17.88367],[-98.38973,17.8771],[-98.38927,17.86989],[-98.39808,17.86549],[-98.39875,17.86091],[-98.42076,17.86369],[-98.42497,17.86603],[-98.42422,17.89224],[-98.43356,17.88894],[-98.43551,17.89141],[-98.43236,17.90133],[-98.43443,17.90837],[-98.43922,17.91899],[-98.44499,17.92229],[-98.43246,17.9261],[-98.42416,17.93824],[-98.42297,17.94933],[-98.43167,17.96278],[-98.43273,17.972],[-98.4319,17.97694],[-98.42509,17.97693],[-98.43275,17.9839],[-98.44018,17.98198],[-98.44813,17.99071],[-98.47146,17.99178],[-98.47638,17.98104],[-98.48679,17.9908],[-98.49449,17.98908],[-98.50048,17.99558],[-98.51451,17.99255],[-98.52672,17.99629],[-98.52559,17.98516],[-98.52962,17.97582],[-98.53605,17.97568],[-98.53843,17.9838],[-98.54377,17.97335],[-98.55394,17.97877],[-98.55538,17.97284],[-98.58552,17.97494],[-98.59518,17.96562],[-98.5932,17.96036],[-98.59632,17.95906],[-98.59775,17.96322],[-98.61048,17.95806],[-98.62205,17.94171],[-98.6235,17.94466],[-98.63297,17.94353],[-98.64032,17.93532],[-98.65053,17.93316],[-98.662,17.94321],[-98.67295,17.94327],[-98.6731,17.9503],[-98.68508,17.95589],[-98.68809,17.96194],[-98.70012,17.95448],[-98.70594,17.95561],[-98.70954,17.95953],[-98.70883,17.96754],[-98.71344,17.96663],[-98.71702,17.9736],[-98.73182,17.98255],[-98.74595,17.98606],[-98.74976,17.9835],[-98.75463,17.99073],[-98.76694,17.98926],[-98.80169,18.003],[-98.81493,18.00169],[-98.81587,18.00789],[-98.80125,18.02205],[-98.76709,18.01961],[-98.76425,18.02524],[-98.74414,18.03333],[-98.73509,18.04509],[-98.75913,18.04467],[-98.76418,18.05026],[-98.77262,18.04892],[-98.77901,18.05699],[-98.79706,18.06264],[-98.80033,18.05308],[-98.81129,18.05063],[-98.81299,18.06487],[-98.8698,18.05721],[-98.85236,18.1176],[-98.88187,18.16616],[-98.95721,18.18869],[-99.00006,18.1902],[-98.99405,18.21286],[-98.995,18.23739],[-98.98905,18.24935],[-98.9995,18.25038],[-99.00663,18.24408],[-99.01129,18.24749],[-99.01932,18.24541],[-99.02359,18.24918],[-99.0147,18.26326],[-99.0317,18.27231],[-99.05576,18.25017],[-99.0637,18.25148],[-99.06381,18.2625],[-99.05322,18.26415],[-99.05483,18.27135],[-99.06153,18.27146],[-99.06936,18.28323],[-99.06083,18.28196],[-99.05176,18.28981],[-99.06009,18.29666],[-99.05946,18.30471],[-99.06418,18.30807],[-99.06241,18.31953],[-99.06727,18.31902],[-99.07049,18.32684],[-99.05768,18.33846],[-99.05876,18.34885],[-99.04852,18.35124],[-99.04353,18.35945],[-99.03836,18.35878],[-99.03562,18.36548],[-99.03143,18.36494],[-99.0236,18.37245],[-99.01817,18.38778],[-99.00093,18.38825],[-98.99698,18.39396],[-98.98793,18.39706],[-98.9835,18.40542],[-98.98769,18.41185],[-98.98397,18.41375],[-98.98536,18.42115],[-98.97798,18.42399],[-98.97396,18.41714],[-98.95918,18.42033],[-98.95143,18.41763],[-98.9494,18.42261],[-98.93514,18.4229],[-98.91931,18.43196],[-98.92032,18.4423],[-98.91451,18.44355],[-98.91516,18.45782],[-98.9054,18.45974],[-98.91221,18.46212],[-98.87057,18.4792],[-98.8504,18.47803],[-98.8445,18.48323],[-98.84435,18.49026],[-98.83644,18.49457],[-98.84341,18.50588],[-98.8385,18.50691],[-98.84034,18.51277],[-98.82776,18.52388],[-98.8164,18.51818],[-98.81055,18.51931],[-98.81049,18.51203],[-98.8027,18.50532],[-98.80381,18.50243],[-98.79982,18.50276],[-98.79895,18.49809],[-98.78335,18.4878],[-98.78677,18.48462],[-98.76099,18.47544],[-98.75218,18.45392],[-98.74759,18.45143],[-98.73808,18.45574],[-98.73462,18.44397],[-98.72695,18.43953],[-98.70669,18.44511],[-98.71162,18.45216],[-98.70586,18.4559],[-98.71028,18.45742],[-98.71024,18.46301],[-98.70604,18.46393],[-98.71041,18.46806],[-98.70445,18.47183],[-98.70766,18.47874],[-98.70246,18.47992],[-98.69897,18.49498],[-98.7018,18.49698],[-98.70732,18.49285],[-98.7043,18.50408],[-98.70666,18.51137],[-98.70193,18.51218],[-98.70934,18.51357],[-98.71335,18.52056],[-98.70698,18.52446],[-98.70274,18.53878],[-98.70688,18.54377],[-98.70528,18.55178],[-98.71667,18.56592],[-98.71181,18.56999],[-98.7158,18.56848],[-98.71676,18.57311],[-98.71171,18.57368],[-98.71256,18.58795],[-98.71983,18.60071],[-98.71926,18.60498],[-98.71354,18.60631],[-98.71142,18.61645],[-98.71689,18.62575],[-98.71779,18.63833],[-98.72086,18.6389],[-98.71989,18.65595],[-98.73271,18.67377],[-98.74187,18.70217],[-98.7413,18.70786],[-98.72398,18.71906],[-98.7159,18.73919],[-98.72893,18.74523],[-98.73866,18.73716],[-98.75349,18.74297],[-98.73385,18.77808],[-98.72794,18.80551],[-98.72155,18.81339],[-98.71627,18.81093],[-98.70714,18.8218],[-98.7027,18.83945],[-98.69506,18.84507],[-98.6949,18.85122],[-98.68407,18.86296],[-98.6792,18.87607],[-98.68197,18.87596],[-98.67209,18.87945],[-98.67252,18.88418],[-98.66485,18.88766],[-98.66728,18.88937],[-98.66131,18.89781],[-98.66592,18.90604],[-98.67291,18.90944],[-98.68141,18.90716],[-98.68795,18.89846],[-98.70031,18.89379],[-98.70218,18.88191],[-98.69775,18.87695],[-98.71346,18.86724],[-98.71379,18.87682],[-98.70567,18.89079],[-98.70734,18.90285],[-98.67808,18.92371],[-98.6739,18.95105],[-98.66331,18.96251],[-98.6496,18.99957],[-98.62927,19.01708],[-98.61987,19.03506],[-98.62978,19.0436],[-98.62696,19.04983],[-98.6311,19.05964],[-98.62346,19.06638],[-98.63022,19.06779],[-98.63929,19.07744],[-98.62588,19.08937],[-98.63255,19.1006],[-98.62548,19.11957],[-98.62696,19.12476],[-98.64065,19.12545],[-98.63891,19.1506],[-98.63533,19.14703],[-98.64701,19.18483],[-98.64356,19.23873],[-98.62752,19.25776],[-98.66347,19.32479],[-98.66058,19.35173],[-98.65494,19.3493],[-98.64447,19.352],[-98.6443,19.35823],[-98.63807,19.35891],[-98.64039,19.36471],[-98.65004,19.36441],[-98.65405,19.3694],[-98.65812,19.38271],[-98.65713,19.39708],[-98.66284,19.403],[-98.65634,19.42209],[-98.66017,19.43209],[-98.64875,19.43159],[-98.6502,19.43464],[-98.64122,19.42706],[-98.63893,19.4301],[-98.63738,19.42599],[-98.63469,19.42955],[-98.66143,19.45809],[-98.65322,19.46598],[-98.64053,19.4633],[-98.63411,19.46785],[-98.6294,19.45702],[-98.59127,19.44921],[-98.57027,19.46677],[-98.54375,19.46039],[-98.52318,19.46087],[-98.51627,19.43917],[-98.49051,19.40407],[-98.48679,19.38904],[-98.47027,19.36083],[-98.45305,19.3448],[-98.44127,19.32525],[-98.42835,19.32758],[-98.4207,19.31994],[-98.40771,19.31593],[-98.41008,19.29134],[-98.40176,19.28788],[-98.40132,19.2824],[-98.3804,19.26171],[-98.37726,19.24746],[-98.36454,19.23312],[-98.36891,19.22612],[-98.35441,19.22086],[-98.34415,19.2053],[-98.33493,19.20447],[-98.33067,19.20015],[-98.3427,19.17794],[-98.32392,19.16866],[-98.31217,19.1904],[-98.30715,19.1892],[-98.2697,19.16239],[-98.23023,19.15673],[-98.22303,19.13663],[-98.20803,19.1327],[-98.1907,19.13998],[-98.18818,19.13551],[-98.19714,19.12749],[-98.19163,19.12193],[-98.20434,19.11493],[-98.18485,19.11551],[-98.16617,19.10507],[-98.14952,19.12088],[-98.14475,19.12127],[-98.14969,19.11386],[-98.11015,19.14321],[-98.10031,19.16336],[-98.07756,19.17686],[-98.05932,19.20122],[-98.04152,19.21023],[-98.03461,19.21877],[-98.03168,19.23094],[-98.00572,19.20885],[-97.99862,19.19832],[-97.96671,19.18747],[-97.9282,19.16421],[-97.91137,19.17961],[-97.9046,19.17758],[-97.88983,19.18695],[-97.8942,19.19115],[-97.89321,19.2003],[-97.86212,19.21384],[-97.85098,19.22293],[-97.86038,19.24407],[-97.87049,19.24006],[-97.86513,19.25395],[-97.85404,19.25733],[-97.87028,19.27058],[-97.85971,19.2872],[-97.83842,19.28726],[-97.83926,19.30137],[-97.82085,19.30473],[-97.80046,19.30158],[-97.78541,19.28893],[-97.77138,19.28375],[-97.76508,19.28686],[-97.75705,19.29977],[-97.74508,19.30526],[-97.73702,19.29669],[-97.73833,19.2871],[-97.71964,19.30475],[-97.71574,19.29785],[-97.70124,19.29569],[-97.69093,19.28589],[-97.6776,19.29267],[-97.66951,19.29213],[-97.65804,19.31066],[-97.64608,19.30641],[-97.63894,19.31905],[-97.63311,19.31616],[-97.63285,19.32028],[-97.62635,19.32393],[-97.627,19.33366],[-97.6387,19.33826],[-97.63144,19.35539],[-97.64028,19.36075],[-97.65362,19.3538],[-97.65797,19.36367],[-97.67385,19.36747],[-97.68129,19.3883],[-97.6938,19.38916],[-97.69817,19.39561],[-97.70545,19.39364],[-97.70659,19.40314],[-97.72113,19.41857],[-97.72452,19.43163],[-97.7341,19.43498],[-97.74174,19.43222],[-97.74727,19.43633],[-97.74469,19.44504],[-97.74785,19.45122],[-97.75665,19.4525],[-97.75479,19.45754],[-97.7707,19.45661],[-97.77804,19.47287],[-97.79685,19.47244],[-97.79453,19.49837],[-97.81474,19.48252],[-97.8461,19.46883],[-97.85942,19.45434],[-97.86226,19.45617],[-97.84735,19.474],[-97.84873,19.48278],[-97.87398,19.50292],[-97.88148,19.4998],[-97.88974,19.50458],[-97.88751,19.51763],[-97.87167,19.53215],[-97.86818,19.55334],[-97.87181,19.56176],[-97.88153,19.57172],[-97.90792,19.57935],[-97.91614,19.59401],[-97.9249,19.58853],[-97.9467,19.58563],[-97.95016,19.58964],[-97.95053,19.60284],[-97.95808,19.60307],[-97.96294,19.61283],[-97.98067,19.62854],[-98.0422,19.64022],[-98.03788,19.64847],[-98.03643,19.68584],[-98.04006,19.69959],[-98.05291,19.71314],[-98.05317,19.7206],[-98.0608,19.72891],[-98.06692,19.72519],[-98.06461,19.70865],[-98.07428,19.70069],[-98.0828,19.70075],[-98.09269,19.68329],[-98.09091,19.67762],[-98.101,19.66805],[-98.10651,19.68178],[-98.11773,19.68826],[-98.14372,19.68365],[-98.16556,19.66747],[-98.17016,19.67313],[-98.1813,19.6737],[-98.18736,19.67973],[-98.18981,19.67101],[-98.20957,19.67717],[-98.22802,19.67445],[-98.22807,19.68042],[-98.24106,19.67583],[-98.2524,19.69312],[-98.25531,19.71883],[-98.23626,19.72333],[-98.2151,19.74131],[-98.20933,19.73835],[-98.19569,19.74162],[-98.19866,19.75823],[-98.19437,19.76537],[-98.21071,19.77426],[-98.22142,19.77357],[-98.21615,19.77841],[-98.22563,19.77978],[-98.22983,19.77448],[-98.23481,19.77704],[-98.24469,19.79192],[-98.25102,19.79506],[-98.25085,19.81275],[-98.25488,19.81918],[-98.26457,19.823],[-98.26922,19.84494],[-98.28674,19.84909],[-98.30528,19.84587],[-98.30174,19.84737],[-98.315,19.85511],[-98.30447,19.87011],[-98.29107,19.87581],[-98.29252,19.87927],[-98.28791,19.88499],[-98.29093,19.88887],[-98.28664,19.88725],[-98.26934,19.89571],[-98.26603,19.90159],[-98.26781,19.91611],[-98.24807,19.91753],[-98.2453,19.924],[-98.25517,19.92547],[-98.25626,19.9293],[-98.25172,19.92949],[-98.25103,19.93485],[-98.24219,19.94115],[-98.25384,19.94607],[-98.2516,19.94815],[-98.22207,19.94693],[-98.22674,19.95622],[-98.21593,19.96852],[-98.20113,19.96447],[-98.19782,19.95979],[-98.18069,19.95975],[-98.16042,19.97813],[-98.17426,19.99774],[-98.16395,20.02245],[-98.17499,20.0296],[-98.17352,20.03447],[-98.1809,20.04698],[-98.16814,20.05723],[-98.16554,20.07403],[-98.15718,20.08486],[-98.1597,20.09257],[-98.12827,20.1072],[-98.1246,20.12407],[-98.10846,20.1208],[-98.10155,20.12973],[-98.10314,20.13715],[-98.09787,20.14539],[-98.10507,20.14228],[-98.13958,20.15014],[-98.1398,20.15479],[-98.1326,20.15503],[-98.13355,20.15947],[-98.12972,20.16148],[-98.13315,20.1662],[-98.12795,20.18594],[-98.13889,20.19983],[-98.14383,20.1995],[-98.15391,20.20858],[-98.15505,20.21743],[-98.147,20.22061],[-98.14772,20.22638],[-98.17592,20.25423],[-98.18487,20.25919],[-98.19239,20.25821],[-98.20936,20.24394],[-98.20829,20.23936],[-98.21296,20.23429],[-98.21676,20.23812],[-98.22913,20.23661],[-98.23476,20.23176],[-98.23559,20.22381],[-98.2438,20.21794],[-98.27054,20.2158],[-98.27892,20.22527],[-98.28444,20.26279],[-98.26603,20.27361],[-98.26042,20.28552],[-98.25619,20.28629],[-98.25756,20.29813],[-98.25402,20.30134],[-98.23647,20.30434],[-98.2305,20.29528],[-98.21594,20.29145],[-98.20649,20.29624],[-98.19448,20.29083],[-98.18994,20.29441],[-98.17907,20.29381],[-98.17786,20.32046],[-98.1813,20.33654],[-98.16325,20.32785],[-98.15761,20.33245],[-98.1466,20.33025],[-98.14264,20.33197],[-98.14501,20.33478],[-98.13915,20.3327],[-98.12683,20.33623],[-98.12618,20.34629],[-98.1125,20.35429],[-98.11564,20.3631],[-98.10673,20.36812],[-98.10838,20.37396],[-98.10187,20.37521],[-98.10149,20.38087],[-98.08937,20.38907],[-98.08837,20.3964],[-98.07731,20.40312],[-98.07904,20.40892],[-98.07189,20.41639],[-98.07659,20.42081],[-98.07048,20.43027],[-98.05199,20.44188],[-98.04455,20.43663],[-98.03384,20.44769],[-98.02194,20.44889],[-98.01138,20.45577],[-98.01497,20.45918],[-98.01155,20.46123],[-98.01406,20.46621],[-98.00834,20.47474],[-98.00886,20.48254],[-97.99984,20.48254],[-97.99901,20.48711],[-97.99366,20.48491],[-97.98878,20.49538],[-97.99742,20.50609],[-97.98933,20.51545],[-97.97933,20.51493],[-97.97262,20.5232],[-97.98152,20.52568],[-97.98081,20.54071],[-97.93741,20.56917],[-97.92779,20.57149],[-97.91477,20.58649],[-97.90968,20.58637],[-97.91087,20.59353],[-97.90569,20.60127],[-97.90875,20.60813],[-97.89496,20.6239],[-97.90158,20.64073],[-97.91184,20.65351],[-97.90876,20.66716],[-97.91782,20.67393],[-97.91372,20.68916],[-97.90626,20.69071],[-97.89742,20.70321],[-97.92244,20.71652],[-97.90366,20.775],[-97.87911,20.83427],[-97.85286,20.83287],[-97.84217,20.83988]]]]}},{"type":"Feature","properties":{"T00_CVEGEO":"22","T00_NOMGEO":"Querétaro","NAME":"Querétaro"},"geometry":{"type":"MultiPolygon","coordinates":[[[[-99.1881,21.66991],[-99.16888,21.63098],[-99.17189,21.62703],[-99.13872,21.60375],[-99.12829,21.58981],[-99.14227,21.53544],[-99.12976,21.5017],[-99.12602,21.46054],[-99.10515,21.42048],[-99.10591,21.41156],[-99.09812,21.40841],[-99.09283,21.3817],[-99.09788,21.37764],[-99.09261,21.36336],[-99.12945,21.36204],[-99.13782,21.32979],[-99.10294,21.32119],[-99.10283,21.31788],[-99.12755,21.31833],[-99.12104,21.30967],[-99.10578,21.30204],[-99.10434,21.28959],[-99.08298,21.29634],[-99.06142,21.27947],[-99.05791,21.28469],[-99.05324,21.28163],[-99.05117,21.25343],[-99.05679,21.24697],[-99.06993,21.24305],[-99.07372,21.23577],[-99.06835,21.22392],[-99.05194,21.21845],[-99.04307,21.17867],[-99.04793,21.17792],[-99.05452,21.15977],[-99.06132,21.1542],[-99.07224,21.15702],[-99.05968,21.16827],[-99.0633,21.1749],[-99.07647,21.17346],[-99.07776,21.17074],[-99.07117,21.16602],[-99.09062,21.15309],[-99.11039,21.15661],[-99.11199,21.14834],[-99.12679,21.1467],[-99.13256,21.15303],[-99.14424,21.14514],[-99.15051,21.14775],[-99.16346,21.13986],[-99.17621,21.13784],[-99.18459,21.12226],[-99.20622,21.11869],[-99.21409,21.10677],[-99.23055,21.10755],[-99.23421,21.1128],[-99.24767,21.10126],[-99.27128,21.11307],[-99.27226,21.1216],[-99.28263,21.12244],[-99.28324,21.1318],[-99.28686,21.13097],[-99.29583,21.14176],[-99.30266,21.13942],[-99.3092,21.1473],[-99.34182,21.12366],[-99.34115,21.11011],[-99.34635,21.10087],[-99.35325,21.10291],[-99.35876,21.09966],[-99.36099,21.10478],[-99.37691,21.09822],[-99.38847,21.10411],[-99.39736,21.102],[-99.39866,21.089],[-99.39433,21.07937],[-99.38881,21.07926],[-99.38767,21.06782],[-99.37581,21.07336],[-99.36743,21.06948],[-99.36822,21.06183],[-99.37358,21.06214],[-99.37707,21.05661],[-99.36416,21.04915],[-99.36324,21.04173],[-99.36749,21.03749],[-99.36835,21.02476],[-99.38457,21.01809],[-99.38404,21.00741],[-99.38995,21.00414],[-99.39365,20.99035],[-99.39126,20.98667],[-99.39632,20.98108],[-99.38827,20.9662],[-99.39274,20.95827],[-99.39062,20.95227],[-99.40723,20.9371],[-99.4023,20.93419],[-99.40303,20.93019],[-99.41558,20.9249],[-99.41255,20.90543],[-99.43522,20.89939],[-99.435,20.89074],[-99.442,20.88129],[-99.44067,20.87178],[-99.44857,20.85853],[-99.44606,20.85303],[-99.45442,20.85797],[-99.45653,20.84902],[-99.46547,20.8492],[-99.48872,20.83293],[-99.48528,20.81782],[-99.49972,20.80427],[-99.4887,20.79936],[-99.49725,20.79094],[-99.50376,20.79483],[-99.50218,20.78719],[-99.4963,20.78235],[-99.50644,20.77171],[-99.50381,20.76578],[-99.50973,20.76572],[-99.52173,20.75447],[-99.52552,20.75622],[-99.54277,20.74621],[-99.54846,20.73719],[-99.54366,20.71841],[-99.53427,20.70597],[-99.52271,20.70165],[-99.50553,20.6847],[-99.50493,20.68082],[-99.51103,20.67838],[-99.50384,20.67184],[-99.50063,20.67304],[-99.50429,20.66869],[-99.50191,20.65896],[-99.52703,20.65662],[-99.53595,20.6506],[-99.5388,20.64367],[-99.56534,20.64039],[-99.57864,20.62849],[-99.57894,20.61883],[-99.5897,20.6204],[-99.59378,20.61604],[-99.59273,20.61083],[-99.60741,20.6064],[-99.61291,20.59496],[-99.6195,20.5914],[-99.62417,20.59397],[-99.62421,20.60062],[-99.63458,20.60565],[-99.65786,20.6018],[-99.6633,20.59408],[-99.68025,20.58886],[-99.67873,20.58532],[-99.68439,20.57915],[-99.69493,20.58102],[-99.69641,20.57444],[-99.71194,20.58126],[-99.71445,20.57691],[-99.72824,20.5751],[-99.73868,20.56052],[-99.75342,20.56303],[-99.76965,20.55754],[-99.77932,20.5593],[-99.80462,20.54476],[-99.82127,20.54061],[-99.82806,20.543],[-99.8591,20.26847],[-99.8774,20.27139],[-99.91138,20.28559],[-99.91949,20.28166],[-99.92954,20.26845],[-99.92846,20.25022],[-99.93408,20.24977],[-99.92839,20.23268],[-99.92237,20.23114],[-99.91846,20.21178],[-99.95093,20.2159],[-99.95273,20.24043],[-99.95815,20.25176],[-99.97419,20.2628],[-99.97702,20.27237],[-99.98493,20.2648],[-99.98646,20.25706],[-99.98087,20.25307],[-99.98115,20.24394],[-99.97329,20.23685],[-99.97569,20.23233],[-99.96988,20.21844],[-99.9645,20.21629],[-99.96522,20.20115],[-99.96066,20.20168],[-99.94633,20.18924],[-99.94706,20.1845],[-99.93713,20.18173],[-99.94118,20.17901],[-99.93234,20.17401],[-99.9352,20.16525],[-99.92189,20.15874],[-99.92717,20.15714],[-99.92974,20.1617],[-99.9362,20.16252],[-99.93757,20.15297],[-99.93075,20.14313],[-99.93917,20.13529],[-99.9422,20.1201],[-99.93718,20.11333],[-99.93604,20.09906],[-99.92376,20.08413],[-99.92633,20.06433],[-99.98018,20.05914],[-99.97846,20.07404],[-100.00034,20.07748],[-100.00563,20.0642],[-100.02761,20.05657],[-100.04379,20.03656],[-100.06172,20.03879],[-100.06619,20.03623],[-100.06562,20.03136],[-100.08133,20.02885],[-100.08881,20.01502],[-100.09134,20.02426],[-100.10549,20.02674],[-100.11132,20.03397],[-100.11847,20.03382],[-100.12024,20.03891],[-100.13269,20.04057],[-100.14682,20.05747],[-100.16219,20.06254],[-100.15725,20.0711],[-100.16445,20.07834],[-100.16683,20.07483],[-100.1717,20.07822],[-100.17673,20.07091],[-100.18308,20.07385],[-100.17982,20.083],[-100.19321,20.07483],[-100.20293,20.07665],[-100.19738,20.12989],[-100.2356,20.14346],[-100.21331,20.15683],[-100.20332,20.17178],[-100.19186,20.176],[-100.1884,20.19422],[-100.18419,20.18942],[-100.18114,20.2088],[-100.20714,20.22942],[-100.24512,20.25036],[-100.26045,20.26751],[-100.34583,20.298],[-100.35065,20.28841],[-100.36945,20.30251],[-100.38128,20.30305],[-100.39201,20.31432],[-100.39401,20.35023],[-100.40999,20.376],[-100.4435,20.38704],[-100.47617,20.38961],[-100.47826,20.41628],[-100.48949,20.43139],[-100.48838,20.47331],[-100.49237,20.49041],[-100.49766,20.49137],[-100.5003,20.50022],[-100.49735,20.50483],[-100.50975,20.50652],[-100.5011,20.51259],[-100.50315,20.51966],[-100.50774,20.51852],[-100.50851,20.52621],[-100.50476,20.55503],[-100.485,20.5538],[-100.48208,20.57151],[-100.49617,20.61619],[-100.52148,20.62486],[-100.52953,20.63866],[-100.55112,20.63376],[-100.56192,20.67142],[-100.57395,20.67206],[-100.5836,20.67842],[-100.58128,20.69293],[-100.59653,20.71726],[-100.58441,20.72893],[-100.54891,20.73638],[-100.54811,20.74956],[-100.55946,20.76259],[-100.56407,20.77469],[-100.55832,20.80457],[-100.57336,20.80367],[-100.57781,20.80844],[-100.57758,20.81667],[-100.56628,20.82081],[-100.55932,20.82991],[-100.50204,20.85292],[-100.50902,20.8707],[-100.48499,20.90078],[-100.48536,20.9088],[-100.46995,20.90704],[-100.47222,20.92844],[-100.45317,20.9232],[-100.45395,20.90018],[-100.41339,20.88743],[-100.39441,20.89216],[-100.33358,20.89073],[-100.29839,20.91529],[-100.30537,20.92382],[-100.2992,20.93132],[-100.26554,20.92924],[-100.26179,20.95337],[-100.27205,20.96303],[-100.26362,20.971],[-100.23932,20.96079],[-100.20088,20.93701],[-100.18152,20.9304],[-100.17836,20.93866],[-100.1353,20.93726],[-100.11782,20.92215],[-100.09273,20.93168],[-100.06416,20.93629],[-100.06689,20.9422],[-100.08073,20.94985],[-100.06879,20.95791],[-100.06981,20.96478],[-100.07804,20.97265],[-100.06985,20.98349],[-100.07375,20.99176],[-100.06074,21.00581],[-100.06894,21.02281],[-100.06122,21.02852],[-100.05447,21.02778],[-100.02256,21.01462],[-100.01106,21.0285],[-100.01086,21.04305],[-100.00665,21.04639],[-100.01976,21.05513],[-100.02641,21.07356],[-100.02187,21.10008],[-100.02754,21.10025],[-100.0071,21.15668],[-100.00298,21.15742],[-100.0059,21.1611],[-100.0041,21.17366],[-99.99641,21.18259],[-100.00121,21.18852],[-100.01108,21.18946],[-99.98636,21.21831],[-99.94786,21.21237],[-99.95471,21.20567],[-99.94535,21.20988],[-99.94264,21.19441],[-99.89934,21.18389],[-99.88824,21.16959],[-99.87164,21.16971],[-99.83125,21.15732],[-99.77696,21.19594],[-99.77583,21.20728],[-99.7581,21.2164],[-99.73848,21.23581],[-99.68785,21.22578],[-99.6987,21.24075],[-99.69907,21.2667],[-99.678,21.28881],[-99.67129,21.30119],[-99.70756,21.31454],[-99.73725,21.31288],[-99.73415,21.30144],[-99.75789,21.29214],[-99.784,21.32015],[-99.78778,21.32962],[-99.78487,21.32787],[-99.77756,21.34323],[-99.79212,21.3439],[-99.79451,21.3574],[-99.77549,21.37497],[-99.78025,21.38935],[-99.77206,21.40638],[-99.78035,21.41422],[-99.77592,21.42703],[-99.78058,21.43481],[-99.77616,21.44252],[-99.77815,21.44651],[-99.7743,21.45628],[-99.77702,21.46001],[-99.77177,21.46631],[-99.77726,21.47022],[-99.77284,21.4859],[-99.77734,21.49595],[-99.77098,21.50684],[-99.75668,21.51416],[-99.755,21.52078],[-99.74928,21.52317],[-99.74862,21.52948],[-99.75259,21.53265],[-99.74673,21.53149],[-99.74644,21.53636],[-99.75093,21.53562],[-99.75275,21.5439],[-99.74674,21.57836],[-99.70553,21.57073],[-99.69472,21.5726],[-99.65953,21.56794],[-99.62579,21.5073],[-99.60988,21.49386],[-99.59198,21.48626],[-99.59028,21.47769],[-99.57318,21.46628],[-99.56435,21.45366],[-99.54934,21.44706],[-99.55659,21.43661],[-99.55192,21.42839],[-99.53711,21.43145],[-99.52225,21.42829],[-99.5056,21.41894],[-99.49751,21.41922],[-99.48836,21.42196],[-99.48391,21.43279],[-99.47076,21.43661],[-99.47356,21.4411],[-99.46981,21.44651],[-99.44734,21.44347],[-99.43627,21.44985],[-99.41551,21.42913],[-99.40591,21.42827],[-99.40245,21.44159],[-99.39689,21.44509],[-99.39855,21.46342],[-99.38887,21.46489],[-99.38237,21.48088],[-99.3867,21.50037],[-99.37885,21.50046],[-99.37197,21.5071],[-99.3701,21.52214],[-99.37865,21.52963],[-99.3759,21.54793],[-99.36368,21.55329],[-99.34985,21.55235],[-99.32728,21.53517],[-99.30548,21.53291],[-99.28929,21.55036],[-99.29069,21.55801],[-99.27931,21.56014],[-99.27439,21.56532],[-99.28165,21.58495],[-99.28071,21.6079],[-99.27393,21.60621],[-99.24349,21.61505],[-99.24063,21.62379],[-99.22512,21.63328],[-99.22543,21.64026],[-99.21672,21.65336],[-99.21769,21.66664],[-99.19829,21.66501],[-99.1881,21.66991]]]]}},{"type":"Feature","properties":{"T00_CVEGEO":"23","T00_NOMGEO":"Quintana Roo","NAME":"Quintana Roo"},"geometry":{"type":"MultiPolygon","coordinates":[[[[-87.38974,18.37417],[-87.39463,18.38076],[-87.38855,18.37704],[-87.38974,18.37417]]],[[[-87.40161,18.38124],[-87.40256,18.37764],[-87.40839,18.38029],[-87.40878,18.39014],[-87.40161,18.38124]]],[[[-87.41155,18.39207],[-87.42133,18.39929],[-87.41748,18.39957],[-87.41155,18.39207]]],[[[-87.42612,18.40394],[-87.42697,18.40287],[-87.42824,18.40385],[-87.42915,18.4048],[-87.4298,18.40577],[-87.43031,18.40647],[-87.43081,18.40769],[-87.43113,18.40845],[-87.43062,18.40893],[-87.43006,18.40952],[-87.42937,18.40896],[-87.42879,18.40791],[-87.42829,18.40683],[-87.42775,18.4061],[-87.42691,18.40557],[-87.42603,18.40546],[-87.42564,18.40487],[-87.42612,18.40394]]],[[[-87.43799,18.41943],[-87.43891,18.4193],[-87.43916,18.4202],[-87.43842,18.42072],[-87.43816,18.42158],[-87.43804,18.42255],[-87.43756,18.42317],[-87.43646,18.42354],[-87.43598,18.42378],[-87.43521,18.4236],[-87.43452,18.42308],[-87.43395,18.42158],[-87.43414,18.42092],[-87.43502,18.42058],[-87.43583,18.42031],[-87.43685,18.42036],[-87.43715,18.4197],[-87.43799,18.41943]]],[[[-87.43924,18.42845],[-87.44529,18.46241],[-87.43918,18.45273],[-87.43924,18.42845]]],[[[-87.44456,18.47541],[-87.44704,18.48022],[-87.44058,18.51869],[-87.43715,18.51613],[-87.44063,18.50728],[-87.44069,18.47881],[-87.44456,18.47541]]],[[[-87.43654,18.55538],[-87.4392,18.56036],[-87.43673,18.56232],[-87.43654,18.55538]]],[[[-87.36191,18.38514],[-87.38333,18.37505],[-87.38431,18.38016],[-87.37246,18.38478],[-87.3644,18.39342],[-87.361,18.40636],[-87.33216,18.44377],[-87.3282,18.47633],[-87.33702,18.52301],[-87.32429,18.54929],[-87.31442,18.55545],[-87.31201,18.55051],[-87.33098,18.52643],[-87.32004,18.49263],[-87.32293,18.45656],[-87.32956,18.43893],[-87.35651,18.40035],[-87.36191,18.38514]]],[[[-87.43568,18.5829],[-87.43924,18.58747],[-87.43687,18.58974],[-87.43568,18.5829]]],[[[-87.43951,18.59843],[-87.44246,18.60092],[-87.44012,18.61328],[-87.4366,18.60947],[-87.43951,18.59843]]],[[[-87.30945,18.60357],[-87.30543,18.59757],[-87.31779,18.57781],[-87.32664,18.57215],[-87.34103,18.5735],[-87.32297,18.58506],[-87.32052,18.59881],[-87.30945,18.60357]]],[[[-87.43637,18.62365],[-87.43335,18.6383],[-87.42027,18.66],[-87.42834,18.63292],[-87.43637,18.62365]]],[[[-87.40782,18.67669],[-87.41061,18.67979],[-87.39473,18.71188],[-87.40253,18.68171],[-87.40782,18.67669]]],[[[-87.39099,18.72034],[-87.38952,18.72532],[-87.38767,18.72233],[-87.39099,18.72034]]],[[[-87.38594,18.73133],[-87.3869,18.73075],[-87.38763,18.73159],[-87.38751,18.73252],[-87.38706,18.73325],[-87.38647,18.73407],[-87.38573,18.73466],[-87.38562,18.73535],[-87.38543,18.73611],[-87.38517,18.73639],[-87.38397,18.73523],[-87.38404,18.73485],[-87.38428,18.73347],[-87.38399,18.73253],[-87.38454,18.73218],[-87.38532,18.73164],[-87.38594,18.73133]]],[[[-87.30498,18.74191],[-87.30494,18.7419],[-87.30485,18.7419],[-87.30479,18.7419],[-87.30469,18.74189],[-87.30457,18.74186],[-87.30445,18.74183],[-87.30435,18.74179],[-87.30425,18.74176],[-87.3041,18.74167],[-87.304,18.74159],[-87.30394,18.74151],[-87.30386,18.74143],[-87.30381,18.74137],[-87.30375,18.74127],[-87.30367,18.74115],[-87.30362,18.74107],[-87.30356,18.74103],[-87.30349,18.74095],[-87.30343,18.74085],[-87.30341,18.74076],[-87.30344,18.74069],[-87.30349,18.74064],[-87.30347,18.7406],[-87.30342,18.74058],[-87.30336,18.74056],[-87.30333,18.74053],[-87.30332,18.74046],[-87.30332,18.74039],[-87.30332,18.74033],[-87.30332,18.74025],[-87.30331,18.74018],[-87.30326,18.74006],[-87.30325,18.73997],[-87.30324,18.73988],[-87.30324,18.73978],[-87.30323,18.73968],[-87.30323,18.7396],[-87.30327,18.73952],[-87.30329,18.73943],[-87.30331,18.73935],[-87.30332,18.73924],[-87.3033,18.73915],[-87.30327,18.7391],[-87.30326,18.739],[-87.30328,18.73888],[-87.30334,18.7388],[-87.30336,18.73871],[-87.30338,18.73861],[-87.3034,18.7385],[-87.30345,18.73838],[-87.30353,18.7383],[-87.30363,18.73826],[-87.30373,18.73824],[-87.30386,18.73816],[-87.30395,18.7381],[-87.30405,18.73803],[-87.30419,18.73794],[-87.30423,18.73787],[-87.30422,18.73781],[-87.30426,18.73774],[-87.30438,18.73767],[-87.30455,18.73763],[-87.30459,18.73759],[-87.30467,18.73756],[-87.30474,18.7376],[-87.3048,18.7376],[-87.30485,18.73757],[-87.30496,18.73753],[-87.30512,18.73751],[-87.30528,18.73751],[-87.30544,18.73754],[-87.30559,18.73758],[-87.30573,18.73761],[-87.30589,18.73766],[-87.30601,18.73774],[-87.30612,18.73787],[-87.30623,18.73798],[-87.30633,18.73801],[-87.30639,18.73806],[-87.30638,18.73815],[-87.30638,18.73822],[-87.3065,18.73838],[-87.3066,18.73844],[-87.30666,18.7385],[-87.3067,18.73857],[-87.30669,18.73864],[-87.30667,18.73872],[-87.3067,18.73888],[-87.30676,18.73901],[-87.30681,18.73915],[-87.30682,18.73925],[-87.30678,18.73936],[-87.30679,18.73941],[-87.30685,18.73949],[-87.30688,18.73959],[-87.30689,18.73967],[-87.30688,18.73971],[-87.30686,18.73974],[-87.30681,18.73976],[-87.30674,18.73979],[-87.30666,18.73979],[-87.30662,18.73982],[-87.30665,18.73986],[-87.30671,18.73988],[-87.30672,18.73991],[-87.30671,18.73994],[-87.30662,18.73998],[-87.30657,18.74004],[-87.30656,18.74012],[-87.3066,18.74019],[-87.30659,18.74025],[-87.30658,18.7403],[-87.30653,18.74036],[-87.30652,18.7404],[-87.30655,18.74045],[-87.30654,18.74049],[-87.30651,18.74051],[-87.30643,18.74053],[-87.30641,18.74063],[-87.30636,18.74067],[-87.30628,18.74071],[-87.30623,18.74074],[-87.30621,18.74079],[-87.30624,18.74093],[-87.30627,18.74101],[-87.30626,18.74114],[-87.30623,18.74126],[-87.3062,18.74135],[-87.30614,18.74149],[-87.3061,18.74159],[-87.30608,18.74165],[-87.30594,18.74184],[-87.30583,18.7419],[-87.30577,18.74194],[-87.30569,18.74197],[-87.30559,18.74197],[-87.30554,18.74195],[-87.3055,18.74194],[-87.30545,18.74193],[-87.30541,18.74193],[-87.30533,18.74193],[-87.30524,18.74193],[-87.30518,18.74193],[-87.30513,18.74194],[-87.30506,18.74196],[-87.30501,18.74195],[-87.30498,18.74191]]],[[[-87.27382,18.73943],[-87.26685,18.73216],[-87.25214,18.69039],[-87.24535,18.68349],[-87.24739,18.64527],[-87.26453,18.61879],[-87.26757,18.62284],[-87.25709,18.64292],[-87.25272,18.6674],[-87.27862,18.73573],[-87.27382,18.73943]]],[[[-87.27971,18.74077],[-87.2802,18.74004],[-87.28048,18.74074],[-87.28088,18.74189],[-87.2812,18.74297],[-87.28071,18.74359],[-87.2802,18.74341],[-87.27991,18.74282],[-87.27963,18.74222],[-87.27937,18.7417],[-87.27971,18.74077]]],[[[-87.37785,18.73934],[-87.37996,18.74123],[-87.37237,18.75303],[-87.37785,18.73934]]],[[[-87.31575,18.74559],[-87.31663,18.74525],[-87.31725,18.74591],[-87.31801,18.74692],[-87.31822,18.74786],[-87.31781,18.74841],[-87.31712,18.74844],[-87.31617,18.74805],[-87.31573,18.74728],[-87.31522,18.74714],[-87.3152,18.74603],[-87.31575,18.74559]]],[[[-87.29913,18.75097],[-87.29904,18.75088],[-87.29896,18.75088],[-87.29891,18.75085],[-87.29889,18.75078],[-87.29886,18.75075],[-87.29878,18.75072],[-87.29872,18.75072],[-87.29865,18.75069],[-87.29863,18.75064],[-87.29862,18.7505],[-87.29857,18.75044],[-87.29852,18.7504],[-87.29851,18.75036],[-87.29853,18.75032],[-87.29858,18.75028],[-87.2986,18.75025],[-87.29858,18.75022],[-87.29852,18.75019],[-87.2985,18.75015],[-87.29849,18.7501],[-87.29847,18.75],[-87.29847,18.74998],[-87.29845,18.74995],[-87.29846,18.74991],[-87.29847,18.74989],[-87.29848,18.74985],[-87.29848,18.74981],[-87.29849,18.74975],[-87.29853,18.74968],[-87.29855,18.74965],[-87.29855,18.74962],[-87.29854,18.74956],[-87.29849,18.74946],[-87.29847,18.74942],[-87.29843,18.74937],[-87.29838,18.74932],[-87.29835,18.74928],[-87.29835,18.74925],[-87.29836,18.74922],[-87.29836,18.7492],[-87.29834,18.7492],[-87.29828,18.74919],[-87.29826,18.74916],[-87.29825,18.74914],[-87.29825,18.74911],[-87.2983,18.74909],[-87.29833,18.74908],[-87.29837,18.74906],[-87.29838,18.74904],[-87.29838,18.749],[-87.29837,18.74897],[-87.29834,18.74896],[-87.29831,18.74894],[-87.29829,18.7489],[-87.29828,18.74886],[-87.29826,18.74884],[-87.29824,18.74882],[-87.2982,18.7488],[-87.29818,18.74877],[-87.29818,18.74871],[-87.2982,18.74866],[-87.29821,18.74862],[-87.29823,18.74859],[-87.29827,18.74858],[-87.2983,18.74857],[-87.29832,18.74856],[-87.29834,18.74851],[-87.29836,18.74849],[-87.29836,18.74845],[-87.29835,18.74841],[-87.29833,18.74838],[-87.29832,18.74834],[-87.29832,18.74829],[-87.29833,18.74826],[-87.29839,18.74823],[-87.29843,18.74821],[-87.29845,18.7482],[-87.29846,18.74818],[-87.29847,18.74812],[-87.29848,18.7481],[-87.2985,18.74807],[-87.29853,18.74806],[-87.29858,18.74806],[-87.29861,18.74806],[-87.29864,18.74806],[-87.29867,18.74806],[-87.29871,18.74806],[-87.29873,18.74808],[-87.29875,18.7481],[-87.29876,18.74811],[-87.29879,18.7481],[-87.29882,18.74808],[-87.29889,18.74805],[-87.29892,18.74803],[-87.29901,18.74804],[-87.29907,18.74806],[-87.29911,18.74807],[-87.29917,18.74808],[-87.29921,18.74808],[-87.29928,18.74807],[-87.29931,18.74806],[-87.29933,18.74804],[-87.29934,18.74801],[-87.29936,18.74799],[-87.29938,18.74798],[-87.29941,18.74797],[-87.29943,18.74796],[-87.29949,18.74794],[-87.29956,18.74794],[-87.29962,18.74795],[-87.29965,18.74798],[-87.29969,18.74801],[-87.29971,18.74801],[-87.29974,18.748],[-87.29977,18.74799],[-87.2998,18.74798],[-87.29983,18.74795],[-87.29984,18.7479],[-87.29983,18.74786],[-87.29982,18.74782],[-87.29982,18.74779],[-87.29984,18.74777],[-87.29988,18.74778],[-87.29991,18.74781],[-87.29997,18.74783],[-87.30003,18.74783],[-87.30007,18.74784],[-87.30014,18.74782],[-87.30017,18.7478],[-87.30019,18.74777],[-87.30023,18.74773],[-87.30028,18.74772],[-87.30035,18.74772],[-87.30041,18.74773],[-87.30049,18.74775],[-87.30057,18.74783],[-87.3006,18.74786],[-87.30062,18.74789],[-87.30064,18.7479],[-87.30067,18.74792],[-87.30069,18.74793],[-87.30071,18.74794],[-87.30074,18.74795],[-87.30077,18.74796],[-87.30082,18.74797],[-87.30084,18.74796],[-87.30087,18.74795],[-87.30092,18.74797],[-87.30095,18.74799],[-87.30098,18.74799],[-87.301,18.74798],[-87.30102,18.74798],[-87.30107,18.74799],[-87.3011,18.74798],[-87.30111,18.74797],[-87.30113,18.74796],[-87.30116,18.74798],[-87.30119,18.74799],[-87.30122,18.74798],[-87.30124,18.74795],[-87.30124,18.74793],[-87.30126,18.74792],[-87.30129,18.74791],[-87.30132,18.74791],[-87.30136,18.74791],[-87.3014,18.7479],[-87.30143,18.74789],[-87.30145,18.74787],[-87.30147,18.74785],[-87.30151,18.74785],[-87.30154,18.74783],[-87.30154,18.74781],[-87.30155,18.74779],[-87.30159,18.74778],[-87.3016,18.74776],[-87.30162,18.74772],[-87.30164,18.7477],[-87.30166,18.74768],[-87.30167,18.74765],[-87.30169,18.74764],[-87.30172,18.74764],[-87.30172,18.74761],[-87.3017,18.7476],[-87.30168,18.74758],[-87.30167,18.74756],[-87.30169,18.74754],[-87.3017,18.74752],[-87.30171,18.7475],[-87.30172,18.74747],[-87.30174,18.74746],[-87.30174,18.74744],[-87.30174,18.74741],[-87.30173,18.74738],[-87.30171,18.74736],[-87.30167,18.74735],[-87.30165,18.74735],[-87.30161,18.74733],[-87.30161,18.74731],[-87.30161,18.74728],[-87.30158,18.74728],[-87.30158,18.74725],[-87.30157,18.74722],[-87.30155,18.7472],[-87.30153,18.74717],[-87.30153,18.74715],[-87.30153,18.74711],[-87.30152,18.74709],[-87.3015,18.74706],[-87.30149,18.74703],[-87.3015,18.74701],[-87.30153,18.74699],[-87.30153,18.74696],[-87.30153,18.74693],[-87.30153,18.7469],[-87.30151,18.74689],[-87.30152,18.74685],[-87.30154,18.74684],[-87.30156,18.74683],[-87.30157,18.74679],[-87.30157,18.74677],[-87.30155,18.74676],[-87.30154,18.74674],[-87.30152,18.74673],[-87.3015,18.74671],[-87.30147,18.74671],[-87.30145,18.7467],[-87.30144,18.74668],[-87.30143,18.74666],[-87.30141,18.74665],[-87.30138,18.74663],[-87.30137,18.74661],[-87.30135,18.74656],[-87.30133,18.74651],[-87.30133,18.74648],[-87.30135,18.74644],[-87.30137,18.74641],[-87.30138,18.74638],[-87.30139,18.74636],[-87.30141,18.74633],[-87.30146,18.74632],[-87.30148,18.7463],[-87.30147,18.74627],[-87.30143,18.74626],[-87.30139,18.74625],[-87.30135,18.74625],[-87.30133,18.74627],[-87.30128,18.74628],[-87.30124,18.74627],[-87.30121,18.74624],[-87.30118,18.7462],[-87.30117,18.74619],[-87.30115,18.74619],[-87.30115,18.74623],[-87.30115,18.74627],[-87.30113,18.74631],[-87.30111,18.74633],[-87.30107,18.74634],[-87.30102,18.74634],[-87.30099,18.74633],[-87.30098,18.74634],[-87.30095,18.74635],[-87.30092,18.74635],[-87.30087,18.74634],[-87.30081,18.74637],[-87.30078,18.74638],[-87.30076,18.74638],[-87.30073,18.74637],[-87.3007,18.74639],[-87.30067,18.74639],[-87.30063,18.74637],[-87.3006,18.74637],[-87.30057,18.74636],[-87.30056,18.74634],[-87.30055,18.74632],[-87.30052,18.7463],[-87.3005,18.74627],[-87.30049,18.74623],[-87.3005,18.74619],[-87.30052,18.74615],[-87.30055,18.74612],[-87.30055,18.74609],[-87.30053,18.74608],[-87.30052,18.74605],[-87.30053,18.74603],[-87.30053,18.74601],[-87.30052,18.74598],[-87.30056,18.74595],[-87.30059,18.74594],[-87.30062,18.74592],[-87.30062,18.7459],[-87.30062,18.74587],[-87.30061,18.7458],[-87.3006,18.74576],[-87.30061,18.7457],[-87.30065,18.74568],[-87.30069,18.74565],[-87.30074,18.74562],[-87.30078,18.74559],[-87.3008,18.74555],[-87.30081,18.74552],[-87.30084,18.7455],[-87.30089,18.74548],[-87.30093,18.74546],[-87.30098,18.74542],[-87.301,18.74541],[-87.30102,18.7454],[-87.30105,18.74539],[-87.30109,18.74537],[-87.30111,18.74535],[-87.30114,18.74532],[-87.30117,18.7453],[-87.30123,18.7453],[-87.30127,18.74529],[-87.30131,18.74527],[-87.30136,18.74526],[-87.30142,18.74526],[-87.30146,18.74525],[-87.30151,18.74523],[-87.30155,18.74521],[-87.30157,18.74519],[-87.3016,18.74517],[-87.30163,18.74516],[-87.30165,18.74516],[-87.30168,18.74515],[-87.3017,18.74514],[-87.30172,18.74513],[-87.30174,18.74513],[-87.30178,18.74513],[-87.3018,18.74513],[-87.30183,18.74513],[-87.30187,18.74511],[-87.30189,18.74509],[-87.30192,18.74509],[-87.30194,18.74509],[-87.30196,18.7451],[-87.30199,18.74509],[-87.302,18.74506],[-87.30203,18.74505],[-87.30208,18.74506],[-87.30212,18.74506],[-87.30215,18.74505],[-87.30215,18.74502],[-87.30218,18.74501],[-87.30221,18.74501],[-87.30223,18.74501],[-87.30225,18.74498],[-87.3023,18.74495],[-87.30232,18.74495],[-87.30239,18.74495],[-87.30246,18.74495],[-87.3025,18.74494],[-87.30254,18.74492],[-87.30259,18.74491],[-87.30266,18.7449],[-87.30275,18.7449],[-87.30281,18.7449],[-87.30285,18.74492],[-87.30287,18.74496],[-87.30291,18.74497],[-87.30295,18.74495],[-87.30297,18.74492],[-87.30297,18.74489],[-87.30301,18.74488],[-87.30304,18.74489],[-87.30309,18.74489],[-87.30309,18.74486],[-87.30309,18.74483],[-87.3031,18.74481],[-87.30315,18.74481],[-87.30317,18.74479],[-87.30321,18.74478],[-87.30327,18.74479],[-87.3033,18.74479],[-87.30334,18.74481],[-87.30337,18.74481],[-87.30339,18.7448],[-87.30343,18.7448],[-87.30347,18.74483],[-87.3035,18.74487],[-87.3035,18.74491],[-87.3035,18.74496],[-87.30351,18.74498],[-87.30352,18.745],[-87.30354,18.74502],[-87.30355,18.74504],[-87.30355,18.74507],[-87.30352,18.74509],[-87.30349,18.7451],[-87.30347,18.74511],[-87.30348,18.74513],[-87.30349,18.74517],[-87.30348,18.74521],[-87.30346,18.74524],[-87.30344,18.74525],[-87.30342,18.74527],[-87.30342,18.74528],[-87.30343,18.7453],[-87.30345,18.74531],[-87.30347,18.74532],[-87.30348,18.74533],[-87.3035,18.74534],[-87.30351,18.74538],[-87.30356,18.74546],[-87.30358,18.7455],[-87.30359,18.74554],[-87.3036,18.74557],[-87.30365,18.74558],[-87.30368,18.74561],[-87.3037,18.74564],[-87.30373,18.74569],[-87.30374,18.74576],[-87.30376,18.74577],[-87.30377,18.7458],[-87.30376,18.74582],[-87.30375,18.74585],[-87.30375,18.74589],[-87.30377,18.74592],[-87.30378,18.74595],[-87.30378,18.74597],[-87.3038,18.746],[-87.3038,18.74603],[-87.30379,18.74605],[-87.30378,18.74608],[-87.30377,18.74612],[-87.30379,18.74615],[-87.3038,18.74618],[-87.3038,18.7462],[-87.3038,18.74624],[-87.30379,18.74626],[-87.30379,18.7463],[-87.3038,18.74631],[-87.30381,18.74636],[-87.30381,18.7464],[-87.30381,18.74645],[-87.3038,18.74648],[-87.30379,18.7465],[-87.30378,18.74652],[-87.30377,18.74655],[-87.30377,18.74659],[-87.30376,18.74661],[-87.30374,18.74662],[-87.30373,18.74663],[-87.30373,18.74665],[-87.30374,18.74667],[-87.30375,18.74669],[-87.30375,18.7467],[-87.30374,18.74672],[-87.30373,18.74673],[-87.30372,18.74675],[-87.30372,18.74677],[-87.30372,18.7468],[-87.30371,18.74682],[-87.30371,18.74685],[-87.30372,18.74687],[-87.30374,18.7469],[-87.30376,18.74692],[-87.30377,18.74693],[-87.30377,18.74696],[-87.30376,18.74697],[-87.30376,18.74699],[-87.30378,18.74701],[-87.30379,18.74699],[-87.30381,18.74696],[-87.30381,18.74692],[-87.30382,18.74689],[-87.30383,18.74692],[-87.30383,18.74694],[-87.30385,18.74696],[-87.30387,18.74697],[-87.30389,18.74699],[-87.30389,18.74704],[-87.3039,18.74706],[-87.30389,18.74709],[-87.30389,18.74713],[-87.30389,18.74718],[-87.30387,18.74721],[-87.30385,18.74721],[-87.30383,18.7472],[-87.30379,18.74719],[-87.30377,18.7472],[-87.30378,18.74722],[-87.30379,18.74724],[-87.30381,18.74727],[-87.30381,18.74729],[-87.30381,18.74735],[-87.30382,18.74738],[-87.30379,18.7474],[-87.30376,18.74737],[-87.30373,18.74735],[-87.30371,18.74736],[-87.30367,18.74736],[-87.30363,18.74734],[-87.3036,18.74733],[-87.30359,18.74735],[-87.30361,18.7474],[-87.30364,18.74744],[-87.30367,18.74748],[-87.30367,18.74754],[-87.30364,18.74756],[-87.30358,18.74757],[-87.30354,18.74759],[-87.30352,18.74765],[-87.30352,18.74769],[-87.30352,18.74772],[-87.30356,18.74776],[-87.30359,18.74779],[-87.30362,18.74785],[-87.30364,18.74792],[-87.30366,18.74796],[-87.30364,18.748],[-87.3036,18.74802],[-87.30358,18.74801],[-87.30356,18.74802],[-87.30355,18.74805],[-87.30356,18.74808],[-87.30355,18.74812],[-87.30353,18.74816],[-87.3035,18.74822],[-87.30348,18.74828],[-87.30348,18.74834],[-87.30347,18.74837],[-87.30343,18.74841],[-87.30344,18.7485],[-87.30342,18.74858],[-87.3034,18.74861],[-87.30338,18.74863],[-87.30337,18.74865],[-87.30336,18.74868],[-87.30333,18.74873],[-87.3033,18.74877],[-87.3033,18.74882],[-87.30327,18.74886],[-87.30324,18.74888],[-87.30321,18.74889],[-87.30319,18.74893],[-87.30318,18.74898],[-87.30317,18.74903],[-87.30315,18.74907],[-87.30312,18.74908],[-87.30311,18.7491],[-87.30312,18.74912],[-87.30315,18.74912],[-87.30319,18.74912],[-87.30321,18.74914],[-87.30321,18.74917],[-87.30318,18.74918],[-87.30315,18.74918],[-87.30314,18.74919],[-87.30313,18.74921],[-87.30315,18.74927],[-87.30313,18.74936],[-87.30311,18.74943],[-87.30309,18.7495],[-87.30305,18.74958],[-87.30303,18.74964],[-87.30301,18.74971],[-87.30298,18.74976],[-87.30293,18.74983],[-87.30287,18.74993],[-87.30282,18.74997],[-87.3028,18.75],[-87.30274,18.7501],[-87.30268,18.75017],[-87.30262,18.75025],[-87.30253,18.75037],[-87.30243,18.75049],[-87.3023,18.75061],[-87.30217,18.75069],[-87.30208,18.75075],[-87.30198,18.75085],[-87.30188,18.75093],[-87.30175,18.751],[-87.30137,18.75121],[-87.30118,18.75129],[-87.30095,18.75138],[-87.30069,18.75143],[-87.30049,18.75146],[-87.30025,18.75147],[-87.30001,18.75147],[-87.29976,18.75144],[-87.29953,18.75138],[-87.2994,18.75131],[-87.29928,18.7512],[-87.29913,18.75097]]],[[[-87.31968,18.75318],[-87.32037,18.75318],[-87.32122,18.75354],[-87.32183,18.75399],[-87.32146,18.75472],[-87.3208,18.7552],[-87.32031,18.75592],[-87.31962,18.75526],[-87.31952,18.7546],[-87.31923,18.75401],[-87.31902,18.75335],[-87.31968,18.75318]]],[[[-87.28904,18.75174],[-87.28959,18.75153],[-87.29024,18.75185],[-87.29049,18.75276],[-87.29056,18.75345],[-87.29037,18.75411],[-87.28978,18.75452],[-87.28901,18.75437],[-87.28917,18.75365],[-87.28928,18.75313],[-87.28903,18.75233],[-87.28904,18.75174]]],[[[-87.32025,18.75897],[-87.32099,18.75863],[-87.32194,18.75892],[-87.32175,18.75971],[-87.3217,18.76069],[-87.32173,18.76155],[-87.32161,18.76249],[-87.3211,18.76241],[-87.32037,18.76217],[-87.3203,18.76161],[-87.32023,18.76074],[-87.32031,18.75988],[-87.32025,18.75897]]],[[[-87.32851,18.75398],[-87.33177,18.75855],[-87.32672,18.76496],[-87.32851,18.75398]]],[[[-87.35664,18.76556],[-87.35749,18.7649],[-87.35807,18.76546],[-87.35799,18.76612],[-87.35777,18.76681],[-87.35696,18.76753],[-87.35629,18.76867],[-87.35573,18.76954],[-87.35528,18.77012],[-87.35484,18.77033],[-87.35425,18.77049],[-87.35352,18.77],[-87.35342,18.769],[-87.35413,18.76758],[-87.35458,18.76668],[-87.35535,18.76672],[-87.35605,18.76645],[-87.35642,18.76618],[-87.35664,18.76556]]],[[[-87.36049,18.76992],[-87.36148,18.76983],[-87.36162,18.77055],[-87.3611,18.77197],[-87.36017,18.7728],[-87.35917,18.77372],[-87.3584,18.77407],[-87.3573,18.77402],[-87.35672,18.7735],[-87.35658,18.77287],[-87.35684,18.77253],[-87.35728,18.77215],[-87.35802,18.77132],[-87.35876,18.77088],[-87.35957,18.77019],[-87.36049,18.76992]]],[[[-87.31747,18.76665],[-87.31839,18.76645],[-87.31934,18.76663],[-87.31959,18.76712],[-87.31999,18.76802],[-87.32012,18.76927],[-87.32008,18.77017],[-87.31956,18.77027],[-87.31883,18.7703],[-87.3181,18.77012],[-87.31784,18.76949],[-87.31749,18.76831],[-87.31709,18.76796],[-87.31706,18.76716],[-87.31747,18.76665]]],[[[-87.34519,18.7793],[-87.34938,18.77867],[-87.33911,18.78611],[-87.34519,18.7793]]],[[[-87.64114,19.18799],[-87.64028,19.18454],[-87.64708,19.18639],[-87.64114,19.18799]]],[[[-87.62966,19.19278],[-87.63401,19.19306],[-87.62753,19.1967],[-87.62966,19.19278]]],[[[-87.62817,19.20272],[-87.62852,19.20255],[-87.63002,19.20269],[-87.63104,19.20271],[-87.6308,19.20369],[-87.63014,19.20433],[-87.62866,19.20446],[-87.62819,19.20412],[-87.62817,19.20272]]],[[[-87.65011,19.21543],[-87.61456,19.23602],[-87.63131,19.22149],[-87.65011,19.21543]]],[[[-87.60198,19.23574],[-87.60209,19.23557],[-87.60234,19.23562],[-87.60246,19.23573],[-87.60261,19.23577],[-87.60278,19.23579],[-87.60304,19.23583],[-87.6032,19.23581],[-87.60337,19.23579],[-87.60359,19.23576],[-87.60384,19.2357],[-87.60403,19.23568],[-87.6042,19.23564],[-87.60426,19.23555],[-87.60454,19.23545],[-87.60464,19.23533],[-87.60473,19.23519],[-87.60485,19.23502],[-87.60487,19.23492],[-87.60494,19.23476],[-87.60496,19.2346],[-87.60502,19.23446],[-87.60506,19.23434],[-87.60521,19.23419],[-87.60529,19.23413],[-87.6054,19.23411],[-87.60552,19.23413],[-87.60559,19.23417],[-87.60565,19.23427],[-87.60572,19.23441],[-87.6058,19.23451],[-87.60589,19.23467],[-87.60596,19.23485],[-87.60602,19.23505],[-87.60596,19.23526],[-87.60586,19.23538],[-87.60556,19.2355],[-87.60529,19.23559],[-87.60499,19.23563],[-87.60478,19.23567],[-87.60469,19.23569],[-87.60444,19.2358],[-87.60408,19.2359],[-87.60383,19.23594],[-87.60375,19.23598],[-87.60361,19.23604],[-87.60344,19.23609],[-87.60331,19.23622],[-87.6032,19.23637],[-87.60311,19.23648],[-87.60315,19.23664],[-87.60321,19.23671],[-87.60322,19.23692],[-87.60305,19.23688],[-87.60295,19.23677],[-87.60281,19.23658],[-87.60272,19.23654],[-87.60264,19.2365],[-87.60253,19.23644],[-87.60242,19.23636],[-87.60232,19.23628],[-87.60223,19.23614],[-87.60213,19.23609],[-87.60198,19.23599],[-87.60195,19.23584],[-87.60198,19.23574]]],[[[-87.46749,19.3339],[-87.46554,19.32655],[-87.47124,19.33483],[-87.46749,19.3339]]],[[[-87.51064,19.36609],[-87.48344,19.34447],[-87.47926,19.3354],[-87.49462,19.34676],[-87.49484,19.3507],[-87.50549,19.35097],[-87.50625,19.35854],[-87.51498,19.3573],[-87.51842,19.37081],[-87.51064,19.36609]]],[[[-87.57094,19.39819],[-87.56544,19.39726],[-87.56554,19.3937],[-87.57161,19.39434],[-87.57094,19.39819]]],[[[-87.55194,19.41282],[-87.54945,19.40838],[-87.5555,19.4107],[-87.55194,19.41282]]],[[[-87.65906,19.50447],[-87.66184,19.50469],[-87.65963,19.50786],[-87.65906,19.50447]]],[[[-87.66059,19.50989],[-87.66163,19.50929],[-87.66187,19.50981],[-87.66131,19.51034],[-87.66056,19.51061],[-87.66012,19.51095],[-87.65957,19.51163],[-87.65933,19.51245],[-87.65898,19.5137],[-87.65894,19.51472],[-87.65795,19.51558],[-87.6572,19.51555],[-87.65713,19.516],[-87.65744,19.51668],[-87.65728,19.51713],[-87.65649,19.51668],[-87.65641,19.51563],[-87.65656,19.51428],[-87.65719,19.51254],[-87.65782,19.51125],[-87.65877,19.51125],[-87.6594,19.51034],[-87.66059,19.50989]]],[[[-87.5759,19.56572],[-87.57696,19.56474],[-87.57741,19.56519],[-87.5769,19.56603],[-87.57612,19.56628],[-87.5759,19.56572]]],[[[-87.56714,19.57659],[-87.56744,19.57659],[-87.56751,19.57687],[-87.56749,19.57716],[-87.56719,19.57735],[-87.56689,19.5775],[-87.56633,19.57766],[-87.56616,19.57738],[-87.56634,19.57717],[-87.5665,19.57696],[-87.56684,19.57666],[-87.56714,19.57659]]],[[[-87.6593,19.5874],[-87.65964,19.58735],[-87.65998,19.58747],[-87.6601,19.58767],[-87.66005,19.58781],[-87.65992,19.58789],[-87.65974,19.58796],[-87.65944,19.58801],[-87.65926,19.5879],[-87.65909,19.58775],[-87.65912,19.58753],[-87.6593,19.5874]]],[[[-87.69993,19.59099],[-87.67545,19.5874],[-87.71304,19.58974],[-87.69993,19.59099]]],[[[-87.64781,19.58672],[-87.64812,19.58669],[-87.64852,19.58698],[-87.64842,19.58725],[-87.64818,19.58741],[-87.648,19.58753],[-87.64766,19.58761],[-87.64732,19.58761],[-87.64703,19.58741],[-87.64703,19.58713],[-87.64719,19.58685],[-87.64751,19.58676],[-87.64781,19.58672]]],[[[-87.56191,19.58013],[-87.5622,19.58005],[-87.56238,19.58008],[-87.56245,19.58024],[-87.56252,19.58027],[-87.56257,19.58044],[-87.56239,19.58053],[-87.56225,19.58066],[-87.56225,19.58077],[-87.56191,19.58096],[-87.56151,19.58115],[-87.56144,19.58087],[-87.56158,19.58059],[-87.5617,19.58033],[-87.56191,19.58013]]],[[[-87.63824,19.5874],[-87.63853,19.58739],[-87.63883,19.58747],[-87.63904,19.58775],[-87.63906,19.58798],[-87.63857,19.58817],[-87.63841,19.5882],[-87.63816,19.58848],[-87.63801,19.58858],[-87.63769,19.58888],[-87.63733,19.58912],[-87.6371,19.58925],[-87.63682,19.5893],[-87.6364,19.58934],[-87.63595,19.58891],[-87.63588,19.58862],[-87.63628,19.58795],[-87.63667,19.58789],[-87.63727,19.58772],[-87.63756,19.58756],[-87.6379,19.58744],[-87.63824,19.5874]]],[[[-87.55769,19.58328],[-87.55802,19.5831],[-87.5582,19.58315],[-87.55828,19.58323],[-87.55844,19.58332],[-87.55855,19.58348],[-87.55851,19.58359],[-87.5585,19.58366],[-87.55829,19.58368],[-87.55815,19.58373],[-87.55771,19.58356],[-87.55769,19.58328]]],[[[-87.49649,19.58995],[-87.49751,19.58984],[-87.49925,19.59127],[-87.49933,19.59261],[-87.49771,19.59258],[-87.49649,19.58995]]],[[[-87.49033,19.59763],[-87.49176,19.59492],[-87.4939,19.59514],[-87.49301,19.59724],[-87.492,19.59785],[-87.49081,19.59888],[-87.49033,19.59763]]],[[[-87.46211,19.59435],[-87.46315,19.59431],[-87.46387,19.59589],[-87.46465,19.5977],[-87.46351,19.59838],[-87.46232,19.59669],[-87.46255,19.5959],[-87.46211,19.59435]]],[[[-87.45541,19.59817],[-87.45457,19.59705],[-87.45469,19.59649],[-87.45556,19.5958],[-87.45659,19.59603],[-87.45826,19.59613],[-87.45869,19.59778],[-87.45744,19.59829],[-87.4566,19.59784],[-87.45541,19.59817]]],[[[-87.49238,19.60485],[-87.4832,19.60443],[-87.4789,19.59981],[-87.48462,19.59855],[-87.48391,19.60274],[-87.49416,19.60304],[-87.49238,19.60485]]],[[[-87.46293,19.60076],[-87.47258,19.60073],[-87.46484,19.60335],[-87.46293,19.60076]]],[[[-87.51902,19.61274],[-87.52342,19.60474],[-87.5234,19.6129],[-87.51902,19.61274]]],[[[-87.49228,19.61095],[-87.49394,19.60869],[-87.49429,19.60711],[-87.49513,19.607],[-87.49561,19.60778],[-87.49597,19.60891],[-87.49562,19.60993],[-87.49478,19.60982],[-87.49276,19.6113],[-87.49228,19.61095]]],[[[-87.46401,19.60674],[-87.46389,19.60515],[-87.46509,19.60595],[-87.4664,19.60696],[-87.46653,19.60888],[-87.46665,19.61091],[-87.46702,19.61277],[-87.46606,19.61328],[-87.46511,19.61328],[-87.46511,19.61137],[-87.46521,19.60821],[-87.46401,19.60674]]],[[[-87.69756,19.64307],[-87.69872,19.64228],[-87.69936,19.64264],[-87.69994,19.6438],[-87.70001,19.64501],[-87.69982,19.64562],[-87.69938,19.64623],[-87.69848,19.64624],[-87.69674,19.64545],[-87.69673,19.64448],[-87.69756,19.64307]]],[[[-87.51503,19.62893],[-87.52066,19.62318],[-87.51905,19.62857],[-87.51503,19.62893]]],[[[-87.67408,19.64121],[-87.67582,19.64103],[-87.67672,19.64139],[-87.67775,19.64144],[-87.6791,19.64162],[-87.68007,19.64198],[-87.68136,19.64338],[-87.68162,19.64423],[-87.68143,19.64569],[-87.68092,19.64642],[-87.68015,19.64697],[-87.67886,19.64667],[-87.67841,19.64607],[-87.67719,19.64595],[-87.67577,19.6451],[-87.6748,19.6445],[-87.67364,19.64377],[-87.67325,19.6431],[-87.67325,19.64219],[-87.67408,19.64121]]],[[[-87.70799,19.64997],[-87.70398,19.6463],[-87.71345,19.64878],[-87.70799,19.64997]]],[[[-87.45904,19.69435],[-87.45823,19.69084],[-87.46427,19.6947],[-87.45904,19.69435]]],[[[-87.46627,19.69854],[-87.46425,19.69376],[-87.46851,19.69533],[-87.46627,19.69854]]],[[[-87.47588,19.7046],[-87.4755,19.70444],[-87.47512,19.70451],[-87.47481,19.70435],[-87.47459,19.70426],[-87.47436,19.7042],[-87.47415,19.70421],[-87.47403,19.70424],[-87.47321,19.70429],[-87.47289,19.70426],[-87.47227,19.7043],[-87.47203,19.70428],[-87.47138,19.70407],[-87.47058,19.70352],[-87.47031,19.70326],[-87.46993,19.70317],[-87.46969,19.70267],[-87.46921,19.70227],[-87.46856,19.70165],[-87.46856,19.70091],[-87.46881,19.70075],[-87.4691,19.70085],[-87.46918,19.70113],[-87.46958,19.70103],[-87.46992,19.70123],[-87.47027,19.70127],[-87.47003,19.70106],[-87.46974,19.70075],[-87.46931,19.70071],[-87.46901,19.70037],[-87.46846,19.7004],[-87.46786,19.70003],[-87.46831,19.69917],[-87.46871,19.69925],[-87.46893,19.69909],[-87.46932,19.69913],[-87.46936,19.69936],[-87.46976,19.69941],[-87.4713,19.69937],[-87.4716,19.69954],[-87.47188,19.69968],[-87.47201,19.70002],[-87.47249,19.70046],[-87.47273,19.70086],[-87.47273,19.70119],[-87.47297,19.70135],[-87.47296,19.70169],[-87.47342,19.70168],[-87.47368,19.70195],[-87.47398,19.70179],[-87.47456,19.70191],[-87.47488,19.70227],[-87.47517,19.7024],[-87.47552,19.70273],[-87.4757,19.70271],[-87.47637,19.70288],[-87.47655,19.70296],[-87.47675,19.70295],[-87.47691,19.70298],[-87.47716,19.70303],[-87.47776,19.70326],[-87.47789,19.70357],[-87.47795,19.70386],[-87.47818,19.70427],[-87.47811,19.70455],[-87.47788,19.70495],[-87.47766,19.70497],[-87.47719,19.70503],[-87.47681,19.70476],[-87.47588,19.7046]]],[[[-87.47884,19.70378],[-87.47906,19.70379],[-87.47919,19.70388],[-87.47953,19.70395],[-87.47956,19.70432],[-87.4795,19.70451],[-87.47959,19.70489],[-87.47935,19.70513],[-87.47908,19.70525],[-87.47863,19.70493],[-87.47845,19.70463],[-87.47839,19.70423],[-87.47839,19.70398],[-87.47851,19.70386],[-87.47869,19.70384],[-87.47884,19.70378]]],[[[-87.50174,19.71146],[-87.47974,19.70463],[-87.50587,19.71001],[-87.50174,19.71146]]],[[[-86.86484,20.54822],[-86.86477,20.54801],[-86.8644,20.54802],[-86.86428,20.54783],[-86.86364,20.54778],[-86.86353,20.54757],[-86.86258,20.54755],[-86.86254,20.5473],[-86.86052,20.54732],[-86.86015,20.54729],[-86.85957,20.54735],[-86.85916,20.5475],[-86.85908,20.54718],[-86.85927,20.54698],[-86.85957,20.54664],[-86.86023,20.54662],[-86.86064,20.54662],[-86.86067,20.54684],[-86.8616,20.54683],[-86.86209,20.5466],[-86.86242,20.54664],[-86.86241,20.54651],[-86.86242,20.54613],[-86.86259,20.54608],[-86.86259,20.54577],[-86.86289,20.54573],[-86.86304,20.54615],[-86.8633,20.54618],[-86.86411,20.54617],[-86.86442,20.54628],[-86.86453,20.5466],[-86.86473,20.54667],[-86.86481,20.54684],[-86.86494,20.54691],[-86.86502,20.54707],[-86.86524,20.54712],[-86.86528,20.5473],[-86.86573,20.5473],[-86.86578,20.54751],[-86.86594,20.54754],[-86.86594,20.54794],[-86.86576,20.54803],[-86.86579,20.54823],[-86.86484,20.54822]]],[[[-86.73236,20.56557],[-86.75777,20.52552],[-86.76338,20.50708],[-86.79356,20.46484],[-86.80689,20.45592],[-86.81811,20.43827],[-86.83058,20.43806],[-86.8789,20.37837],[-86.89846,20.34418],[-86.9028,20.34656],[-86.90808,20.3433],[-86.93229,20.31221],[-86.94732,20.30431],[-86.95752,20.29237],[-86.98821,20.27162],[-86.99437,20.27454],[-87.00275,20.29713],[-87.01697,20.29912],[-87.00988,20.31556],[-87.02144,20.33976],[-87.02526,20.36637],[-87.01699,20.41162],[-87.00538,20.43335],[-86.99326,20.44422],[-86.98473,20.46297],[-86.97994,20.46591],[-86.97564,20.4821],[-86.97371,20.47947],[-86.95543,20.5078],[-86.95623,20.51176],[-86.95417,20.50813],[-86.94735,20.51424],[-86.92748,20.5508],[-86.89696,20.56558],[-86.88253,20.55866],[-86.88062,20.54479],[-86.86978,20.5373],[-86.8593,20.54115],[-86.85868,20.54791],[-86.85433,20.5499],[-86.85111,20.54902],[-86.85274,20.54387],[-86.84691,20.54275],[-86.84507,20.54701],[-86.85112,20.55032],[-86.83215,20.5506],[-86.84527,20.54324],[-86.83896,20.53925],[-86.83137,20.54336],[-86.82146,20.54254],[-86.81577,20.54958],[-86.81401,20.54162],[-86.813,20.54892],[-86.82332,20.55451],[-86.78991,20.55604],[-86.76756,20.56889],[-86.77362,20.56323],[-86.76871,20.56063],[-86.76303,20.56746],[-86.7674,20.56833],[-86.75933,20.57537],[-86.72693,20.59215],[-86.7242,20.58515],[-86.73236,20.56557]]],[[[-86.74859,21.26483],[-86.7104,21.20145],[-86.71844,21.20554],[-86.74255,21.23436],[-86.74013,21.23937],[-86.73986,21.2337],[-86.73013,21.22137],[-86.74536,21.25436],[-86.75307,21.25778],[-86.74859,21.26483]]],[[[-86.8517,21.43597],[-86.88832,21.4168],[-86.87482,21.42633],[-86.87842,21.42492],[-86.87898,21.42841],[-86.88264,21.42484],[-86.8878,21.43068],[-86.88358,21.43399],[-86.86866,21.42965],[-86.8517,21.43597]]],[[[-86.90317,21.46597],[-86.90393,21.45112],[-86.91319,21.44931],[-86.90232,21.45703],[-86.90317,21.46597]]],[[[-86.93613,21.47548],[-86.92733,21.4683],[-86.93401,21.46682],[-86.93613,21.47548]]],[[[-86.92191,21.4777],[-86.91319,21.47191],[-86.91178,21.46635],[-86.92191,21.4777]]],[[[-86.97589,21.53434],[-86.97202,21.53098],[-86.97467,21.52639],[-86.97589,21.53434]]],[[[-86.79714,21.51352],[-86.78422,21.458],[-86.78942,21.46352],[-86.78868,21.47564],[-86.79484,21.48463],[-86.79089,21.48388],[-86.79701,21.50185],[-86.79577,21.48936],[-86.79884,21.49072],[-86.80149,21.50901],[-86.79807,21.51209],[-86.80176,21.511],[-86.79949,21.51784],[-86.80378,21.53173],[-86.79714,21.51352]]],[[[-87.00415,21.56765],[-87.00365,21.56206],[-87.00934,21.55971],[-87.00935,21.56602],[-87.00415,21.56765]]],[[[-87.0228,21.57378],[-87.01913,21.56956],[-87.02547,21.57386],[-87.0228,21.57378]]],[[[-87.08574,21.58941],[-87.07525,21.58222],[-87.07869,21.57842],[-87.06598,21.57045],[-87.0455,21.5628],[-87.04165,21.56587],[-87.0315,21.55873],[-87.02939,21.5619],[-87.02733,21.55779],[-87.0103,21.55744],[-87.00397,21.54405],[-87.001,21.54534],[-86.99935,21.53591],[-86.98883,21.52596],[-86.98167,21.52487],[-86.9821,21.51937],[-86.97482,21.51054],[-86.97741,21.52106],[-86.9702,21.53133],[-86.99005,21.54328],[-86.99765,21.54135],[-86.9973,21.54877],[-86.99087,21.54989],[-86.98982,21.55408],[-86.9848,21.55104],[-86.99278,21.56223],[-86.98031,21.54882],[-86.98355,21.54399],[-86.97592,21.5476],[-86.95231,21.51468],[-86.94757,21.49524],[-86.95245,21.48859],[-86.93875,21.4738],[-86.92969,21.4564],[-86.92599,21.45615],[-86.91853,21.43847],[-86.91248,21.43669],[-86.8967,21.41041],[-86.89233,21.41134],[-86.88673,21.40354],[-86.87447,21.34454],[-86.8618,21.32305],[-86.86427,21.30387],[-86.85886,21.29562],[-86.86142,21.28722],[-86.85345,21.27632],[-86.85586,21.2719],[-86.85091,21.25586],[-86.8485,21.25187],[-86.82346,21.24399],[-86.82024,21.24577],[-86.82315,21.25144],[-86.83156,21.25372],[-86.82788,21.26704],[-86.83065,21.27693],[-86.81949,21.28292],[-86.82744,21.29632],[-86.82203,21.31406],[-86.79996,21.32741],[-86.79216,21.3421],[-86.79658,21.34789],[-86.79487,21.36551],[-86.80568,21.37524],[-86.80467,21.38298],[-86.81279,21.39176],[-86.81005,21.39856],[-86.82792,21.41299],[-86.82206,21.42009],[-86.80983,21.4129],[-86.79505,21.38591],[-86.79994,21.40238],[-86.79594,21.40808],[-86.78984,21.38874],[-86.7904,21.34564],[-86.8116,21.30303],[-86.81587,21.28325],[-86.80067,21.23375],[-86.80074,21.21354],[-86.8071,21.18382],[-86.80403,21.16418],[-86.7881,21.14347],[-86.77998,21.14637],[-86.76317,21.1369],[-86.74985,21.1397],[-86.741,21.1383],[-86.74059,21.13489],[-86.75253,21.12448],[-86.77068,21.08512],[-86.78188,21.05015],[-86.77862,21.03253],[-86.78765,21.0298],[-86.80089,21.03546],[-86.81296,21.02305],[-86.82872,20.97959],[-86.83806,20.92865],[-86.84421,20.92017],[-86.84646,20.90479],[-86.86053,20.89121],[-86.87792,20.8414],[-86.88188,20.8411],[-86.88968,20.83198],[-86.88905,20.82784],[-86.88999,20.83133],[-86.90473,20.81238],[-86.92024,20.808],[-86.94045,20.78233],[-86.9464,20.76832],[-86.96415,20.7478],[-86.96273,20.73009],[-87.01024,20.70237],[-87.0184,20.69073],[-87.02177,20.67447],[-87.04737,20.64785],[-87.05329,20.64704],[-87.099,20.59277],[-87.13249,20.56509],[-87.1428,20.56241],[-87.16912,20.53589],[-87.18609,20.52972],[-87.18976,20.52179],[-87.21864,20.50384],[-87.22364,20.49695],[-87.2313,20.49737],[-87.23532,20.48923],[-87.24634,20.48485],[-87.24504,20.47972],[-87.25288,20.47752],[-87.2657,20.459],[-87.28224,20.44606],[-87.30342,20.40755],[-87.30858,20.40556],[-87.31041,20.39598],[-87.3227,20.38701],[-87.32279,20.37666],[-87.33173,20.36652],[-87.33332,20.35736],[-87.33814,20.35676],[-87.34115,20.34348],[-87.35402,20.32975],[-87.35185,20.32157],[-87.36145,20.29941],[-87.3647,20.29426],[-87.37057,20.29601],[-87.37461,20.29084],[-87.36979,20.28559],[-87.37894,20.28355],[-87.38196,20.26843],[-87.38956,20.26746],[-87.42354,20.22624],[-87.4581,20.15039],[-87.47839,20.0769],[-87.47626,19.99899],[-87.47153,19.99247],[-87.4649,19.99405],[-87.46407,19.98574],[-87.46835,19.98054],[-87.46516,19.95827],[-87.45322,19.93404],[-87.44809,19.92917],[-87.44056,19.93074],[-87.43651,19.92765],[-87.4301,19.88684],[-87.43691,19.8707],[-87.43557,19.86525],[-87.44367,19.85535],[-87.451,19.83577],[-87.46734,19.82866],[-87.47386,19.81875],[-87.47691,19.80365],[-87.46964,19.7807],[-87.47956,19.77874],[-87.48109,19.78119],[-87.47561,19.78401],[-87.48647,19.78696],[-87.48719,19.80129],[-87.48106,19.80348],[-87.48328,19.81122],[-87.4771,19.81492],[-87.47249,19.82605],[-87.47689,19.82839],[-87.47249,19.83583],[-87.46944,19.83561],[-87.47262,19.8306],[-87.46684,19.83838],[-87.45202,19.83697],[-87.4488,19.85137],[-87.43851,19.86642],[-87.44195,19.87541],[-87.43335,19.88605],[-87.43853,19.88739],[-87.43116,19.88826],[-87.43531,19.91523],[-87.43649,19.91015],[-87.43975,19.91095],[-87.4589,19.92481],[-87.46084,19.92725],[-87.4559,19.92989],[-87.45773,19.93829],[-87.4674,19.94507],[-87.47203,19.94363],[-87.47351,19.93806],[-87.46504,19.92827],[-87.46233,19.91577],[-87.45777,19.91707],[-87.46368,19.90756],[-87.4642,19.89468],[-87.45924,19.88768],[-87.44745,19.8902],[-87.4567,19.88114],[-87.45937,19.85839],[-87.46399,19.86133],[-87.47387,19.8561],[-87.49772,19.8069],[-87.51499,19.79904],[-87.5216,19.80087],[-87.53325,19.79555],[-87.54415,19.79939],[-87.54543,19.79577],[-87.5523,19.80031],[-87.55485,19.80851],[-87.57891,19.79036],[-87.5873,19.77412],[-87.58523,19.77192],[-87.59467,19.76399],[-87.60642,19.73926],[-87.64302,19.68776],[-87.65338,19.64856],[-87.66677,19.61649],[-87.67933,19.61457],[-87.68399,19.62147],[-87.67641,19.62131],[-87.68939,19.62622],[-87.67244,19.62567],[-87.66902,19.62748],[-87.67978,19.62885],[-87.66761,19.62855],[-87.66068,19.63426],[-87.66727,19.63849],[-87.65949,19.63722],[-87.66337,19.64743],[-87.65703,19.64693],[-87.6605,19.6513],[-87.656,19.656],[-87.6491,19.6881],[-87.65669,19.68135],[-87.69342,19.68108],[-87.73218,19.66907],[-87.7317,19.66473],[-87.74227,19.66366],[-87.74289,19.64789],[-87.7384,19.64117],[-87.74071,19.61787],[-87.74847,19.59948],[-87.73889,19.58652],[-87.72344,19.58748],[-87.72721,19.58264],[-87.73491,19.58394],[-87.72856,19.57643],[-87.71988,19.57771],[-87.70758,19.57306],[-87.7143,19.56155],[-87.70212,19.5502],[-87.68163,19.5581],[-87.6764,19.5638],[-87.68213,19.56665],[-87.69319,19.56162],[-87.68921,19.56688],[-87.67684,19.56922],[-87.66704,19.54922],[-87.67386,19.54366],[-87.66935,19.53755],[-87.67683,19.53823],[-87.68754,19.53173],[-87.67638,19.53468],[-87.6703,19.5286],[-87.6638,19.5294],[-87.66414,19.52112],[-87.67297,19.51901],[-87.669,19.5126],[-87.66353,19.51319],[-87.6717,19.5075],[-87.6695,19.501],[-87.66253,19.50411],[-87.66313,19.50072],[-87.65868,19.50025],[-87.65044,19.50516],[-87.63275,19.5384],[-87.61007,19.5541],[-87.5825,19.55645],[-87.55041,19.5661],[-87.5381,19.5577],[-87.53146,19.56196],[-87.5368,19.5466],[-87.5257,19.5405],[-87.515,19.5631],[-87.5079,19.5641],[-87.5025,19.5704],[-87.4924,19.5707],[-87.5099,19.5764],[-87.5087,19.5818],[-87.502,19.5806],[-87.5072,19.5867],[-87.50478,19.59013],[-87.4954,19.5858],[-87.49022,19.59026],[-87.4819,19.5879],[-87.4517,19.596],[-87.4532,19.6021],[-87.4572,19.6008],[-87.4583,19.6083],[-87.4623,19.6073],[-87.44514,19.62276],[-87.45334,19.63758],[-87.45472,19.63395],[-87.45612,19.63623],[-87.45445,19.64801],[-87.44871,19.63207],[-87.42644,19.6172],[-87.41958,19.60361],[-87.41037,19.59841],[-87.41063,19.59195],[-87.41432,19.56406],[-87.42421,19.55056],[-87.42275,19.53847],[-87.43164,19.51495],[-87.4287,19.49863],[-87.4402,19.46903],[-87.44499,19.46865],[-87.4711,19.44492],[-87.49605,19.43292],[-87.52506,19.39563],[-87.54541,19.39158],[-87.56456,19.39389],[-87.56471,19.39712],[-87.55335,19.39286],[-87.54645,19.39958],[-87.54261,19.39785],[-87.53987,19.4031],[-87.53926,19.41841],[-87.54782,19.41839],[-87.54188,19.41991],[-87.53539,19.42904],[-87.55386,19.42701],[-87.58871,19.40374],[-87.59566,19.40342],[-87.61891,19.38181],[-87.63595,19.37343],[-87.65018,19.33934],[-87.65626,19.30279],[-87.6692,19.295],[-87.65992,19.2874],[-87.6584,19.2741],[-87.6612,19.2607],[-87.68685,19.23475],[-87.6865,19.2309],[-87.67359,19.22795],[-87.67381,19.22353],[-87.68613,19.22046],[-87.67685,19.21909],[-87.6823,19.21362],[-87.68301,19.20502],[-87.67433,19.20636],[-87.67849,19.1999],[-87.66928,19.19927],[-87.67402,19.19642],[-87.67081,19.18985],[-87.65717,19.19013],[-87.65891,19.18627],[-87.65519,19.18114],[-87.63924,19.18247],[-87.63775,19.17715],[-87.63,19.1834],[-87.63386,19.18791],[-87.6244,19.1917],[-87.607,19.23],[-87.59884,19.23738],[-87.59339,19.23685],[-87.5891,19.2467],[-87.5867,19.2454],[-87.57782,19.26984],[-87.58609,19.2638],[-87.5939,19.25046],[-87.61198,19.24012],[-87.56899,19.27819],[-87.55621,19.29609],[-87.53891,19.30675],[-87.5156,19.30838],[-87.50963,19.31978],[-87.48879,19.32622],[-87.4725,19.3233],[-87.46376,19.32573],[-87.45422,19.31342],[-87.44556,19.31171],[-87.51481,19.2353],[-87.52612,19.23027],[-87.53724,19.20797],[-87.54075,19.15507],[-87.54859,19.14437],[-87.55222,19.09373],[-87.54931,19.08669],[-87.55345,19.07428],[-87.56683,19.06264],[-87.59002,19.00744],[-87.60533,18.98766],[-87.61719,18.95041],[-87.62743,18.93966],[-87.63229,18.92249],[-87.63147,18.90301],[-87.64204,18.88452],[-87.6417,18.86163],[-87.66257,18.82777],[-87.66253,18.81695],[-87.66891,18.80201],[-87.66934,18.76338],[-87.68078,18.74243],[-87.69911,18.72791],[-87.71176,18.71011],[-87.72523,18.66854],[-87.72943,18.62718],[-87.73947,18.58145],[-87.73995,18.54546],[-87.74481,18.52897],[-87.75776,18.51417],[-87.76205,18.49692],[-87.7641,18.41783],[-87.77023,18.40142],[-87.78846,18.38373],[-87.80209,18.3523],[-87.81974,18.3312],[-87.82799,18.31027],[-87.84182,18.22913],[-87.84429,18.19094],[-87.8563,18.1813],[-87.86018,18.18983],[-87.86751,18.18824],[-87.90242,18.14269],[-87.92545,18.16023],[-88.03029,18.16036],[-88.03036,18.41479],[-88.24963,18.41555],[-88.25009,18.47307],[-88.28898,18.47527],[-88.32685,18.49017],[-88.35111,18.48447],[-88.36723,18.4861],[-88.38013,18.47894],[-88.40239,18.49666],[-88.44248,18.4814],[-88.44714,18.47559],[-88.45422,18.48851],[-88.46507,18.48702],[-88.47642,18.49467],[-88.52058,18.45925],[-88.53193,18.40822],[-88.55163,18.37615],[-88.54438,18.36002],[-88.57526,18.32022],[-88.57883,18.32041],[-88.60583,18.29174],[-88.59725,18.28888],[-88.60638,18.26438],[-88.60442,18.24152],[-88.61554,18.22328],[-88.629,18.21897],[-88.63237,18.21293],[-88.64164,18.21637],[-88.65824,18.20372],[-88.66657,18.20273],[-88.67349,18.19423],[-88.68668,18.19469],[-88.69756,18.18242],[-88.69589,18.17912],[-88.68439,18.1778],[-88.68008,18.16018],[-88.69519,18.1482],[-88.71017,18.11714],[-88.7186,18.10883],[-88.71207,18.10412],[-88.71031,18.09696],[-88.71573,18.09423],[-88.71959,18.08388],[-88.71389,18.07545],[-88.71914,18.07198],[-88.71668,18.06052],[-88.74742,18.0402],[-88.76665,18.0343],[-88.77077,18.02917],[-88.76693,18.01602],[-88.77309,18.00988],[-88.76984,18.00678],[-88.77772,18.00461],[-88.78849,17.99303],[-88.78313,17.98826],[-88.78511,17.98523],[-88.78153,17.98508],[-88.78445,17.97986],[-88.78877,17.98097],[-88.79254,17.97156],[-88.79596,17.97433],[-88.81517,17.9503],[-88.82589,17.94668],[-88.83054,17.94877],[-88.83371,17.94193],[-88.84426,17.94027],[-88.85943,17.92519],[-88.85496,17.92013],[-88.85415,17.90775],[-88.86041,17.90084],[-88.85779,17.89977],[-88.85976,17.89446],[-88.88294,17.89622],[-88.88727,17.90382],[-88.88535,17.90756],[-88.89625,17.90612],[-88.90658,17.91585],[-88.91368,17.91059],[-88.91542,17.91657],[-88.92046,17.91581],[-88.92694,17.92974],[-88.93374,17.93128],[-88.93047,17.94139],[-88.93796,17.94063],[-88.93736,17.94642],[-88.94527,17.95274],[-88.94477,17.95913],[-88.95382,17.95463],[-88.95691,17.95668],[-88.95976,17.95171],[-88.98325,17.95798],[-88.98722,17.94728],[-88.99962,17.96747],[-88.99815,17.97166],[-89.00398,17.97248],[-88.99885,17.97992],[-89.00062,17.98443],[-89.02156,17.99273],[-89.02861,17.9973],[-89.02854,18.00258],[-89.03752,18.00512],[-89.05226,18.00019],[-89.05859,17.9903],[-89.07635,17.99382],[-89.08506,17.99042],[-89.10195,17.98099],[-89.11159,17.96976],[-89.11669,17.96886],[-89.12421,17.97528],[-89.1327,17.97203],[-89.13621,17.95544],[-89.14497,17.95107],[-89.15195,17.94025],[-89.15217,17.95361],[-89.20587,17.9541],[-89.20673,18.02108],[-89.163,18.01851],[-89.16336,18.05788],[-89.14475,18.0577],[-89.14438,18.08244],[-89.20245,18.08327],[-89.20023,18.14463],[-89.14306,18.14582],[-89.14287,18.22416],[-89.15805,18.22132],[-89.15167,18.29356],[-89.13235,18.2934],[-89.13821,18.38554],[-89.12122,18.38585],[-89.12549,18.45062],[-89.15023,18.45106],[-89.15131,18.72402],[-89.15574,18.75311],[-89.14438,18.75592],[-89.1486,18.8773],[-89.14712,18.99504],[-89.13581,19.13237],[-89.14695,19.13315],[-89.14666,19.42386],[-89.29656,19.55117],[-89.21955,19.60802],[-89.22286,19.63665],[-89.19024,19.63331],[-89.1892,19.644],[-89.14486,19.6374],[-89.14952,19.58125],[-89.10902,19.58235],[-89.10839,19.61234],[-89.13364,19.61463],[-89.12339,19.70342],[-89.07421,19.69419],[-89.07603,19.68543],[-89.0362,19.67804],[-89.03052,19.70883],[-88.99752,19.70488],[-88.99474,19.72744],[-89.04882,19.72149],[-89.02516,19.77671],[-89.00408,19.772],[-88.99946,19.79799],[-88.9844,19.79816],[-88.98443,19.8052],[-88.9761,19.81076],[-88.97445,19.8181],[-88.95638,19.81682],[-88.95807,19.81046],[-88.94385,19.81344],[-88.94543,19.79194],[-88.92951,19.79095],[-88.92029,19.80397],[-88.9111,19.80093],[-88.9082,19.82066],[-88.89758,19.83686],[-88.90048,19.86111],[-88.89042,19.85854],[-88.87912,19.86239],[-88.88019,19.87812],[-88.82592,19.87992],[-88.82041,19.89047],[-88.82982,19.89855],[-88.82943,19.90601],[-88.82728,19.91092],[-88.82315,19.90815],[-88.82442,19.90476],[-88.8165,19.90447],[-88.81614,19.9155],[-88.80974,19.92599],[-88.81017,19.94494],[-88.80604,19.94457],[-88.80563,19.95383],[-88.79837,19.95252],[-88.79802,19.97493],[-88.79077,19.97202],[-88.79047,19.99213],[-88.78441,19.99524],[-88.7835,20.00818],[-88.77118,20.00767],[-88.77146,20.01346],[-88.74247,20.01508],[-88.74261,20.00858],[-88.73624,20.00966],[-88.73234,20.01406],[-88.73597,20.01757],[-88.72278,20.0132],[-88.72214,20.00512],[-88.71252,20.01229],[-88.70017,20.01035],[-88.69475,20.03003],[-88.69179,20.02921],[-88.68489,20.07741],[-88.6908,20.07703],[-88.6906,20.08985],[-88.63986,20.12035],[-88.61917,20.11717],[-88.6208,20.1318],[-88.61638,20.13446],[-88.58797,20.13145],[-88.58767,20.14047],[-88.57815,20.13917],[-88.57668,20.14808],[-88.50762,20.14339],[-88.50234,20.19007],[-88.51993,20.19232],[-88.44342,20.23815],[-88.41511,20.23297],[-88.40912,20.23972],[-88.40289,20.23949],[-88.40912,20.25209],[-88.3519,20.25902],[-88.30878,20.25351],[-88.27296,20.26993],[-88.26681,20.26912],[-88.26463,20.29034],[-88.13648,20.28137],[-88.0473,20.36631],[-88.04753,20.37881],[-88.03403,20.37894],[-87.99296,20.41799],[-87.99506,20.44731],[-87.96274,20.4467],[-87.74425,20.65378],[-87.53314,20.9996],[-87.53491,21.49022],[-87.48833,21.48518],[-87.48658,21.46525],[-87.47324,21.45722],[-87.43108,21.46857],[-87.40281,21.4572],[-87.37921,21.4548],[-87.36938,21.44877],[-87.35544,21.44676],[-87.34109,21.43226],[-87.32738,21.43248],[-87.31575,21.44137],[-87.29567,21.43461],[-87.29271,21.43995],[-87.27213,21.43234],[-87.27386,21.44328],[-87.26951,21.43437],[-87.26573,21.43914],[-87.26462,21.43546],[-87.25852,21.43778],[-87.23246,21.41861],[-87.22897,21.43271],[-87.22245,21.43132],[-87.2217,21.43851],[-87.21564,21.44326],[-87.20585,21.44499],[-87.18837,21.4397],[-87.16661,21.44971],[-87.15837,21.46325],[-87.14955,21.46491],[-87.13175,21.45974],[-87.12198,21.46961],[-87.11559,21.46713],[-87.11173,21.47122],[-87.1135,21.48396],[-87.1099,21.48594],[-87.10968,21.50553],[-87.10675,21.50591],[-87.1108,21.52006],[-87.10813,21.51959],[-87.10879,21.52596],[-87.10263,21.52592],[-87.09885,21.53219],[-87.10357,21.54615],[-87.1287,21.55453],[-87.1128,21.57157],[-87.10655,21.57339],[-87.10152,21.58497],[-87.09508,21.58326],[-87.09469,21.5883],[-87.08574,21.58941]]],[[[-87.03398,21.58584],[-86.99998,21.57138],[-86.99251,21.56399],[-87.00142,21.57041],[-87.01451,21.56983],[-87.01734,21.57345],[-87.01443,21.57471],[-87.02312,21.58021],[-87.03031,21.57461],[-87.03588,21.58442],[-87.04201,21.58414],[-87.03398,21.58584]]],[[[-87.10253,21.60542],[-87.08276,21.59691],[-87.05749,21.59268],[-87.04618,21.58513],[-87.06764,21.5944],[-87.07278,21.59056],[-87.07946,21.59477],[-87.08848,21.59022],[-87.09647,21.59732],[-87.10157,21.59599],[-87.09885,21.60241],[-87.10273,21.59911],[-87.10606,21.60127],[-87.10677,21.59689],[-87.10798,21.60028],[-87.11146,21.59863],[-87.10966,21.59406],[-87.12046,21.58918],[-87.12953,21.56836],[-87.13883,21.56243],[-87.14807,21.56686],[-87.15089,21.5611],[-87.1576,21.56237],[-87.16234,21.55845],[-87.15131,21.5571],[-87.16653,21.55632],[-87.17038,21.55029],[-87.20239,21.53062],[-87.20857,21.52059],[-87.22288,21.51653],[-87.22563,21.51644],[-87.20906,21.5216],[-87.20782,21.52786],[-87.2176,21.52148],[-87.21893,21.52935],[-87.24807,21.52515],[-87.26341,21.52537],[-87.26196,21.53042],[-87.26553,21.52536],[-87.27299,21.52825],[-87.28207,21.51507],[-87.28984,21.51112],[-87.29233,21.51815],[-87.28738,21.52588],[-87.30013,21.52934],[-87.31587,21.52583],[-87.31524,21.53399],[-87.31917,21.54029],[-87.32693,21.54113],[-87.3278,21.54944],[-87.33541,21.54664],[-87.33768,21.54054],[-87.35871,21.5352],[-87.35973,21.52865],[-87.36439,21.52986],[-87.36079,21.52239],[-87.36459,21.51883],[-87.37596,21.51945],[-87.37296,21.51237],[-87.37528,21.51467],[-87.37835,21.51075],[-87.38054,21.51461],[-87.38626,21.50432],[-87.39077,21.5032],[-87.39673,21.51249],[-87.36882,21.53178],[-87.345,21.5605],[-87.33492,21.56618],[-87.308,21.54812],[-87.28092,21.54148],[-87.22119,21.54371],[-87.14712,21.57136],[-87.10253,21.60542]]]]}},{"type":"Feature","properties":{"T00_CVEGEO":"24","T00_NOMGEO":"San Luis Potosí","NAME":"San Luis Potosí"},"geometry":{"type":"MultiPolygon","coordinates":[[[[-100.60353,24.4013],[-100.59993,24.34879],[-100.63306,24.22598],[-100.58508,24.22392],[-100.5935,24.1782],[-100.61339,24.17394],[-100.54876,24.14603],[-100.51682,24.13989],[-100.51957,24.11838],[-100.53868,24.11851],[-100.52375,24.07145],[-100.54127,24.02574],[-100.56239,23.91964],[-100.54676,23.91743],[-100.54943,23.88931],[-100.53984,23.88839],[-100.55029,23.8422],[-100.52552,23.83952],[-100.52878,23.81635],[-100.49759,23.79871],[-100.4977,23.73631],[-100.49029,23.7396],[-100.46792,23.70008],[-100.46648,23.68894],[-100.46185,23.68906],[-100.46203,23.69462],[-100.44709,23.69653],[-100.44571,23.67733],[-100.45832,23.66011],[-100.44984,23.65601],[-100.45435,23.6499],[-100.46334,23.65314],[-100.47737,23.63381],[-100.48865,23.60504],[-100.49163,23.56861],[-100.46954,23.56678],[-100.46751,23.54356],[-100.45914,23.53316],[-100.45917,23.51156],[-100.49416,23.5284],[-100.49761,23.49402],[-100.5172,23.42104],[-100.45708,23.36641],[-100.4836,23.21404],[-100.47984,23.19436],[-100.33175,23.16268],[-100.32351,23.19562],[-100.36376,23.189],[-100.37431,23.26532],[-100.33168,23.25909],[-100.3258,23.26309],[-100.30625,23.26094],[-100.27843,23.31036],[-100.22016,23.29793],[-100.21823,23.31013],[-100.20636,23.30711],[-100.22823,23.25047],[-100.10381,23.23153],[-100.10973,23.19971],[-100.11828,23.20054],[-100.11898,23.15242],[-100.11015,23.15107],[-100.11559,23.12599],[-100.06874,23.12115],[-100.06902,23.09594],[-100.01124,23.06392],[-100.01268,23.05889],[-100.02367,23.06047],[-100.03172,23.05341],[-100.0475,23.05064],[-100.05421,23.04196],[-100.06209,23.03984],[-100.06689,23.03144],[-100.06183,23.01198],[-100.06634,23.01038],[-100.06621,23.00181],[-100.07165,22.99735],[-100.08048,23.002],[-100.08632,23.01106],[-100.09745,23.01309],[-100.09952,23.00793],[-100.08941,22.96875],[-100.11084,22.97572],[-100.11038,22.91671],[-100.04423,22.91789],[-100.02938,22.82439],[-100.10191,22.76279],[-100.09405,22.75126],[-100.02234,22.72592],[-99.95695,22.75166],[-99.88239,22.74986],[-99.84281,22.73055],[-99.84792,22.67843],[-99.81402,22.66076],[-99.80548,22.65777],[-99.79801,22.66665],[-99.78503,22.66851],[-99.75477,22.65661],[-99.72408,22.6596],[-99.68253,22.68112],[-99.56063,22.64122],[-99.53468,22.61276],[-99.49453,22.62086],[-99.51675,22.66443],[-99.54432,22.74414],[-99.49678,22.74849],[-99.49244,22.74194],[-99.47712,22.74063],[-99.44205,22.66361],[-99.4199,22.66203],[-99.39653,22.67076],[-99.38555,22.67026],[-99.37319,22.62907],[-99.32961,22.63488],[-99.32138,22.61673],[-99.3301,22.61484],[-99.32858,22.6087],[-99.31403,22.60989],[-99.28865,22.55582],[-99.27242,22.51326],[-99.26314,22.46979],[-99.24342,22.43337],[-99.23683,22.41286],[-99.12056,22.40663],[-99.06039,22.41526],[-98.93197,22.39277],[-98.92554,22.37174],[-98.91227,22.37379],[-98.88999,22.35509],[-98.88062,22.35829],[-98.87228,22.36741],[-98.85913,22.36474],[-98.84987,22.36812],[-98.82146,22.35625],[-98.81122,22.36151],[-98.79188,22.36186],[-98.78642,22.36598],[-98.75801,22.36653],[-98.75167,22.36902],[-98.74593,22.38086],[-98.7315,22.38125],[-98.72638,22.38978],[-98.7183,22.39081],[-98.70081,22.40257],[-98.69033,22.40273],[-98.67665,22.40893],[-98.67083,22.40535],[-98.68154,22.37157],[-98.58285,22.37305],[-98.57931,22.37775],[-98.5823,22.3601],[-98.57928,22.34862],[-98.56446,22.3475],[-98.56451,22.34257],[-98.55478,22.34255],[-98.55482,22.33801],[-98.53521,22.33787],[-98.53529,22.32799],[-98.52554,22.32798],[-98.52554,22.31883],[-98.50611,22.31597],[-98.50572,22.309],[-98.48199,22.29943],[-98.4759,22.28864],[-98.46437,22.29669],[-98.46451,22.30346],[-98.45755,22.30132],[-98.44665,22.30562],[-98.42769,22.28345],[-98.43383,22.27824],[-98.43036,22.2746],[-98.40755,22.28421],[-98.39637,22.27626],[-98.40641,22.26935],[-98.4032,22.26638],[-98.40509,22.25607],[-98.38254,22.25588],[-98.37633,22.25083],[-98.36813,22.25537],[-98.37455,22.23608],[-98.32596,22.24305],[-98.34461,22.22209],[-98.35225,22.2228],[-98.34305,22.21589],[-98.34495,22.21396],[-98.33521,22.21001],[-98.33475,22.20248],[-98.33041,22.20134],[-98.33654,22.18769],[-98.35527,22.18028],[-98.43201,22.12826],[-98.43225,22.11781],[-98.43873,22.11191],[-98.42762,22.10878],[-98.41882,22.09802],[-98.43238,22.08967],[-98.43084,22.07934],[-98.43944,22.07564],[-98.44186,22.06487],[-98.43437,22.05694],[-98.43464,22.05167],[-98.44288,22.04936],[-98.44641,22.04221],[-98.44354,22.03298],[-98.45946,22.00539],[-98.45954,21.99517],[-98.47233,21.98797],[-98.47628,21.99957],[-98.48147,21.99051],[-98.48199,21.983],[-98.4688,21.9646],[-98.47764,21.9603],[-98.4932,21.96041],[-98.52199,21.97943],[-98.55066,21.96075],[-98.56449,21.96824],[-98.57883,21.96609],[-98.57646,21.94738],[-98.56601,21.93764],[-98.55127,21.93373],[-98.5391,21.9391],[-98.53157,21.94991],[-98.51559,21.95126],[-98.50314,21.93662],[-98.50044,21.92315],[-98.53107,21.93442],[-98.54384,21.93211],[-98.54587,21.91734],[-98.53493,21.91908],[-98.52492,21.91455],[-98.51488,21.91763],[-98.51079,21.90869],[-98.52019,21.89698],[-98.5382,21.9058],[-98.53822,21.89709],[-98.54528,21.88803],[-98.54043,21.87348],[-98.54803,21.8601],[-98.52885,21.86317],[-98.51447,21.82389],[-98.50933,21.82444],[-98.49505,21.83816],[-98.48631,21.83627],[-98.49311,21.81394],[-98.48993,21.81139],[-98.47503,21.81419],[-98.47552,21.80192],[-98.46236,21.79127],[-98.46233,21.77841],[-98.45469,21.76642],[-98.45944,21.76231],[-98.46759,21.77069],[-98.47022,21.76357],[-98.47938,21.76086],[-98.48372,21.75217],[-98.47639,21.74919],[-98.47692,21.74522],[-98.49148,21.73506],[-98.50421,21.73804],[-98.50552,21.73403],[-98.49948,21.73208],[-98.49894,21.72724],[-98.51266,21.7266],[-98.51667,21.71685],[-98.52945,21.72212],[-98.5374,21.72062],[-98.53679,21.71389],[-98.5271,21.71527],[-98.52052,21.71023],[-98.53073,21.69727],[-98.54383,21.72339],[-98.56743,21.71736],[-98.5722,21.70916],[-98.55883,21.70354],[-98.55825,21.68767],[-98.56173,21.68292],[-98.56932,21.68254],[-98.57919,21.67194],[-98.59778,21.66888],[-98.61614,21.68375],[-98.62199,21.68238],[-98.62495,21.67306],[-98.6114,21.67186],[-98.60946,21.66723],[-98.62055,21.65307],[-98.63321,21.65388],[-98.63374,21.64259],[-98.64362,21.63168],[-98.63535,21.62629],[-98.62804,21.63047],[-98.62112,21.62782],[-98.61935,21.60246],[-98.62564,21.59259],[-98.6205,21.58824],[-98.62574,21.58545],[-98.61815,21.57883],[-98.6134,21.57985],[-98.60539,21.56691],[-98.60829,21.56438],[-98.60348,21.562],[-98.60777,21.55578],[-98.60025,21.55467],[-98.59881,21.55043],[-98.60224,21.54043],[-98.58752,21.53357],[-98.58507,21.53577],[-98.57963,21.52716],[-98.56504,21.52008],[-98.55744,21.52197],[-98.5538,21.51613],[-98.54302,21.51383],[-98.53225,21.50114],[-98.53559,21.49246],[-98.51691,21.4607],[-98.52463,21.44016],[-98.51929,21.4155],[-98.52163,21.40475],[-98.51506,21.40008],[-98.51053,21.40195],[-98.50792,21.39193],[-98.50588,21.39511],[-98.50334,21.39145],[-98.50707,21.38616],[-98.50495,21.38199],[-98.51574,21.37229],[-98.50737,21.36997],[-98.51142,21.36251],[-98.51484,21.36521],[-98.51744,21.36186],[-98.52051,21.36863],[-98.52754,21.36655],[-98.5336,21.37446],[-98.53196,21.37853],[-98.53929,21.37908],[-98.54129,21.38395],[-98.54614,21.3806],[-98.54956,21.3846],[-98.55202,21.37946],[-98.56153,21.37744],[-98.56771,21.37077],[-98.576,21.37463],[-98.58074,21.37407],[-98.58125,21.36968],[-98.59004,21.37276],[-98.59096,21.36659],[-98.59923,21.35842],[-98.61423,21.36197],[-98.61901,21.35885],[-98.62349,21.36472],[-98.62715,21.35981],[-98.62857,21.36476],[-98.64404,21.36654],[-98.65274,21.34684],[-98.67508,21.34984],[-98.68358,21.34196],[-98.6709,21.32486],[-98.64886,21.31292],[-98.63195,21.3131],[-98.61252,21.29981],[-98.60467,21.30184],[-98.59912,21.29205],[-98.60164,21.2866],[-98.59547,21.28457],[-98.60393,21.27645],[-98.60109,21.2748],[-98.60499,21.26848],[-98.60001,21.26105],[-98.60892,21.2527],[-98.60685,21.24877],[-98.59944,21.24773],[-98.60358,21.21837],[-98.60873,21.2014],[-98.61797,21.19428],[-98.65069,21.18093],[-98.65852,21.1861],[-98.65829,21.1828],[-98.66377,21.18405],[-98.66892,21.19486],[-98.68265,21.20063],[-98.68515,21.19019],[-98.69169,21.18803],[-98.69464,21.18219],[-98.69123,21.16673],[-98.70181,21.16077],[-98.70365,21.16848],[-98.69937,21.17623],[-98.70523,21.18719],[-98.71471,21.18344],[-98.72033,21.18713],[-98.72383,21.18305],[-98.72833,21.18434],[-98.72765,21.17955],[-98.7355,21.18233],[-98.74161,21.19276],[-98.74053,21.1894],[-98.74652,21.18432],[-98.7673,21.18441],[-98.76407,21.17957],[-98.77291,21.17197],[-98.7808,21.18598],[-98.79084,21.18804],[-98.79796,21.18334],[-98.79735,21.19132],[-98.80814,21.19324],[-98.79859,21.17808],[-98.7901,21.17899],[-98.78879,21.16638],[-98.79395,21.16018],[-98.79907,21.16484],[-98.82118,21.1604],[-98.85094,21.17586],[-98.85739,21.18926],[-98.88265,21.17961],[-98.88512,21.19634],[-98.89542,21.20389],[-98.89513,21.21038],[-98.90363,21.21265],[-98.90637,21.22313],[-98.91507,21.22519],[-98.9078,21.23279],[-98.89888,21.23127],[-98.89988,21.23856],[-98.90994,21.24193],[-98.91781,21.23975],[-98.92287,21.24673],[-98.91772,21.2555],[-98.92793,21.26874],[-98.92927,21.29273],[-98.93257,21.29829],[-98.94028,21.2946],[-98.94495,21.31133],[-98.95316,21.30877],[-98.95651,21.3018],[-98.96973,21.30597],[-98.97483,21.30308],[-98.97504,21.297],[-98.99295,21.29948],[-99.01278,21.29537],[-99.04345,21.27943],[-99.05791,21.28469],[-99.06142,21.27947],[-99.08298,21.29634],[-99.10434,21.28959],[-99.10578,21.30204],[-99.12104,21.30967],[-99.12755,21.31833],[-99.10283,21.31788],[-99.10294,21.32119],[-99.13782,21.32979],[-99.12945,21.36204],[-99.09261,21.36336],[-99.09788,21.37764],[-99.09283,21.3817],[-99.09812,21.40841],[-99.10591,21.41156],[-99.10515,21.42048],[-99.12602,21.46054],[-99.12976,21.5017],[-99.14227,21.53544],[-99.12829,21.58981],[-99.13872,21.60375],[-99.17189,21.62703],[-99.16888,21.63098],[-99.18817,21.67],[-99.19829,21.66501],[-99.21769,21.66664],[-99.21672,21.65336],[-99.22543,21.64026],[-99.22512,21.63328],[-99.24063,21.62379],[-99.24349,21.61505],[-99.27393,21.60621],[-99.28071,21.6079],[-99.28165,21.58495],[-99.27439,21.56532],[-99.27931,21.56014],[-99.29069,21.55801],[-99.28929,21.55036],[-99.30548,21.53291],[-99.32728,21.53517],[-99.34985,21.55235],[-99.36368,21.55329],[-99.3759,21.54793],[-99.37865,21.52963],[-99.3701,21.52214],[-99.37197,21.5071],[-99.37885,21.50046],[-99.3867,21.50037],[-99.38229,21.48121],[-99.38887,21.46489],[-99.39855,21.46342],[-99.39689,21.44509],[-99.40245,21.44159],[-99.40464,21.42892],[-99.41551,21.42913],[-99.4357,21.44983],[-99.44734,21.44347],[-99.46912,21.44675],[-99.47356,21.4411],[-99.47076,21.43661],[-99.48435,21.4325],[-99.48836,21.42196],[-99.50381,21.41856],[-99.52429,21.42883],[-99.53725,21.43146],[-99.55289,21.42907],[-99.55659,21.43661],[-99.54934,21.44706],[-99.56435,21.45366],[-99.57318,21.46628],[-99.59028,21.47769],[-99.59198,21.48626],[-99.60988,21.49386],[-99.62579,21.5073],[-99.65953,21.56794],[-99.69472,21.5726],[-99.70553,21.57073],[-99.74674,21.57836],[-99.75275,21.5439],[-99.75093,21.53562],[-99.74644,21.53636],[-99.74673,21.53149],[-99.75259,21.53265],[-99.74862,21.52948],[-99.74928,21.52317],[-99.755,21.52078],[-99.75668,21.51416],[-99.77098,21.50684],[-99.77751,21.49471],[-99.79156,21.4901],[-99.78751,21.47902],[-99.79177,21.47481],[-99.8057,21.47184],[-99.81707,21.46169],[-99.82528,21.46652],[-99.83917,21.46238],[-99.83492,21.47811],[-99.86377,21.47431],[-99.90517,21.44816],[-99.94316,21.46178],[-99.93896,21.44979],[-99.94233,21.44962],[-99.94924,21.456],[-99.95147,21.47227],[-99.95934,21.48351],[-99.94794,21.49068],[-99.9457,21.49743],[-99.95065,21.49467],[-99.9651,21.50512],[-99.95631,21.51824],[-99.95681,21.52622],[-100.06227,21.5233],[-100.07584,21.55793],[-100.12497,21.59346],[-100.14719,21.61812],[-100.15436,21.61735],[-100.16129,21.60497],[-100.17144,21.60126],[-100.17458,21.6105],[-100.17248,21.62933],[-100.16714,21.63411],[-100.17963,21.65079],[-100.19283,21.64695],[-100.22227,21.66565],[-100.2463,21.66493],[-100.27213,21.68734],[-100.32207,21.68209],[-100.35136,21.69167],[-100.37552,21.67982],[-100.38934,21.68141],[-100.39999,21.67448],[-100.40898,21.67729],[-100.42304,21.67505],[-100.43325,21.6784],[-100.43504,21.68272],[-100.43931,21.67656],[-100.44232,21.67875],[-100.44708,21.67519],[-100.44522,21.672],[-100.45134,21.6666],[-100.44877,21.66242],[-100.45229,21.66122],[-100.45643,21.64231],[-100.46158,21.63758],[-100.46039,21.62399],[-100.47048,21.60646],[-100.48568,21.59527],[-100.47145,21.58757],[-100.46069,21.57121],[-100.45537,21.55625],[-100.46484,21.55362],[-100.45989,21.54978],[-100.46107,21.54533],[-100.53394,21.54232],[-100.54685,21.5322],[-100.58197,21.52612],[-100.59138,21.5156],[-100.61495,21.50579],[-100.62042,21.51023],[-100.6219,21.51898],[-100.61429,21.53313],[-100.63544,21.54319],[-100.63853,21.52829],[-100.65745,21.52471],[-100.66559,21.52782],[-100.66561,21.53522],[-100.68116,21.5475],[-100.69209,21.54637],[-100.70071,21.55255],[-100.70524,21.54824],[-100.71762,21.55023],[-100.72087,21.56149],[-100.73434,21.57872],[-100.76176,21.58493],[-100.77246,21.59545],[-100.77329,21.58812],[-100.7923,21.59483],[-100.80949,21.59205],[-100.81655,21.60265],[-100.85767,21.61898],[-100.83431,21.66456],[-100.85216,21.67335],[-100.86514,21.68708],[-100.8701,21.67249],[-100.90718,21.68163],[-100.90838,21.69166],[-100.92127,21.70027],[-100.91257,21.71365],[-100.93805,21.72053],[-100.94349,21.73262],[-100.96554,21.73492],[-100.98197,21.75352],[-101.00002,21.7564],[-101.0023,21.75081],[-101.00611,21.75191],[-101.00516,21.75723],[-101.05924,21.76552],[-101.13613,21.75322],[-101.16126,21.7575],[-101.21979,21.8022],[-101.21714,21.81607],[-101.2623,21.82344],[-101.28152,21.82146],[-101.28968,21.81214],[-101.31948,21.83533],[-101.36527,21.83941],[-101.42266,21.82496],[-101.45358,21.82669],[-101.45506,21.82996],[-101.46405,21.82022],[-101.46595,21.82706],[-101.47387,21.82739],[-101.49632,21.80994],[-101.50351,21.83012],[-101.48608,21.84188],[-101.48818,21.85342],[-101.4804,21.85925],[-101.48319,21.86768],[-101.46808,21.87026],[-101.46645,21.88022],[-101.44067,21.89271],[-101.44639,21.90625],[-101.44179,21.90933],[-101.43459,21.89706],[-101.41022,21.90869],[-101.41198,21.91865],[-101.42916,21.93436],[-101.40515,21.94849],[-101.39714,21.96776],[-101.3839,21.97399],[-101.38443,21.98229],[-101.37658,21.98118],[-101.37336,21.99025],[-101.3265,21.99972],[-101.32939,22.00717],[-101.34529,22.00588],[-101.34473,22.01414],[-101.35243,22.01308],[-101.34856,22.02807],[-101.33776,22.02513],[-101.33923,22.01498],[-101.32793,22.01646],[-101.3272,22.02149],[-101.33246,22.02461],[-101.33089,22.03531],[-101.35167,22.04379],[-101.35461,22.03041],[-101.36238,22.03351],[-101.36568,22.01854],[-101.38275,22.02073],[-101.38068,22.02876],[-101.36973,22.02751],[-101.36857,22.03303],[-101.37589,22.03388],[-101.37707,22.04496],[-101.361,22.041],[-101.35999,22.04476],[-101.35417,22.0447],[-101.35166,22.05161],[-101.34658,22.04969],[-101.34588,22.0536],[-101.35335,22.05592],[-101.35117,22.06755],[-101.35423,22.07173],[-101.32774,22.14411],[-101.33768,22.14352],[-101.3513,22.17676],[-101.32424,22.20989],[-101.33233,22.21204],[-101.35285,22.2292],[-101.36166,22.23848],[-101.3629,22.24949],[-101.3768,22.26165],[-101.41625,22.26734],[-101.40899,22.28043],[-101.39814,22.28142],[-101.39889,22.2934],[-101.39143,22.2999],[-101.40551,22.30345],[-101.41057,22.31117],[-101.41972,22.31504],[-101.43512,22.34153],[-101.43296,22.36327],[-101.3819,22.35748],[-101.37478,22.45645],[-101.31372,22.45349],[-101.31538,22.46965],[-101.28572,22.50785],[-101.29632,22.53547],[-101.28751,22.55981],[-101.29358,22.58451],[-101.29885,22.58752],[-101.29794,22.5932],[-101.3057,22.60993],[-101.32578,22.62975],[-101.32964,22.64248],[-101.33387,22.64211],[-101.33693,22.65875],[-101.35937,22.65353],[-101.38001,22.67583],[-101.34923,22.71178],[-101.36005,22.71433],[-101.41107,22.74768],[-101.49096,22.74287],[-101.497,22.70154],[-101.56739,22.65677],[-101.57387,22.63373],[-101.57381,22.61281],[-101.58732,22.62113],[-101.58772,22.62661],[-101.59528,22.62407],[-101.59007,22.58903],[-101.6599,22.50532],[-101.67474,22.50654],[-101.69601,22.52042],[-101.74617,22.50869],[-101.73535,22.48021],[-101.77153,22.48816],[-101.77849,22.48486],[-101.78335,22.46503],[-101.79927,22.47056],[-101.83713,22.49969],[-101.81988,22.55129],[-101.87295,22.56307],[-101.85328,22.65602],[-101.93975,22.64572],[-102.12489,22.78295],[-102.19212,22.8649],[-102.22814,22.99652],[-102.23807,23.04764],[-102.26004,23.04591],[-102.24972,23.07545],[-102.21415,23.13132],[-102.24097,23.16938],[-102.23945,23.20949],[-102.28936,23.23169],[-102.28582,23.27332],[-102.25279,23.27123],[-102.24466,23.27677],[-102.23159,23.31511],[-102.24106,23.31498],[-102.24675,23.29332],[-102.25469,23.28083],[-102.26953,23.27991],[-102.26457,23.29009],[-102.29603,23.3205],[-102.26825,23.34227],[-102.2536,23.36495],[-102.23814,23.4469],[-102.19361,23.4476],[-102.19615,23.42489],[-102.19133,23.40138],[-102.16861,23.3989],[-102.16879,23.36102],[-102.12252,23.35386],[-102.01194,23.37274],[-101.77511,23.44763],[-101.43711,23.71703],[-101.34098,23.79648],[-101.32699,23.81266],[-101.1925,23.91856],[-101.21674,24.15973],[-101.17322,24.16413],[-101.06539,24.20702],[-101.01268,24.39082],[-100.98732,24.43252],[-100.98483,24.42726],[-100.99009,24.41797],[-100.98823,24.40955],[-100.99305,24.41135],[-100.99766,24.4073],[-101.00143,24.39476],[-101.00986,24.38511],[-101.00327,24.36801],[-101.00619,24.35859],[-101.01129,24.35796],[-101.00667,24.33583],[-100.94528,24.28119],[-100.85037,24.34353],[-100.7112,24.49152],[-100.60353,24.4013]]]]}},{"type":"Feature","properties":{"T00_CVEGEO":"25","T00_NOMGEO":"Sinaloa","NAME":"Sinaloa"},"geometry":{"type":"MultiPolygon","coordinates":[[[[-106.41292,23.17304],[-106.413,23.17303],[-106.4131,23.17304],[-106.41316,23.17307],[-106.4132,23.17313],[-106.41322,23.1732],[-106.41322,23.17326],[-106.41321,23.17332],[-106.41318,23.17333],[-106.41315,23.17334],[-106.41312,23.17335],[-106.41308,23.17335],[-106.41304,23.17335],[-106.41301,23.17334],[-106.41295,23.17332],[-106.41291,23.17329],[-106.41288,23.17326],[-106.41287,23.17323],[-106.41285,23.1732],[-106.41285,23.17314],[-106.41286,23.17311],[-106.41286,23.17305],[-106.41292,23.17304]]],[[[-106.40377,23.18026],[-106.40356,23.18024],[-106.40331,23.18026],[-106.40313,23.18026],[-106.40298,23.18017],[-106.40288,23.18007],[-106.40281,23.17973],[-106.40298,23.17967],[-106.40301,23.17954],[-106.40308,23.17934],[-106.40324,23.1792],[-106.40335,23.17904],[-106.40356,23.17885],[-106.4037,23.17863],[-106.40378,23.17842],[-106.40394,23.1784],[-106.40398,23.17849],[-106.40391,23.17875],[-106.40401,23.17919],[-106.40404,23.1794],[-106.40407,23.17959],[-106.40424,23.17971],[-106.40441,23.1798],[-106.40446,23.17995],[-106.40442,23.18012],[-106.40433,23.18023],[-106.40423,23.18025],[-106.40413,23.18027],[-106.40401,23.18027],[-106.40377,23.18026]]],[[[-106.43995,23.18517],[-106.4399,23.18513],[-106.43979,23.18516],[-106.43969,23.18514],[-106.43959,23.1851],[-106.43954,23.18508],[-106.43951,23.18506],[-106.43945,23.18506],[-106.43937,23.18506],[-106.43928,23.18505],[-106.43921,23.18503],[-106.43916,23.18501],[-106.43913,23.18497],[-106.43913,23.18493],[-106.43912,23.18488],[-106.43912,23.18484],[-106.43912,23.1848],[-106.43914,23.1847],[-106.43914,23.18462],[-106.43914,23.18447],[-106.43913,23.18439],[-106.43913,23.18432],[-106.43918,23.18423],[-106.43921,23.18416],[-106.43927,23.18408],[-106.43932,23.18401],[-106.43938,23.18397],[-106.43943,23.18393],[-106.43948,23.1839],[-106.43951,23.1839],[-106.43959,23.18385],[-106.43966,23.18375],[-106.43977,23.18377],[-106.4398,23.18388],[-106.43979,23.18397],[-106.43968,23.1841],[-106.43957,23.18423],[-106.43966,23.1843],[-106.43979,23.18422],[-106.43993,23.18413],[-106.4401,23.18411],[-106.4403,23.18403],[-106.44037,23.18395],[-106.44043,23.18388],[-106.44049,23.1838],[-106.44063,23.18377],[-106.44069,23.18386],[-106.4407,23.18399],[-106.44062,23.1841],[-106.44058,23.18422],[-106.44046,23.18432],[-106.44037,23.18441],[-106.44043,23.18448],[-106.44053,23.18448],[-106.44057,23.18453],[-106.44059,23.1846],[-106.4406,23.18467],[-106.44054,23.18474],[-106.44049,23.18476],[-106.44042,23.18476],[-106.44032,23.18478],[-106.44027,23.18478],[-106.44024,23.18479],[-106.44022,23.18479],[-106.44019,23.18481],[-106.44018,23.18484],[-106.44018,23.18488],[-106.44018,23.18494],[-106.44011,23.18497],[-106.44004,23.18504],[-106.43998,23.18509],[-106.43998,23.18513],[-106.43995,23.18517]]],[[[-106.43608,23.18683],[-106.4362,23.18675],[-106.43635,23.1868],[-106.43641,23.18687],[-106.43641,23.18693],[-106.43645,23.18697],[-106.43652,23.18708],[-106.43667,23.18718],[-106.43675,23.1874],[-106.43666,23.18749],[-106.43662,23.18759],[-106.43664,23.18768],[-106.43657,23.18775],[-106.43652,23.18775],[-106.43645,23.18777],[-106.43637,23.18775],[-106.43626,23.18768],[-106.43618,23.18765],[-106.43598,23.1876],[-106.43587,23.18753],[-106.43583,23.18741],[-106.43585,23.18733],[-106.43593,23.18713],[-106.43595,23.18704],[-106.43605,23.18691],[-106.43606,23.1869],[-106.43608,23.18683]]],[[[-106.46541,23.2231],[-106.46599,23.22283],[-106.4663,23.22278],[-106.46658,23.22282],[-106.46687,23.22255],[-106.46722,23.22232],[-106.46694,23.22276],[-106.46664,23.2231],[-106.4662,23.22366],[-106.46544,23.22522],[-106.4654,23.22551],[-106.46542,23.22579],[-106.46537,23.22595],[-106.46526,23.22608],[-106.46511,23.22627],[-106.4649,23.22643],[-106.46471,23.22664],[-106.46441,23.22687],[-106.4644,23.22689],[-106.46437,23.22692],[-106.4643,23.227],[-106.46423,23.22708],[-106.46415,23.22716],[-106.46403,23.22727],[-106.46393,23.22734],[-106.46382,23.2274],[-106.46375,23.22743],[-106.46373,23.22748],[-106.46372,23.22753],[-106.46373,23.22758],[-106.46383,23.22763],[-106.46389,23.22772],[-106.46354,23.22772],[-106.46346,23.22749],[-106.46336,23.22733],[-106.46326,23.22713],[-106.46303,23.22675],[-106.46293,23.22628],[-106.46291,23.22573],[-106.46299,23.22524],[-106.46328,23.22456],[-106.464,23.2239],[-106.46457,23.22351],[-106.46514,23.22334],[-106.46541,23.2231]]],[[[-106.46325,23.23291],[-106.46372,23.22783],[-106.47125,23.23487],[-106.46659,23.23908],[-106.46325,23.23291]]],[[[-106.47517,23.25843],[-106.47355,23.25155],[-106.47949,23.25035],[-106.47938,23.25666],[-106.47517,23.25843]]],[[[-108.36665,25.15808],[-108.36126,25.15694],[-108.35412,25.16184],[-108.36872,25.14887],[-108.37777,25.1582],[-108.37705,25.167],[-108.37169,25.16283],[-108.37719,25.16365],[-108.37168,25.15713],[-108.36302,25.16861],[-108.36665,25.15808]]],[[[-108.37887,25.16946],[-108.38069,25.1612],[-108.36886,25.14882],[-108.38405,25.16024],[-108.38272,25.17038],[-108.38622,25.17547],[-108.38093,25.18163],[-108.37887,25.16946]]],[[[-108.37492,25.17348],[-108.37611,25.16792],[-108.37976,25.18365],[-108.37492,25.17348]]],[[[-108.4755,27.03994],[-108.47193,27.03059],[-108.4643,27.0401],[-108.45478,27.02703],[-108.44309,27.02949],[-108.41372,27.02015],[-108.40963,27.0134],[-108.37163,27.02301],[-108.3501,27.02255],[-108.33332,27.00459],[-108.32202,27.00893],[-108.32597,27.02049],[-108.31655,27.03448],[-108.30338,27.03662],[-108.29462,27.02586],[-108.2889,27.02658],[-108.29092,27.01483],[-108.286,27.01247],[-108.26292,27.02675],[-108.26084,27.03312],[-108.25044,27.04103],[-108.24616,27.03881],[-108.24121,27.04184],[-108.22584,27.02722],[-108.21156,27.03444],[-108.20283,27.03066],[-108.19876,27.03519],[-108.19426,27.03195],[-108.19406,27.02318],[-108.18027,27.00016],[-108.18151,26.99411],[-108.1969,26.98112],[-108.20737,26.98311],[-108.21582,26.97768],[-108.21836,26.96478],[-108.23501,26.95862],[-108.22924,26.94266],[-108.23101,26.9328],[-108.22501,26.92287],[-108.23023,26.90572],[-108.20971,26.88543],[-108.20277,26.89061],[-108.20738,26.906],[-108.19007,26.89587],[-108.18391,26.89973],[-108.17454,26.88146],[-108.16855,26.89507],[-108.1559,26.89521],[-108.14754,26.9085],[-108.14309,26.90788],[-108.13959,26.89548],[-108.14424,26.86765],[-108.0941,26.87046],[-108.02681,26.79846],[-108.03764,26.76978],[-108.01425,26.77315],[-108.00569,26.76104],[-108.01371,26.75031],[-108.01922,26.73066],[-108.00928,26.72398],[-108.00677,26.71548],[-108.01174,26.68948],[-108.03032,26.67426],[-108.03171,26.66798],[-108.04268,26.66675],[-108.04652,26.65979],[-108.05594,26.65646],[-108.05627,26.65189],[-108.07792,26.64617],[-108.08159,26.64199],[-108.07442,26.63644],[-108.07455,26.62799],[-108.06881,26.63144],[-108.05866,26.62658],[-108.05157,26.62983],[-108.04452,26.62496],[-108.04514,26.61971],[-108.0318,26.61592],[-108.03543,26.60971],[-108.0325,26.60318],[-108.01217,26.59139],[-108.01247,26.57964],[-107.99204,26.56228],[-107.98974,26.54804],[-107.96101,26.52695],[-107.96198,26.5178],[-107.95545,26.50598],[-107.95726,26.49374],[-107.97051,26.48906],[-107.98561,26.4721],[-107.96963,26.47016],[-108.01279,26.43904],[-107.97302,26.39252],[-107.97411,26.38863],[-107.85625,26.22603],[-107.85401,26.19652],[-107.8409,26.18355],[-107.82401,26.18411],[-107.82274,26.18762],[-107.81824,26.18345],[-107.81027,26.18368],[-107.80453,26.1748],[-107.78891,26.16861],[-107.78068,26.13693],[-107.75516,26.13451],[-107.74791,26.14349],[-107.74759,26.15379],[-107.73786,26.15694],[-107.73871,26.16724],[-107.71742,26.16474],[-107.71107,26.17441],[-107.70613,26.17006],[-107.69918,26.17073],[-107.69631,26.16547],[-107.65275,26.16364],[-107.63574,26.15457],[-107.62076,26.16264],[-107.58202,26.17064],[-107.57752,26.16469],[-107.56538,26.16464],[-107.55567,26.15962],[-107.55395,26.15175],[-107.54327,26.14634],[-107.53999,26.1408],[-107.54367,26.13732],[-107.53738,26.13766],[-107.53458,26.13093],[-107.52626,26.12774],[-107.5281,26.12138],[-107.52001,26.10422],[-107.50611,26.11578],[-107.49216,26.11146],[-107.45999,26.13831],[-107.43103,26.14286],[-107.43234,26.13824],[-107.41611,26.14122],[-107.34652,26.10952],[-107.30488,26.0764],[-107.30668,26.04878],[-107.27634,26.00197],[-107.28237,25.98992],[-107.28003,25.95809],[-107.28703,25.95398],[-107.29612,25.92479],[-107.24246,25.89237],[-107.2465,25.87777],[-107.23937,25.88038],[-107.22902,25.86974],[-107.21311,25.86189],[-107.20694,25.86392],[-107.20886,25.85631],[-107.19457,25.8523],[-107.0579,25.75736],[-107.06467,25.74816],[-107.06049,25.73999],[-107.06473,25.73277],[-107.06421,25.71907],[-107.04807,25.71082],[-107.04689,25.70058],[-107.04312,25.69769],[-107.01067,25.69146],[-107.01061,25.69836],[-107.00551,25.69871],[-106.99029,25.71492],[-106.96531,25.69787],[-106.96914,25.683],[-106.96693,25.66833],[-106.99439,25.66179],[-106.97328,25.62957],[-107.03415,25.59632],[-107.11307,25.56106],[-107.12456,25.55041],[-107.13825,25.55219],[-107.13874,25.56009],[-107.17006,25.55954],[-107.17387,25.55655],[-107.17182,25.54279],[-107.17616,25.5444],[-107.17687,25.54082],[-107.1695,25.53246],[-107.17424,25.5291],[-107.172,25.52384],[-107.17596,25.5227],[-107.17811,25.51517],[-107.16628,25.50299],[-107.14767,25.50502],[-107.13981,25.49662],[-107.13929,25.48956],[-107.15111,25.47669],[-107.15053,25.45804],[-107.15655,25.45642],[-107.15579,25.44687],[-107.16095,25.4448],[-107.15868,25.44199],[-107.18486,25.43681],[-107.21012,25.4171],[-107.17154,25.32635],[-107.20781,25.33156],[-107.15719,25.26176],[-107.12105,25.24311],[-107.13167,25.2322],[-107.13201,25.22671],[-107.14877,25.22454],[-107.129,25.1884],[-107.12491,25.18664],[-107.12988,25.05313],[-107.06739,25.03015],[-107.06356,25.02525],[-107.06649,25.02039],[-107.06041,25.00242],[-107.01833,24.93361],[-107.02514,24.92838],[-107.02104,24.9099],[-107.00057,24.92824],[-106.97324,24.90961],[-106.951,24.88799],[-106.94627,24.88895],[-106.9345,24.88053],[-106.93061,24.87347],[-106.93285,24.87148],[-106.92707,24.86662],[-106.95141,24.85902],[-106.94638,24.8585],[-106.94395,24.85152],[-106.94313,24.84305],[-106.94648,24.83975],[-106.93805,24.83525],[-106.93065,24.82091],[-106.91927,24.81395],[-106.90294,24.82838],[-106.86584,24.82295],[-106.79612,24.75336],[-106.793,24.74391],[-106.78424,24.74145],[-106.70594,24.66526],[-106.68904,24.62375],[-106.6836,24.59853],[-106.64545,24.52898],[-106.63223,24.52999],[-106.6226,24.52489],[-106.63006,24.5065],[-106.62477,24.50023],[-106.60999,24.49785],[-106.60035,24.48321],[-106.59908,24.49099],[-106.59364,24.49505],[-106.58375,24.49076],[-106.57316,24.47762],[-106.56001,24.47271],[-106.56283,24.45878],[-106.56831,24.4531],[-106.56927,24.43702],[-106.60158,24.41456],[-106.58346,24.39027],[-106.58595,24.379],[-106.53408,24.30954],[-106.52798,24.29512],[-106.51708,24.28698],[-106.50909,24.29114],[-106.46965,24.27785],[-106.36754,24.30194],[-106.35261,24.31646],[-106.34614,24.34493],[-106.33632,24.35569],[-106.32784,24.36106],[-106.26886,24.37475],[-106.1944,24.35178],[-106.16997,24.33365],[-106.15253,24.33877],[-106.07453,24.26942],[-106.06994,24.2202],[-106.04387,24.22085],[-106.04415,24.2117],[-106.03637,24.20402],[-106.03397,24.19189],[-106.0268,24.18652],[-106.02855,24.18033],[-106.0032,24.14684],[-106.00419,24.12995],[-106.00123,24.12831],[-106.00404,24.12053],[-105.99664,24.11445],[-105.98971,24.11439],[-105.98943,24.10235],[-105.99562,24.09829],[-105.99631,24.08936],[-106.00206,24.08808],[-106.0007,24.07605],[-106.00787,24.0725],[-105.99671,24.05422],[-105.99871,24.04338],[-105.99409,24.04458],[-105.98426,24.03867],[-105.9795,24.04196],[-105.9598,24.02383],[-105.9598,24.0174],[-105.9487,24.01177],[-105.94233,24.01431],[-105.93762,24.00499],[-105.92886,23.99928],[-105.91213,23.99753],[-105.90845,23.98342],[-105.94541,23.94802],[-105.89991,23.94392],[-105.88154,23.93282],[-105.87898,23.92606],[-105.86597,23.91607],[-105.86413,23.90532],[-105.85758,23.89929],[-105.86548,23.88071],[-105.8629,23.87792],[-105.86723,23.87524],[-105.88329,23.87855],[-105.95365,23.90858],[-105.96126,23.84074],[-105.93932,23.79143],[-105.93217,23.79469],[-105.92878,23.78658],[-105.92479,23.77147],[-105.92947,23.76551],[-105.91974,23.7578],[-105.92305,23.74775],[-105.90608,23.7394],[-105.9159,23.72642],[-105.92662,23.68413],[-105.9089,23.58827],[-105.89265,23.55264],[-105.88431,23.59039],[-105.85359,23.59728],[-105.84518,23.58369],[-105.84551,23.60325],[-105.81163,23.61102],[-105.80664,23.58887],[-105.78537,23.57499],[-105.78589,23.56947],[-105.76929,23.55646],[-105.76911,23.54194],[-105.76037,23.5351],[-105.75686,23.52489],[-105.76033,23.50296],[-105.75103,23.50027],[-105.74862,23.49367],[-105.72344,23.47484],[-105.72805,23.46681],[-105.72465,23.46081],[-105.73886,23.4452],[-105.72839,23.43958],[-105.72832,23.42898],[-105.7071,23.42585],[-105.70028,23.42017],[-105.70399,23.41126],[-105.71024,23.40813],[-105.71207,23.39255],[-105.71709,23.39269],[-105.72241,23.38603],[-105.71732,23.37859],[-105.72921,23.3781],[-105.73068,23.37489],[-105.71224,23.36428],[-105.71515,23.35021],[-105.70516,23.34873],[-105.7035,23.34009],[-105.694,23.34057],[-105.70217,23.33265],[-105.69883,23.32823],[-105.70077,23.32424],[-105.69371,23.32036],[-105.69232,23.31097],[-105.69946,23.30772],[-105.68737,23.30714],[-105.69396,23.30131],[-105.68707,23.28752],[-105.67264,23.28163],[-105.66483,23.28266],[-105.6637,23.28742],[-105.6432,23.27648],[-105.64683,23.25336],[-105.63917,23.24501],[-105.64233,23.23807],[-105.63031,23.23558],[-105.62966,23.21923],[-105.63573,23.21474],[-105.6297,23.20229],[-105.63522,23.19692],[-105.63433,23.18977],[-105.64071,23.18545],[-105.63303,23.17345],[-105.63886,23.16761],[-105.63687,23.15591],[-105.64617,23.14889],[-105.64398,23.14176],[-105.62396,23.12238],[-105.61875,23.1263],[-105.61697,23.12198],[-105.60695,23.12179],[-105.60904,23.11663],[-105.59763,23.10915],[-105.58424,23.11286],[-105.5747,23.11005],[-105.57537,23.10496],[-105.56933,23.11005],[-105.5543,23.09888],[-105.5486,23.10441],[-105.53706,23.10454],[-105.53121,23.11806],[-105.50402,23.12773],[-105.45531,23.11733],[-105.42442,23.12029],[-105.41588,23.11689],[-105.40852,23.1032],[-105.39879,23.10221],[-105.39956,23.08974],[-105.39221,23.08515],[-105.41299,23.0741],[-105.40985,23.04435],[-105.41315,23.03705],[-105.40894,23.02364],[-105.43259,23.02397],[-105.4533,22.9774],[-105.50125,22.95856],[-105.4961,22.93422],[-105.49864,22.93356],[-105.47121,22.88328],[-105.48419,22.8587],[-105.47458,22.85141],[-105.47917,22.84199],[-105.48719,22.83911],[-105.48774,22.82601],[-105.4934,22.82615],[-105.49496,22.81052],[-105.5024,22.80977],[-105.50645,22.79775],[-105.51117,22.79691],[-105.50916,22.79223],[-105.51911,22.78389],[-105.5165,22.78055],[-105.5199,22.77277],[-105.52476,22.77477],[-105.51936,22.759],[-105.51407,22.75932],[-105.51525,22.73947],[-105.52288,22.72433],[-105.49805,22.65139],[-105.46395,22.65923],[-105.46038,22.64755],[-105.4702,22.64014],[-105.47419,22.63281],[-105.47267,22.62718],[-105.45045,22.62675],[-105.4481,22.61012],[-105.45598,22.59874],[-105.43759,22.58491],[-105.43629,22.53832],[-105.44402,22.53001],[-105.44172,22.52426],[-105.45447,22.51876],[-105.46083,22.50856],[-105.4632,22.5106],[-105.47405,22.5029],[-105.48159,22.50876],[-105.48379,22.51771],[-105.50317,22.52768],[-105.50956,22.51696],[-105.52193,22.52099],[-105.53359,22.51503],[-105.53993,22.53559],[-105.55251,22.53912],[-105.57364,22.53925],[-105.58388,22.53348],[-105.59828,22.53667],[-105.60165,22.54219],[-105.60047,22.55888],[-105.62203,22.57142],[-105.63094,22.59298],[-105.64215,22.59389],[-105.6392,22.57698],[-105.65401,22.58075],[-105.66055,22.58636],[-105.66996,22.57688],[-105.69855,22.56838],[-105.70006,22.56389],[-105.69912,22.55464],[-105.67523,22.5072],[-105.67264,22.47409],[-105.67703,22.46813],[-105.69247,22.46717],[-105.71411,22.47494],[-105.72701,22.49101],[-105.7502,22.53933],[-105.75829,22.53767],[-105.76021,22.55007],[-105.77402,22.57805],[-105.80289,22.62783],[-105.83171,22.66628],[-105.87085,22.70844],[-105.96401,22.7906],[-106.02793,22.83164],[-106.03448,22.82971],[-106.06553,22.87052],[-106.17478,22.9917],[-106.24539,23.0584],[-106.29219,23.09268],[-106.34135,23.14055],[-106.39738,23.18422],[-106.40958,23.18711],[-106.4142,23.178],[-106.42998,23.17657],[-106.42461,23.18598],[-106.43062,23.2034],[-106.42916,23.2083],[-106.42268,23.20957],[-106.42205,23.21675],[-106.43621,23.23287],[-106.45323,23.24148],[-106.45731,23.25216],[-106.4665,23.2606],[-106.46624,23.27162],[-106.472,23.28336],[-106.49352,23.30367],[-106.49313,23.30801],[-106.4842,23.30853],[-106.4807,23.31345],[-106.48357,23.33126],[-106.54013,23.40355],[-106.62829,23.4799],[-106.62754,23.49692],[-106.68175,23.54059],[-106.68509,23.5568],[-106.69519,23.5694],[-106.72915,23.59515],[-106.76417,23.61322],[-106.79005,23.64046],[-106.81094,23.65279],[-106.81159,23.6581],[-106.8043,23.66043],[-106.80426,23.66758],[-106.79654,23.66818],[-106.79539,23.68188],[-106.82234,23.71807],[-106.84699,23.74009],[-106.84477,23.75526],[-106.88176,23.79528],[-106.88739,23.83],[-106.89329,23.8417],[-107.01159,23.9528],[-107.13839,24.055],[-107.19002,24.09154],[-107.19952,24.10685],[-107.40747,24.23356],[-107.41436,24.24512],[-107.475,24.2922],[-107.64944,24.40699],[-107.7471,24.46553],[-107.80008,24.488],[-107.81214,24.50117],[-107.8105,24.51008],[-107.82312,24.52242],[-107.82845,24.52148],[-107.83092,24.54031],[-107.83933,24.55117],[-107.87263,24.57],[-107.8814,24.5788],[-107.93847,24.60795],[-107.99101,24.64514],[-108.00392,24.65802],[-108.01813,24.68157],[-108.01648,24.72147],[-108.0232,24.73628],[-108.04786,24.76274],[-108.07189,24.78028],[-108.0699,24.78514],[-108.08996,24.81473],[-108.12175,24.82947],[-108.1362,24.87168],[-108.22867,25.02154],[-108.27812,25.07007],[-108.33245,25.10568],[-108.3396,25.11555],[-108.33865,25.12274],[-108.33422,25.12451],[-108.35744,25.16919],[-108.39588,25.19273],[-108.40377,25.20691],[-108.45027,25.2566],[-108.49566,25.28256],[-108.5639,25.31274],[-108.6521,25.34417],[-108.7512,25.36851],[-108.80005,25.36869],[-108.86829,25.4047],[-108.91119,25.4206],[-108.96271,25.43175],[-109.02238,25.43835],[-109.03639,25.46218],[-109.04414,25.46407],[-109.06473,25.48462],[-109.08066,25.49298],[-109.08426,25.50834],[-109.11921,25.545],[-109.16292,25.56082],[-109.17152,25.58099],[-109.18489,25.5977],[-109.22545,25.62609],[-109.29629,25.6454],[-109.33324,25.64711],[-109.37315,25.63761],[-109.39815,25.63868],[-109.39214,25.64282],[-109.39049,25.6696],[-109.3997,25.68539],[-109.40964,25.75475],[-109.43359,25.80941],[-109.42077,25.85837],[-109.42112,25.89389],[-109.43718,25.91672],[-109.44768,25.94898],[-109.43455,25.99942],[-109.40831,26.05849],[-109.35931,26.12433],[-109.31028,26.20249],[-109.29572,26.23628],[-109.28679,26.27942],[-109.25188,26.31217],[-109.25831,26.31992],[-109.24678,26.31603],[-109.21563,26.33453],[-109.2101,26.34317],[-109.19312,26.34093],[-109.19026,26.33284],[-109.16493,26.30684],[-109.14959,26.3064],[-109.12523,26.29701],[-109.11965,26.30307],[-109.09667,26.31212],[-109.0742,26.35353],[-109.00643,26.40237],[-108.93651,26.39018],[-108.90917,26.41658],[-108.91011,26.42171],[-108.88138,26.40625],[-108.86033,26.43277],[-108.8761,26.44757],[-108.83775,26.47252],[-108.84747,26.48721],[-108.85673,26.48051],[-108.91466,26.47954],[-108.89131,26.48959],[-108.87314,26.55107],[-108.80641,26.5706],[-108.78771,26.56525],[-108.77708,26.57092],[-108.77658,26.58011],[-108.73428,26.59356],[-108.71073,26.59362],[-108.71058,26.58705],[-108.67882,26.58701],[-108.67898,26.64289],[-108.66725,26.6526],[-108.65767,26.66912],[-108.63036,26.67657],[-108.63369,26.67956],[-108.62986,26.68049],[-108.63179,26.6872],[-108.63598,26.69051],[-108.62838,26.71838],[-108.61772,26.722],[-108.61624,26.72646],[-108.60101,26.72722],[-108.59885,26.7503],[-108.59418,26.75917],[-108.58161,26.75909],[-108.57832,26.76277],[-108.57597,26.77776],[-108.58084,26.78957],[-108.57519,26.79321],[-108.56476,26.77848],[-108.55402,26.77985],[-108.5369,26.79842],[-108.53791,26.80412],[-108.55534,26.81158],[-108.55703,26.82375],[-108.53512,26.84097],[-108.52205,26.87967],[-108.51803,26.88042],[-108.46697,26.9707],[-108.42426,26.97623],[-108.50248,26.98735],[-108.50443,27.00718],[-108.50086,27.00443],[-108.49729,27.0134],[-108.48416,27.01743],[-108.48537,27.02783],[-108.49172,27.03138],[-108.48703,27.03253],[-108.48575,27.0375],[-108.4755,27.03994]]]]}},{"type":"Feature","properties":{"T00_CVEGEO":"26","T00_NOMGEO":"Sonora","NAME":"Sonora"},"geometry":{"type":"MultiPolygon","coordinates":[[[[-110.95087,27.86738],[-110.95108,27.86737],[-110.95124,27.8675],[-110.95123,27.86777],[-110.95123,27.86798],[-110.9512,27.86804],[-110.95107,27.86809],[-110.95097,27.86817],[-110.95093,27.86825],[-110.95088,27.86829],[-110.95083,27.86816],[-110.95086,27.86807],[-110.95086,27.86796],[-110.95078,27.86785],[-110.95074,27.86766],[-110.95078,27.86745],[-110.95087,27.86738]]],[[[-110.85927,27.87885],[-110.85954,27.87851],[-110.8597,27.87763],[-110.86006,27.87726],[-110.86024,27.87745],[-110.8605,27.8774],[-110.86089,27.87754],[-110.86115,27.87773],[-110.86137,27.87776],[-110.86152,27.87766],[-110.86164,27.87747],[-110.86182,27.8774],[-110.86188,27.87724],[-110.86217,27.87701],[-110.86252,27.87667],[-110.8631,27.87619],[-110.86329,27.87575],[-110.86353,27.87554],[-110.86382,27.87529],[-110.86383,27.87504],[-110.86393,27.87469],[-110.86461,27.87446],[-110.86484,27.8743],[-110.8652,27.87428],[-110.86558,27.87441],[-110.86596,27.87464],[-110.86602,27.87515],[-110.86582,27.87562],[-110.86498,27.87627],[-110.86409,27.87665],[-110.86313,27.87706],[-110.86268,27.87738],[-110.86251,27.87797],[-110.86229,27.87837],[-110.862,27.8785],[-110.86171,27.8785],[-110.86141,27.87854],[-110.86093,27.87922],[-110.86062,27.87957],[-110.86015,27.88005],[-110.85989,27.88062],[-110.85959,27.88084],[-110.85903,27.88008],[-110.85893,27.87952],[-110.85927,27.87885]]],[[[-110.95286,27.8757],[-110.95296,27.87559],[-110.95307,27.87551],[-110.95325,27.87548],[-110.95332,27.87552],[-110.95335,27.87571],[-110.9533,27.87566],[-110.95323,27.87562],[-110.95314,27.87569],[-110.9531,27.87584],[-110.95301,27.87594],[-110.95284,27.87604],[-110.95275,27.87608],[-110.95278,27.87619],[-110.95285,27.87622],[-110.95297,27.87635],[-110.95297,27.87637],[-110.95291,27.87646],[-110.95279,27.87651],[-110.95271,27.8766],[-110.95255,27.87673],[-110.95244,27.87681],[-110.95237,27.8768],[-110.95236,27.8767],[-110.95242,27.87661],[-110.95257,27.87649],[-110.9526,27.8763],[-110.95259,27.87624],[-110.95262,27.87615],[-110.95263,27.87607],[-110.95266,27.87597],[-110.95274,27.87576],[-110.95286,27.8757]]],[[[-110.95509,27.88496],[-110.95504,27.88486],[-110.95513,27.88476],[-110.95517,27.88465],[-110.95526,27.88451],[-110.95527,27.88438],[-110.9554,27.88436],[-110.95552,27.88439],[-110.9556,27.88434],[-110.95564,27.88424],[-110.95569,27.88415],[-110.95577,27.8841],[-110.95581,27.88415],[-110.95588,27.88422],[-110.95592,27.88429],[-110.95604,27.88433],[-110.95601,27.88435],[-110.95595,27.88436],[-110.95595,27.88441],[-110.95593,27.88445],[-110.95592,27.88449],[-110.95578,27.88455],[-110.9557,27.88464],[-110.95557,27.88469],[-110.95542,27.8848],[-110.9554,27.88486],[-110.95536,27.8849],[-110.9553,27.88495],[-110.95517,27.88495],[-110.95509,27.88496]]],[[[-110.83306,27.90088],[-110.84139,27.88776],[-110.84704,27.88713],[-110.8486,27.89124],[-110.84551,27.88836],[-110.83921,27.899],[-110.83306,27.90088]]],[[[-110.90064,27.8996],[-110.90053,27.8996],[-110.90042,27.89952],[-110.90031,27.89929],[-110.90031,27.89912],[-110.90032,27.89895],[-110.90044,27.89881],[-110.90065,27.89872],[-110.90081,27.89874],[-110.90092,27.89876],[-110.90106,27.89878],[-110.90119,27.89894],[-110.90124,27.89901],[-110.90126,27.89913],[-110.90127,27.89933],[-110.90128,27.89943],[-110.9012,27.89954],[-110.90113,27.89956],[-110.90094,27.89958],[-110.9008,27.89959],[-110.90064,27.8996]]],[[[-110.89851,27.90029],[-110.89868,27.90025],[-110.89889,27.90031],[-110.89903,27.90039],[-110.89913,27.90053],[-110.89921,27.90067],[-110.89922,27.90082],[-110.89919,27.90092],[-110.89907,27.90106],[-110.89883,27.9011],[-110.89863,27.90108],[-110.89854,27.90104],[-110.89837,27.90091],[-110.89836,27.90079],[-110.89836,27.90062],[-110.89839,27.90043],[-110.89851,27.90029]]],[[[-110.88042,27.90794],[-110.88091,27.90791],[-110.88167,27.90814],[-110.88208,27.90854],[-110.88209,27.90867],[-110.88202,27.90882],[-110.88197,27.90893],[-110.88197,27.9091],[-110.88198,27.90922],[-110.88199,27.90947],[-110.88194,27.9096],[-110.88188,27.90984],[-110.88171,27.91004],[-110.8816,27.91017],[-110.88156,27.91029],[-110.88147,27.91043],[-110.88127,27.9106],[-110.88115,27.91062],[-110.88096,27.91066],[-110.88093,27.91076],[-110.88093,27.91083],[-110.88081,27.91088],[-110.88063,27.91089],[-110.88051,27.91091],[-110.88036,27.91092],[-110.88025,27.91097],[-110.88016,27.91098],[-110.87997,27.91099],[-110.87954,27.91095],[-110.87934,27.91097],[-110.87927,27.91084],[-110.87915,27.91068],[-110.8791,27.91055],[-110.87905,27.91041],[-110.87907,27.91031],[-110.87909,27.91026],[-110.87902,27.91009],[-110.87898,27.90994],[-110.87894,27.9097],[-110.87893,27.90959],[-110.87896,27.90947],[-110.87902,27.90939],[-110.87902,27.90924],[-110.8791,27.90891],[-110.8793,27.90872],[-110.87942,27.90864],[-110.87966,27.90842],[-110.87991,27.9082],[-110.87996,27.90808],[-110.88042,27.90794]]],[[[-110.87023,27.91239],[-110.87497,27.90662],[-110.87476,27.91142],[-110.87023,27.91239]]],[[[-110.96852,27.90853],[-110.96869,27.90847],[-110.9689,27.90849],[-110.96901,27.9085],[-110.96913,27.90846],[-110.96926,27.90846],[-110.96935,27.90846],[-110.96946,27.90848],[-110.96957,27.9085],[-110.96966,27.90851],[-110.96978,27.90852],[-110.96994,27.90852],[-110.97012,27.90854],[-110.97026,27.90858],[-110.97032,27.90862],[-110.97042,27.90869],[-110.97048,27.90877],[-110.97055,27.90885],[-110.97069,27.90894],[-110.97079,27.90897],[-110.97085,27.90901],[-110.97093,27.90905],[-110.97094,27.90908],[-110.97091,27.90924],[-110.9708,27.90942],[-110.97072,27.90951],[-110.97054,27.90962],[-110.9703,27.9097],[-110.96998,27.90971],[-110.96963,27.90971],[-110.9693,27.90971],[-110.96909,27.90968],[-110.96898,27.90959],[-110.96881,27.90942],[-110.96864,27.9093],[-110.96851,27.9092],[-110.96835,27.90907],[-110.96834,27.90888],[-110.96839,27.90867],[-110.96852,27.90853]]],[[[-110.99169,27.92581],[-110.99165,27.92575],[-110.99151,27.92577],[-110.9915,27.92575],[-110.99128,27.92578],[-110.9912,27.92573],[-110.99112,27.92559],[-110.9911,27.9255],[-110.99131,27.92543],[-110.99141,27.92539],[-110.99165,27.9253],[-110.99175,27.92525],[-110.99192,27.92531],[-110.99196,27.92545],[-110.99208,27.92556],[-110.99224,27.92563],[-110.99235,27.92564],[-110.99238,27.92573],[-110.99236,27.92577],[-110.99228,27.92582],[-110.99212,27.92586],[-110.99197,27.92593],[-110.99185,27.92596],[-110.99173,27.92591],[-110.99169,27.92581]]],[[[-111.05873,27.92959],[-111.05908,27.92951],[-111.05946,27.92956],[-111.05964,27.92967],[-111.05981,27.9299],[-111.05987,27.9301],[-111.05987,27.93031],[-111.05984,27.93059],[-111.05981,27.93082],[-111.05982,27.93089],[-111.05975,27.93093],[-111.05958,27.93095],[-111.05944,27.93093],[-111.05926,27.93088],[-111.05914,27.93079],[-111.0591,27.93061],[-111.05928,27.9304],[-111.05926,27.93029],[-111.05897,27.93011],[-111.05883,27.93006],[-111.05855,27.92998],[-111.05851,27.92988],[-111.05856,27.92976],[-111.05873,27.92959]]],[[[-110.99198,27.93519],[-110.99188,27.93516],[-110.99174,27.93518],[-110.99159,27.9352],[-110.99149,27.93526],[-110.9914,27.93532],[-110.99123,27.93535],[-110.99089,27.93538],[-110.99062,27.93535],[-110.99039,27.93524],[-110.9901,27.93511],[-110.98998,27.93492],[-110.98988,27.93472],[-110.9899,27.93452],[-110.99004,27.93445],[-110.99016,27.9344],[-110.99023,27.93432],[-110.9903,27.93419],[-110.99028,27.93402],[-110.9901,27.9339],[-110.99002,27.93376],[-110.99007,27.93359],[-110.99018,27.93355],[-110.99039,27.9335],[-110.99049,27.93346],[-110.99058,27.93338],[-110.99055,27.93308],[-110.99067,27.93296],[-110.99086,27.93291],[-110.99108,27.93291],[-110.99119,27.93298],[-110.99121,27.93309],[-110.99102,27.93325],[-110.9909,27.93334],[-110.99081,27.93345],[-110.99079,27.93357],[-110.99078,27.93367],[-110.99078,27.93378],[-110.99081,27.9339],[-110.9909,27.93405],[-110.99108,27.93415],[-110.99127,27.93417],[-110.99143,27.9342],[-110.99153,27.9342],[-110.99163,27.93419],[-110.99175,27.93419],[-110.99182,27.93421],[-110.99187,27.93423],[-110.99196,27.93427],[-110.99199,27.93435],[-110.99205,27.93445],[-110.99219,27.93453],[-110.99235,27.93451],[-110.99241,27.93451],[-110.99261,27.93459],[-110.99282,27.93462],[-110.993,27.93457],[-110.99302,27.93467],[-110.99297,27.93472],[-110.99302,27.93494],[-110.99303,27.93507],[-110.99301,27.93524],[-110.99287,27.93529],[-110.99264,27.93532],[-110.99243,27.93532],[-110.99221,27.93529],[-110.99209,27.93525],[-110.99198,27.93519]]],[[[-111.05089,27.93505],[-111.051,27.93503],[-111.05114,27.93503],[-111.05125,27.93506],[-111.05129,27.93514],[-111.05129,27.93521],[-111.05135,27.93528],[-111.05142,27.9353],[-111.05149,27.9353],[-111.05154,27.9353],[-111.0516,27.93538],[-111.05165,27.93548],[-111.05173,27.93555],[-111.05177,27.9356],[-111.05177,27.93565],[-111.05177,27.93573],[-111.05175,27.93575],[-111.05166,27.93576],[-111.05163,27.9358],[-111.05159,27.9359],[-111.05159,27.93609],[-111.05163,27.93623],[-111.05163,27.93638],[-111.05159,27.93645],[-111.05143,27.9365],[-111.05126,27.93649],[-111.05119,27.93642],[-111.05115,27.93628],[-111.05113,27.93624],[-111.05105,27.93614],[-111.05099,27.93609],[-111.05093,27.93605],[-111.05091,27.93598],[-111.05085,27.93592],[-111.05079,27.93589],[-111.05075,27.93582],[-111.05073,27.93568],[-111.05073,27.93557],[-111.05077,27.93548],[-111.05079,27.93535],[-111.05082,27.93525],[-111.05082,27.93516],[-111.05084,27.93509],[-111.05089,27.93505]]],[[[-111.05138,27.93895],[-111.05159,27.93885],[-111.05174,27.93889],[-111.05178,27.939],[-111.05183,27.93915],[-111.05184,27.93925],[-111.05195,27.93946],[-111.0521,27.93975],[-111.05211,27.93996],[-111.05217,27.94017],[-111.05215,27.94041],[-111.05226,27.94054],[-111.0523,27.94062],[-111.05223,27.94074],[-111.05227,27.94089],[-111.05232,27.94123],[-111.05229,27.94158],[-111.05225,27.9416],[-111.05216,27.94159],[-111.05195,27.9413],[-111.05183,27.94122],[-111.0516,27.9411],[-111.05138,27.941],[-111.05123,27.94093],[-111.05114,27.94071],[-111.05111,27.94058],[-111.05107,27.9404],[-111.05101,27.94025],[-111.05088,27.94019],[-111.05085,27.94004],[-111.05084,27.93984],[-111.05093,27.93975],[-111.05097,27.93958],[-111.05112,27.93946],[-111.05137,27.93942],[-111.05164,27.93939],[-111.05168,27.93934],[-111.05158,27.93926],[-111.05142,27.93923],[-111.05126,27.93922],[-111.0512,27.93916],[-111.05124,27.93904],[-111.05138,27.93895]]],[[[-111.02874,27.95266],[-111.02868,27.95257],[-111.02856,27.9526],[-111.02849,27.95265],[-111.02839,27.95267],[-111.02825,27.95267],[-111.02814,27.95262],[-111.02795,27.95257],[-111.0279,27.95249],[-111.02797,27.9524],[-111.028,27.95229],[-111.02806,27.95216],[-111.02813,27.95208],[-111.02819,27.952],[-111.02828,27.95196],[-111.02826,27.95168],[-111.02829,27.95141],[-111.02839,27.95126],[-111.02844,27.95108],[-111.02853,27.95092],[-111.02856,27.95058],[-111.02858,27.95025],[-111.02867,27.95011],[-111.02877,27.95],[-111.02887,27.94989],[-111.02893,27.94978],[-111.02898,27.94964],[-111.02904,27.94927],[-111.0291,27.94903],[-111.02912,27.94852],[-111.02924,27.94846],[-111.02941,27.94854],[-111.02995,27.94858],[-111.03002,27.94848],[-111.0302,27.94845],[-111.03031,27.94848],[-111.0304,27.94837],[-111.03048,27.9483],[-111.03054,27.94824],[-111.03064,27.94814],[-111.03073,27.94791],[-111.03078,27.94773],[-111.03084,27.9475],[-111.03093,27.94722],[-111.03116,27.94701],[-111.03148,27.94694],[-111.03189,27.94699],[-111.03208,27.94705],[-111.03207,27.94719],[-111.03193,27.94743],[-111.03182,27.94764],[-111.03173,27.94775],[-111.03161,27.94784],[-111.03159,27.94787],[-111.03154,27.94799],[-111.03153,27.94812],[-111.0314,27.94828],[-111.0312,27.94848],[-111.03118,27.9487],[-111.03121,27.94888],[-111.03119,27.94903],[-111.03115,27.94912],[-111.03101,27.94919],[-111.0309,27.94932],[-111.03089,27.94949],[-111.03087,27.94969],[-111.03086,27.94979],[-111.03084,27.94989],[-111.0307,27.94997],[-111.03061,27.95014],[-111.03057,27.95038],[-111.03052,27.95051],[-111.03044,27.95059],[-111.03032,27.95067],[-111.03028,27.95076],[-111.03027,27.95085],[-111.03023,27.95097],[-111.03014,27.95111],[-111.02996,27.95116],[-111.02984,27.95125],[-111.0298,27.95136],[-111.02974,27.95155],[-111.02961,27.95169],[-111.0295,27.95179],[-111.02936,27.95183],[-111.02927,27.95192],[-111.02921,27.9521],[-111.02923,27.95232],[-111.02926,27.9525],[-111.02926,27.95263],[-111.02927,27.9528],[-111.02925,27.95298],[-111.0292,27.95304],[-111.02905,27.95307],[-111.02887,27.953],[-111.02879,27.95287],[-111.02874,27.95266]]],[[[-111.12086,27.95335],[-111.12479,27.95274],[-111.11915,27.95959],[-111.12086,27.95335]]],[[[-111.37862,27.97408],[-111.36906,27.96159],[-111.36712,27.95268],[-111.38179,27.96053],[-111.38866,27.9716],[-111.39007,27.9851],[-111.37862,27.97408]]],[[[-112.29273,28.72853],[-112.28303,28.71451],[-112.28618,28.70934],[-112.29086,28.71226],[-112.29823,28.73521],[-112.29273,28.72853]]],[[[-112.55339,28.73071],[-112.54802,28.72914],[-112.54209,28.71147],[-112.54654,28.70153],[-112.54533,28.68633],[-112.55387,28.67197],[-112.5725,28.66836],[-112.59819,28.67248],[-112.60567,28.66767],[-112.60131,28.67688],[-112.61304,28.70517],[-112.60986,28.71591],[-112.61214,28.72656],[-112.59422,28.73196],[-112.56954,28.72845],[-112.55757,28.73469],[-112.55339,28.73071]]],[[[-111.9663,28.8088],[-111.97354,28.80908],[-111.96523,28.81666],[-111.9663,28.8088]]],[[[-112.29183,29.22627],[-112.30043,29.22273],[-112.28728,29.21869],[-112.27772,29.20457],[-112.27231,29.20463],[-112.27189,29.19722],[-112.26247,29.19377],[-112.27102,29.18532],[-112.26966,29.17507],[-112.26531,29.17843],[-112.27016,29.17931],[-112.26439,29.17851],[-112.27479,29.16491],[-112.27145,29.15436],[-112.27437,29.13679],[-112.23245,29.09203],[-112.23457,29.08719],[-112.22308,29.06966],[-112.21896,29.05406],[-112.21016,29.04582],[-112.20426,29.02513],[-112.19507,29.0207],[-112.19835,29.01429],[-112.19548,29.00902],[-112.19994,29.01387],[-112.19748,29.01808],[-112.2025,29.01466],[-112.20512,29.00066],[-112.19543,29.00582],[-112.21172,28.99309],[-112.21537,28.95688],[-112.20873,28.96639],[-112.19093,28.97667],[-112.19324,28.97851],[-112.18935,28.977],[-112.20883,28.96605],[-112.21485,28.95687],[-112.22984,28.90415],[-112.24209,28.89091],[-112.23787,28.88031],[-112.23954,28.87174],[-112.257,28.85809],[-112.258,28.84297],[-112.2752,28.81664],[-112.27721,28.80406],[-112.27278,28.80211],[-112.27477,28.79376],[-112.26927,28.79],[-112.27286,28.78933],[-112.27356,28.78389],[-112.2544,28.77296],[-112.25365,28.76781],[-112.2585,28.76951],[-112.26734,28.76494],[-112.27765,28.76935],[-112.29548,28.76112],[-112.31018,28.74684],[-112.31356,28.74789],[-112.31335,28.75356],[-112.32184,28.75452],[-112.32856,28.76358],[-112.34835,28.76642],[-112.35892,28.75971],[-112.3645,28.77356],[-112.38589,28.77731],[-112.40682,28.79948],[-112.42557,28.7977],[-112.43847,28.80317],[-112.46148,28.80263],[-112.46703,28.80728],[-112.46812,28.81795],[-112.47235,28.82172],[-112.49369,28.82266],[-112.50355,28.83853],[-112.54385,28.85495],[-112.55488,28.86798],[-112.56413,28.87089],[-112.57282,28.86847],[-112.58436,28.87663],[-112.56984,28.87981],[-112.56336,28.89151],[-112.55972,28.88826],[-112.55051,28.89251],[-112.51717,28.91524],[-112.50524,28.92663],[-112.50112,28.9389],[-112.48949,28.94904],[-112.48669,28.96126],[-112.49317,28.96978],[-112.49015,28.98305],[-112.50057,28.9949],[-112.50121,29.00677],[-112.50641,29.01393],[-112.50169,29.02264],[-112.5046,29.04201],[-112.50004,29.04841],[-112.50583,29.06307],[-112.49398,29.07339],[-112.48787,29.12992],[-112.47739,29.14193],[-112.47775,29.16722],[-112.46784,29.17529],[-112.46156,29.18832],[-112.44897,29.1999],[-112.44288,29.19641],[-112.43553,29.20005],[-112.42054,29.18593],[-112.40912,29.18597],[-112.39399,29.19341],[-112.35997,29.22022],[-112.31797,29.22005],[-112.29183,29.22627]]],[[[-114.67971,31.75698],[-114.62487,31.75755],[-114.60621,31.75368],[-114.59571,31.74725],[-114.60398,31.73269],[-114.61933,31.72846],[-114.66335,31.7446],[-114.68449,31.75666],[-114.67971,31.75698]]],[[[-114.88258,32.49214],[-114.84839,32.47341],[-114.83246,32.4814],[-114.81818,32.48144],[-114.81239,32.49369],[-114.10996,32.28159],[-113.21019,31.99997],[-112.12049,31.66493],[-111.07499,31.33256],[-108.75591,31.33241],[-108.81722,31.239],[-108.8798,31.23878],[-108.89832,31.22523],[-108.90664,31.20805],[-108.90032,31.20245],[-108.86068,31.21892],[-108.84832,31.1951],[-108.80501,31.19295],[-108.835,31.16933],[-108.84563,31.13557],[-108.83329,31.12545],[-108.76999,31.10247],[-108.76615,31.07362],[-108.75044,31.06975],[-108.72989,31.05215],[-108.75246,31.03384],[-108.68438,31.03373],[-108.6838,31.00597],[-108.80325,31.00482],[-108.80238,30.9041],[-108.93923,30.90756],[-108.92984,30.86102],[-108.93545,30.77363],[-108.94829,30.73691],[-108.91896,30.73935],[-108.88691,30.71928],[-108.86692,30.68938],[-108.87773,30.63783],[-108.87646,30.62457],[-108.84827,30.61425],[-108.83064,30.60173],[-108.76201,30.58727],[-108.75653,30.59607],[-108.72666,30.59454],[-108.72743,30.58047],[-108.68739,30.55476],[-108.67778,30.55707],[-108.67408,30.53229],[-108.66196,30.52194],[-108.65711,30.47031],[-108.66476,30.46815],[-108.60383,30.46511],[-108.61355,30.43571],[-108.64864,30.41686],[-108.61983,30.37479],[-108.62205,30.34031],[-108.58,30.33748],[-108.57491,30.32754],[-108.57144,30.32773],[-108.56576,30.30818],[-108.54219,30.28351],[-108.55054,30.26664],[-108.56499,30.26973],[-108.58306,30.28141],[-108.58352,30.2854],[-108.62021,30.29822],[-108.61165,30.10234],[-108.61821,30.08945],[-108.61452,30.08927],[-108.61473,30.05783],[-108.60691,30.02861],[-108.61549,29.96587],[-108.6287,29.95303],[-108.62286,29.95047],[-108.61485,29.89512],[-108.61468,29.88446],[-108.62168,29.8782],[-108.60719,29.84714],[-108.63571,29.82968],[-108.62943,29.80627],[-108.61855,29.80046],[-108.54125,29.79613],[-108.53495,29.75136],[-108.54077,29.73622],[-108.59274,29.72839],[-108.59252,29.71764],[-108.65909,29.71612],[-108.64516,29.69195],[-108.61827,29.66052],[-108.65498,29.64943],[-108.64465,29.62754],[-108.64632,29.61044],[-108.64113,29.58888],[-108.6595,29.58404],[-108.63831,29.55831],[-108.6623,29.54448],[-108.6487,29.5091],[-108.62515,29.50103],[-108.64398,29.48883],[-108.6896,29.484],[-108.69432,29.46711],[-108.71774,29.46595],[-108.71907,29.45978],[-108.70737,29.43947],[-108.70361,29.40845],[-108.66972,29.30741],[-108.6822,29.26743],[-108.73029,29.26909],[-108.73066,29.2634],[-108.75004,29.25672],[-108.75429,29.25945],[-108.76188,29.25388],[-108.75109,29.25093],[-108.74123,29.24042],[-108.74282,29.22586],[-108.7354,29.21771],[-108.73982,29.20082],[-108.75386,29.20009],[-108.74529,29.16234],[-108.72884,29.1718],[-108.70949,29.14913],[-108.69852,29.12773],[-108.70825,29.11427],[-108.72958,29.09653],[-108.72746,29.08576],[-108.71152,29.08741],[-108.70943,29.083],[-108.71496,29.0766],[-108.7131,29.07036],[-108.72434,29.06989],[-108.7113,29.00348],[-108.71421,29.00146],[-108.69814,28.93626],[-108.70593,28.90658],[-108.70891,28.9059],[-108.7049,28.90023],[-108.70979,28.88951],[-108.70597,28.88924],[-108.70683,28.88426],[-108.68712,28.87565],[-108.67817,28.86327],[-108.68119,28.85477],[-108.65784,28.80922],[-108.62962,28.81172],[-108.62381,28.80612],[-108.62439,28.80011],[-108.63632,28.79188],[-108.64555,28.79472],[-108.64328,28.76506],[-108.62522,28.75933],[-108.62073,28.75032],[-108.58378,28.74013],[-108.5839,28.66593],[-108.57897,28.65733],[-108.58014,28.63244],[-108.56439,28.61271],[-108.56135,28.59117],[-108.53128,28.55666],[-108.53185,28.53897],[-108.52328,28.50591],[-108.50766,28.50821],[-108.50479,28.49335],[-108.51369,28.48449],[-108.51346,28.4729],[-108.52038,28.45975],[-108.51743,28.45562],[-108.50413,28.45443],[-108.51362,28.4396],[-108.51553,28.42628],[-108.48897,28.37511],[-108.47969,28.36955],[-108.50136,28.35572],[-108.50567,28.3608],[-108.52164,28.36506],[-108.51963,28.33476],[-108.55092,28.31805],[-108.6035,28.34756],[-108.61116,28.33525],[-108.63617,28.33522],[-108.63548,28.30625],[-108.64128,28.2916],[-108.64435,28.29828],[-108.65582,28.3018],[-108.66192,28.29547],[-108.67648,28.30289],[-108.68722,28.30346],[-108.75097,28.27156],[-108.79667,28.26716],[-108.79165,28.25361],[-108.83041,28.26504],[-108.84199,28.25325],[-108.85137,28.25948],[-108.85608,28.25153],[-108.88065,28.26472],[-108.91267,28.26],[-108.922,28.25149],[-108.92881,28.25955],[-108.96725,28.265],[-108.97366,28.27309],[-108.98355,28.27696],[-108.98607,28.28371],[-108.9829,28.28706],[-108.98905,28.29145],[-108.98904,28.29681],[-108.99396,28.29796],[-108.99691,28.29549],[-108.99553,28.28638],[-108.98704,28.27783],[-108.9883,28.26254],[-108.99743,28.25505],[-109.02277,28.27753],[-109.04067,28.26699],[-109.04638,28.27317],[-109.04575,28.28116],[-109.05044,28.28084],[-109.05187,28.27642],[-109.0595,28.28473],[-109.06869,28.28613],[-109.05843,28.26726],[-109.06882,28.27365],[-109.07488,28.2726],[-109.06198,28.1992],[-109.07288,28.14857],[-109.06678,28.14171],[-109.06855,28.13012],[-109.06279,28.1258],[-109.04894,28.09265],[-109.05178,28.09014],[-109.04155,28.06388],[-109.03189,28.01828],[-109.01635,28.00802],[-108.99167,27.97998],[-108.98197,27.98027],[-108.9637,27.97252],[-108.9503,27.95404],[-108.9265,27.94059],[-108.92452,27.90086],[-108.91486,27.854],[-108.86913,27.83928],[-108.88607,27.81367],[-108.90451,27.80768],[-108.91045,27.80913],[-108.92028,27.78397],[-108.89551,27.7448],[-108.83295,27.74435],[-108.81699,27.73216],[-108.80737,27.73799],[-108.79927,27.72302],[-108.78448,27.73046],[-108.78444,27.7149],[-108.76601,27.70583],[-108.77278,27.6965],[-108.76475,27.69349],[-108.76234,27.67504],[-108.7493,27.66473],[-108.75419,27.63673],[-108.73984,27.59995],[-108.72295,27.58814],[-108.7128,27.56624],[-108.65527,27.54379],[-108.6524,27.53703],[-108.65577,27.47731],[-108.65301,27.46903],[-108.66164,27.46474],[-108.63341,27.42813],[-108.62773,27.41056],[-108.62912,27.38292],[-108.59104,27.31808],[-108.62558,27.28924],[-108.64733,27.25698],[-108.66437,27.23939],[-108.65808,27.23165],[-108.66257,27.21954],[-108.65333,27.18998],[-108.64933,27.1912],[-108.64751,27.1867],[-108.65321,27.17605],[-108.64431,27.17881],[-108.62241,27.15689],[-108.61142,27.15414],[-108.60072,27.11897],[-108.59695,27.0769],[-108.60618,27.06358],[-108.60227,27.03694],[-108.56253,27.04601],[-108.57224,27.01265],[-108.55175,26.99714],[-108.42426,26.97623],[-108.46697,26.9707],[-108.51803,26.88042],[-108.52205,26.87967],[-108.53512,26.84097],[-108.55703,26.82375],[-108.55534,26.81158],[-108.53791,26.80412],[-108.5369,26.79842],[-108.55402,26.77985],[-108.56476,26.77848],[-108.57519,26.79321],[-108.58084,26.78957],[-108.57597,26.77776],[-108.57832,26.76277],[-108.58161,26.75909],[-108.59418,26.75917],[-108.59885,26.7503],[-108.60101,26.72722],[-108.61624,26.72646],[-108.61772,26.722],[-108.62838,26.71838],[-108.63598,26.69051],[-108.63179,26.6872],[-108.62986,26.68049],[-108.63369,26.67956],[-108.63036,26.67657],[-108.65767,26.66912],[-108.66725,26.6526],[-108.67898,26.64289],[-108.67882,26.58701],[-108.71058,26.58705],[-108.71073,26.59362],[-108.73428,26.59356],[-108.77658,26.58011],[-108.77708,26.57092],[-108.78771,26.56525],[-108.80641,26.5706],[-108.87314,26.55107],[-108.89131,26.48959],[-108.91466,26.47954],[-108.85673,26.48051],[-108.84747,26.48721],[-108.83775,26.47252],[-108.8761,26.44757],[-108.86033,26.43277],[-108.88138,26.40625],[-108.91011,26.42171],[-108.90917,26.41658],[-108.93651,26.39018],[-109.00643,26.40237],[-109.0742,26.35353],[-109.09667,26.31212],[-109.11965,26.30307],[-109.12523,26.29701],[-109.14959,26.3064],[-109.16493,26.30684],[-109.19026,26.33284],[-109.19312,26.34093],[-109.20253,26.34445],[-109.21127,26.34273],[-109.21563,26.33453],[-109.24678,26.31603],[-109.26,26.3197],[-109.25202,26.41223],[-109.25522,26.45005],[-109.2677,26.50161],[-109.28597,26.53548],[-109.3097,26.56506],[-109.33176,26.58387],[-109.35817,26.59932],[-109.38289,26.63469],[-109.40295,26.65347],[-109.43023,26.66832],[-109.47491,26.67627],[-109.48547,26.68399],[-109.49318,26.67858],[-109.49203,26.67281],[-109.49595,26.67026],[-109.5335,26.68365],[-109.60668,26.69489],[-109.65173,26.69292],[-109.66248,26.68794],[-109.66498,26.6741],[-109.68062,26.67494],[-109.77108,26.70914],[-109.82222,26.75384],[-109.84983,26.78996],[-109.87314,26.87842],[-109.89007,26.92247],[-109.91444,26.95804],[-109.94437,26.99167],[-109.94662,27.00284],[-109.93985,27.00934],[-109.94166,27.01796],[-109.95414,27.0411],[-109.9672,27.05418],[-110.01883,27.07749],[-110.04554,27.08426],[-110.05753,27.08031],[-110.08424,27.09984],[-110.10967,27.11025],[-110.25409,27.1395],[-110.30455,27.1545],[-110.33202,27.17231],[-110.41326,27.25279],[-110.43989,27.27134],[-110.49523,27.28928],[-110.52282,27.29162],[-110.53544,27.28565],[-110.59669,27.3114],[-110.60249,27.3198],[-110.60609,27.3468],[-110.59089,27.43973],[-110.58849,27.52811],[-110.59616,27.53783],[-110.6265,27.62028],[-110.6248,27.64085],[-110.61689,27.66572],[-110.60953,27.66713],[-110.61269,27.6615],[-110.61039,27.6536],[-110.60689,27.66],[-110.60089,27.7005],[-110.61629,27.7792],[-110.61615,27.8093],[-110.61214,27.81398],[-110.61436,27.79565],[-110.60509,27.811],[-110.59679,27.8138],[-110.59859,27.8165],[-110.59409,27.8156],[-110.59749,27.8178],[-110.58969,27.824],[-110.58939,27.83],[-110.58289,27.8311],[-110.58709,27.8314],[-110.58299,27.8341],[-110.59069,27.8418],[-110.58989,27.8455],[-110.58219,27.8392],[-110.58159,27.8339],[-110.56669,27.841],[-110.56369,27.8346],[-110.54849,27.8321],[-110.54898,27.83942],[-110.54464,27.84252],[-110.53763,27.83835],[-110.52201,27.84104],[-110.52646,27.8508],[-110.5424,27.85659],[-110.55878,27.87309],[-110.57809,27.88235],[-110.61068,27.88838],[-110.63099,27.88225],[-110.6427,27.88803],[-110.64365,27.89654],[-110.63981,27.89874],[-110.64815,27.90391],[-110.65216,27.9018],[-110.65512,27.90515],[-110.66538,27.89521],[-110.64892,27.89204],[-110.64572,27.88399],[-110.62895,27.87814],[-110.62756,27.87004],[-110.61919,27.87109],[-110.61907,27.86439],[-110.61048,27.85817],[-110.65442,27.88875],[-110.67241,27.89253],[-110.68043,27.88998],[-110.6998,27.90016],[-110.72917,27.90884],[-110.79683,27.91903],[-110.82849,27.9167],[-110.84245,27.91038],[-110.8532,27.91234],[-110.85613,27.91902],[-110.84546,27.9132],[-110.81441,27.92281],[-110.81314,27.91941],[-110.79944,27.92009],[-110.8122,27.92325],[-110.81509,27.93731],[-110.82237,27.95056],[-110.82888,27.95432],[-110.8452,27.95248],[-110.8541,27.94681],[-110.85588,27.94275],[-110.85279,27.94196],[-110.86085,27.9379],[-110.85225,27.93646],[-110.86136,27.93636],[-110.85871,27.93479],[-110.86139,27.92104],[-110.86361,27.91943],[-110.86304,27.92562],[-110.86837,27.92631],[-110.86631,27.91568],[-110.87367,27.91528],[-110.87698,27.92419],[-110.88319,27.92003],[-110.8834,27.92491],[-110.89055,27.92037],[-110.89416,27.90663],[-110.90107,27.90754],[-110.89827,27.90337],[-110.9072,27.89758],[-110.90759,27.89151],[-110.89941,27.8968],[-110.89574,27.89381],[-110.88942,27.89872],[-110.89316,27.90183],[-110.8878,27.90148],[-110.88597,27.90558],[-110.8795,27.90188],[-110.88508,27.90217],[-110.88436,27.89628],[-110.86534,27.90321],[-110.85582,27.8999],[-110.86699,27.89544],[-110.85877,27.89568],[-110.87161,27.88348],[-110.86421,27.88489],[-110.86387,27.88122],[-110.86931,27.88],[-110.86398,27.87808],[-110.87083,27.87559],[-110.87077,27.86567],[-110.87465,27.86761],[-110.88104,27.86402],[-110.8749,27.86152],[-110.87601,27.85149],[-110.8839,27.84764],[-110.88386,27.83945],[-110.88998,27.83971],[-110.88792,27.84922],[-110.89415,27.85615],[-110.903,27.85594],[-110.90605,27.86048],[-110.90338,27.86691],[-110.92579,27.86824],[-110.92441,27.87595],[-110.9328,27.88167],[-110.94264,27.86904],[-110.95034,27.86848],[-110.94901,27.88931],[-110.96162,27.89425],[-110.9622,27.90458],[-110.96664,27.90553],[-110.9604,27.90479],[-110.94727,27.91159],[-110.94658,27.92143],[-110.95106,27.92783],[-110.96325,27.92496],[-110.97061,27.92847],[-110.97948,27.9464],[-110.97762,27.95311],[-110.98399,27.95843],[-111.0153,27.96363],[-111.03996,27.95696],[-111.04265,27.95098],[-111.05016,27.94982],[-111.04865,27.94094],[-111.05522,27.94169],[-111.05997,27.92779],[-111.0661,27.94067],[-111.06757,27.93734],[-111.07113,27.94025],[-111.07712,27.93614],[-111.0897,27.9373],[-111.09204,27.94105],[-111.09602,27.93597],[-111.10497,27.93674],[-111.10103,27.94211],[-111.10422,27.94481],[-111.09415,27.9474],[-111.09927,27.96124],[-111.11227,27.96614],[-111.11675,27.96099],[-111.11437,27.96722],[-111.11781,27.97538],[-111.12604,27.97954],[-111.13133,27.97511],[-111.13864,27.98536],[-111.14854,27.98398],[-111.16815,27.99417],[-111.17374,27.9917],[-111.18836,28.0208],[-111.19741,28.02272],[-111.21186,28.04197],[-111.24219,28.04994],[-111.23776,28.05367],[-111.24259,28.05823],[-111.24726,28.05831],[-111.25025,28.0524],[-111.25501,28.05416],[-111.25207,28.0637],[-111.25868,28.06468],[-111.25658,28.06944],[-111.26648,28.07774],[-111.27721,28.081],[-111.27317,28.0901],[-111.28191,28.08992],[-111.28306,28.10427],[-111.28737,28.10571],[-111.28497,28.11376],[-111.2896,28.1145],[-111.28977,28.11986],[-111.29504,28.12374],[-111.29362,28.13082],[-111.29838,28.13154],[-111.29748,28.1345],[-111.30125,28.13124],[-111.30125,28.13623],[-111.31493,28.14043],[-111.31389,28.14865],[-111.33002,28.1582],[-111.33414,28.17294],[-111.33241,28.19045],[-111.33658,28.19974],[-111.34234,28.20133],[-111.34383,28.20968],[-111.3531,28.2122],[-111.35859,28.21944],[-111.3771,28.2188],[-111.37872,28.22788],[-111.37301,28.23376],[-111.37894,28.24479],[-111.38285,28.24372],[-111.38871,28.24919],[-111.38555,28.25813],[-111.3904,28.2709],[-111.40015,28.27631],[-111.40788,28.27301],[-111.41368,28.28554],[-111.42544,28.28697],[-111.42714,28.29433],[-111.43295,28.29401],[-111.44313,28.30601],[-111.44919,28.30572],[-111.45145,28.31354],[-111.45702,28.31595],[-111.4527,28.32436],[-111.462,28.34137],[-111.45764,28.34426],[-111.45664,28.35427],[-111.46509,28.36889],[-111.50501,28.39263],[-111.58191,28.4151],[-111.6445,28.44352],[-111.71226,28.45898],[-111.71152,28.48009],[-111.71572,28.49461],[-111.73722,28.52185],[-111.76405,28.59104],[-111.77441,28.60713],[-111.79699,28.62635],[-111.85747,28.66257],[-111.88432,28.68882],[-111.908,28.70295],[-111.90814,28.70938],[-111.92544,28.71867],[-111.92465,28.72967],[-111.9334,28.73828],[-111.93308,28.74241],[-111.95017,28.75732],[-111.94479,28.7635],[-111.93046,28.76137],[-111.92164,28.76641],[-111.90099,28.787],[-111.91719,28.79174],[-111.93357,28.81427],[-111.95204,28.82496],[-111.9723,28.84346],[-111.99734,28.85298],[-112.03108,28.85927],[-112.03451,28.88027],[-112.0517,28.88965],[-112.04779,28.89928],[-112.08605,28.92534],[-112.09564,28.95021],[-112.10132,28.95488],[-112.11848,28.96179],[-112.15883,28.96225],[-112.17226,28.96896],[-112.17139,28.9729],[-112.15319,28.98438],[-112.15023,28.99171],[-112.16011,29.01223],[-112.16435,29.01404],[-112.16688,29.01054],[-112.16382,29.01675],[-112.16784,29.0247],[-112.16683,29.03988],[-112.17225,29.04838],[-112.1687,29.06144],[-112.17079,29.07256],[-112.17591,29.0757],[-112.18762,29.07332],[-112.16513,29.11487],[-112.18338,29.15125],[-112.19957,29.15675],[-112.19428,29.1668],[-112.19959,29.1764],[-112.22999,29.17984],[-112.21674,29.20808],[-112.20903,29.24569],[-112.21582,29.27396],[-112.23315,29.30764],[-112.25836,29.32795],[-112.27612,29.3317],[-112.30098,29.32999],[-112.34624,29.31356],[-112.33489,29.2918],[-112.35297,29.32101],[-112.39451,29.3326],[-112.40964,29.34432],[-112.42145,29.3765],[-112.39661,29.41746],[-112.38266,29.44872],[-112.37809,29.46707],[-112.38082,29.48686],[-112.39199,29.50157],[-112.41248,29.50615],[-112.42882,29.51981],[-112.43126,29.53333],[-112.42828,29.54647],[-112.4354,29.5592],[-112.46084,29.58192],[-112.47569,29.58943],[-112.4953,29.61544],[-112.50622,29.62023],[-112.50977,29.63329],[-112.523,29.64992],[-112.52581,29.66557],[-112.54408,29.69],[-112.55223,29.69708],[-112.56023,29.69648],[-112.58061,29.71181],[-112.5866,29.73945],[-112.59996,29.75489],[-112.60598,29.77893],[-112.65179,29.83468],[-112.65112,29.86391],[-112.66553,29.89165],[-112.67683,29.90131],[-112.68803,29.90502],[-112.69746,29.89576],[-112.69229,29.90313],[-112.69396,29.90609],[-112.70714,29.91065],[-112.73329,29.90378],[-112.74733,29.91542],[-112.73834,29.9433],[-112.74226,29.9585],[-112.73309,30.00055],[-112.73813,30.00555],[-112.74447,30.03606],[-112.76146,30.06235],[-112.75366,30.11427],[-112.75249,30.15078],[-112.75389,30.17782],[-112.7596,30.19855],[-112.77586,30.22572],[-112.8182,30.26408],[-112.839,30.27093],[-112.85176,30.26993],[-112.85722,30.2633],[-112.85965,30.26811],[-112.86439,30.26815],[-112.85799,30.27192],[-112.85108,30.28469],[-112.84597,30.33016],[-112.85003,30.37232],[-112.86462,30.41391],[-112.89908,30.4614],[-112.94465,30.50496],[-112.97971,30.53203],[-112.98032,30.5419],[-112.9844,30.53487],[-112.98762,30.53608],[-113.03975,30.6072],[-113.08426,30.67848],[-113.10477,30.75771],[-113.12716,30.81204],[-113.11513,30.83249],[-113.10105,30.89088],[-113.09644,30.97004],[-113.10062,30.98969],[-113.1284,31.0589],[-113.12059,31.0647],[-113.11789,31.0601],[-113.12148,31.0468],[-113.1175,31.03571],[-113.09193,30.99526],[-113.08479,31.01251],[-113.07736,31.01532],[-113.06204,31.03343],[-113.05894,31.07235],[-113.08095,31.13881],[-113.0775,31.15166],[-113.08954,31.15567],[-113.1015,31.18944],[-113.11026,31.19961],[-113.11644,31.20158],[-113.12039,31.19166],[-113.18907,31.22276],[-113.20245,31.23135],[-113.20714,31.24052],[-113.2551,31.24053],[-113.35361,31.26509],[-113.41939,31.27568],[-113.42969,31.27909],[-113.43213,31.284],[-113.44486,31.2808],[-113.54535,31.29631],[-113.55286,31.30354],[-113.5521,31.30669],[-113.54375,31.30394],[-113.54366,31.30839],[-113.54798,31.3059],[-113.54919,31.3121],[-113.55839,31.31776],[-113.6246,31.32799],[-113.64387,31.34326],[-113.63707,31.34615],[-113.62687,31.3398],[-113.61125,31.34386],[-113.60918,31.36458],[-113.61508,31.37283],[-113.61191,31.37697],[-113.62068,31.40275],[-113.6358,31.42982],[-113.63695,31.43668],[-113.62925,31.45228],[-113.6403,31.4805],[-113.68113,31.51524],[-113.76332,31.55062],[-113.76811,31.55841],[-113.77862,31.56034],[-113.77666,31.56453],[-113.81006,31.56699],[-113.84142,31.5842],[-113.85247,31.59539],[-113.86957,31.58759],[-113.87696,31.59183],[-113.87781,31.59818],[-113.89754,31.60685],[-113.91426,31.60448],[-113.91999,31.5983],[-113.9496,31.61004],[-113.9599,31.61704],[-113.96543,31.62838],[-113.9794,31.63142],[-113.97819,31.6131],[-113.97159,31.5998],[-113.97369,31.5783],[-113.96149,31.5769],[-113.95839,31.5669],[-113.9611,31.56426],[-113.95619,31.5624],[-113.97828,31.54939],[-113.9813,31.54539],[-113.97788,31.53985],[-113.98702,31.52953],[-114.0062,31.52378],[-114.01667,31.53248],[-114.02015,31.53002],[-114.02366,31.52151],[-114.01859,31.5206],[-114.02589,31.4922],[-114.13553,31.49347],[-114.16922,31.49883],[-114.19919,31.50971],[-114.23032,31.52936],[-114.27906,31.54739],[-114.32674,31.58315],[-114.32811,31.59386],[-114.32572,31.58599],[-114.32522,31.59117],[-114.33424,31.5984],[-114.42658,31.64353],[-114.44827,31.64897],[-114.44985,31.6593],[-114.46201,31.66884],[-114.49272,31.67619],[-114.51411,31.69363],[-114.50626,31.68996],[-114.50903,31.6957],[-114.52711,31.70205],[-114.5276,31.70745],[-114.54168,31.71814],[-114.55402,31.73554],[-114.58278,31.75222],[-114.61922,31.7629],[-114.67819,31.7603],[-114.69279,31.76312],[-114.72268,31.77705],[-114.74263,31.80523],[-114.7602,31.81825],[-114.78706,31.82309],[-114.80687,31.81668],[-114.81885,31.8209],[-114.84491,31.86455],[-114.87161,31.86448],[-114.8907,31.87233],[-114.91075,31.86776],[-114.91361,31.88134],[-114.93787,31.89077],[-114.94512,31.91012],[-114.96547,31.91842],[-114.96742,31.99688],[-114.95699,32.03863],[-114.98972,32.14637],[-114.97531,32.17799],[-115.05301,32.24517],[-115.04166,32.26128],[-115.04271,32.27006],[-115.03642,32.27775],[-115.00759,32.30542],[-114.99351,32.31172],[-114.99022,32.32021],[-114.96658,32.33879],[-114.96187,32.35474],[-114.96321,32.37669],[-114.96844,32.39065],[-114.96398,32.39416],[-114.95448,32.39335],[-114.95356,32.39662],[-114.9607,32.40266],[-114.96144,32.4117],[-114.94828,32.41927],[-114.93193,32.4397],[-114.93934,32.4684],[-114.9354,32.48142],[-114.92894,32.48482],[-114.90012,32.48348],[-114.89721,32.48784],[-114.88258,32.49214]],[[-110.8484,27.98247],[-110.852,27.97739],[-110.86622,27.98136],[-110.85714,27.97445],[-110.86723,27.97347],[-110.85964,27.97299],[-110.86177,27.97088],[-110.85476,27.96749],[-110.85582,27.96454],[-110.86951,27.96915],[-110.85882,27.96599],[-110.85607,27.95879],[-110.84872,27.96136],[-110.84516,27.95304],[-110.82707,27.95531],[-110.83024,27.96953],[-110.84837,27.985],[-110.8484,27.98247]],[[-110.82856,27.95557],[-110.82915,27.95567],[-110.82991,27.95563],[-110.83164,27.95541],[-110.83319,27.95524],[-110.83582,27.95498],[-110.83674,27.95485],[-110.83797,27.95473],[-110.83916,27.95461],[-110.84037,27.95443],[-110.84159,27.95429],[-110.84239,27.95418],[-110.84291,27.954],[-110.84338,27.95377],[-110.84403,27.95337],[-110.84487,27.95284],[-110.84448,27.9529],[-110.84383,27.95293],[-110.84282,27.95301],[-110.84139,27.95314],[-110.84009,27.95329],[-110.83664,27.95368],[-110.83315,27.95406],[-110.83035,27.95439],[-110.82812,27.95463],[-110.82773,27.95475],[-110.82775,27.95497],[-110.82788,27.95505],[-110.828,27.95518],[-110.82811,27.95544],[-110.82821,27.95547],[-110.82856,27.95557]]]]}},{"type":"Feature","properties":{"T00_CVEGEO":"27","T00_NOMGEO":"Tabasco","NAME":"Tabasco"},"geometry":{"type":"MultiPolygon","coordinates":[[[[-92.45106,18.59787],[-92.42622,18.55704],[-92.42346,18.53223],[-92.42643,18.51497],[-92.41405,18.48729],[-92.40196,18.47953],[-92.38481,18.47814],[-92.36549,18.46462],[-92.35965,18.45694],[-92.3607,18.44682],[-92.35547,18.44285],[-92.34871,18.44309],[-92.32252,18.47308],[-92.32155,18.46752],[-92.31055,18.46053],[-92.31028,18.45558],[-92.17614,18.45823],[-92.17735,18.37588],[-92.18194,18.3759],[-92.17135,18.33895],[-92.18042,18.28982],[-92.17722,18.28874],[-92.17442,18.2933],[-92.17295,18.27534],[-92.18324,18.27406],[-92.14893,18.2104],[-92.16442,18.19786],[-92.16056,18.18867],[-92.1609,18.15542],[-92.14878,18.14929],[-92.14904,18.13673],[-92.12833,18.12015],[-92.12742,18.10866],[-92.1101,18.0944],[-92.09223,18.09205],[-92.08155,18.08569],[-92.07679,18.09428],[-92.06802,18.09211],[-92.06217,18.09816],[-92.0526,18.09408],[-92.03993,18.09795],[-92.03598,18.08736],[-92.04209,18.07832],[-92.02824,18.07717],[-92.01442,18.05261],[-91.99215,18.03925],[-91.97877,18.04283],[-91.96674,18.01599],[-91.93535,18.0102],[-91.90035,18.01214],[-91.8881,18.00633],[-91.8672,17.98326],[-91.80464,17.97255],[-91.77118,17.94436],[-91.768,17.94854],[-91.76226,17.93901],[-91.75709,17.93973],[-91.76138,17.946],[-91.76048,17.95762],[-91.7251,17.92449],[-91.7124,17.92164],[-91.71282,17.91892],[-91.6388,17.87395],[-91.6291,17.89713],[-91.63308,17.90501],[-91.61271,17.91292],[-91.61962,17.91919],[-91.62473,17.94907],[-91.61977,17.95757],[-91.61998,17.97644],[-91.61582,17.98908],[-91.61926,18.01751],[-91.61226,18.04502],[-91.61929,18.0608],[-91.60757,18.0745],[-91.6095,18.09844],[-91.60322,18.10774],[-91.58975,18.10801],[-91.59534,18.12517],[-91.57219,18.14201],[-91.58272,18.15246],[-91.57996,18.15818],[-91.55276,18.15817],[-91.5345,18.14617],[-91.51583,18.16987],[-91.50933,18.17105],[-91.50324,18.16508],[-91.50186,18.15557],[-91.51521,18.15495],[-91.51653,18.13048],[-91.50573,18.13],[-91.50194,18.12235],[-91.50403,18.11646],[-91.48886,18.11807],[-91.48435,18.11276],[-91.47732,18.11279],[-91.47016,18.10362],[-91.44417,18.09507],[-91.43336,18.0821],[-91.39859,18.08],[-91.38442,18.06406],[-91.35942,18.07037],[-91.34716,18.06395],[-91.32702,18.06266],[-91.32334,18.05329],[-91.29674,18.04194],[-91.28141,18.024],[-91.25014,18.00679],[-91.24001,17.987],[-91.22375,17.98132],[-91.21745,17.97498],[-91.20012,17.97451],[-91.19271,17.97821],[-91.1856,17.97295],[-91.1726,17.97805],[-91.14472,17.97516],[-91.15112,17.96267],[-91.13318,17.95801],[-91.13066,17.98225],[-91.11358,17.97585],[-91.12019,17.96337],[-90.98795,17.96254],[-90.98766,17.90135],[-90.9955,17.90215],[-90.99563,17.87549],[-90.98766,17.87535],[-90.98745,17.25102],[-91.43969,17.25096],[-91.42749,17.27658],[-91.42518,17.3023],[-91.41259,17.30755],[-91.39031,17.29935],[-91.38366,17.31118],[-91.38473,17.31964],[-91.39699,17.33794],[-91.41677,17.34562],[-91.41437,17.35918],[-91.41983,17.37407],[-91.43929,17.38428],[-91.45649,17.37572],[-91.505,17.39948],[-91.50993,17.3922],[-91.53684,17.40736],[-91.53724,17.41973],[-91.55785,17.42224],[-91.55879,17.40053],[-91.57968,17.40734],[-91.60689,17.41689],[-91.60894,17.4255],[-91.61748,17.42624],[-91.6202,17.4317],[-91.63488,17.43649],[-91.63733,17.42995],[-91.64332,17.43099],[-91.67204,17.44406],[-91.6652,17.46166],[-91.70013,17.46752],[-91.69209,17.46702],[-91.68989,17.47506],[-91.6819,17.46945],[-91.67678,17.47588],[-91.67463,17.47154],[-91.67091,17.4745],[-91.67263,17.47814],[-91.6702,17.4764],[-91.66685,17.48212],[-91.66281,17.47981],[-91.66102,17.48737],[-91.65221,17.49219],[-91.65447,17.49669],[-91.65007,17.49568],[-91.65244,17.5004],[-91.64659,17.50914],[-91.64907,17.51777],[-91.64182,17.51892],[-91.64249,17.52901],[-91.63428,17.53462],[-91.63918,17.54159],[-91.63569,17.5427],[-91.63791,17.54709],[-91.63476,17.5505],[-91.64103,17.55801],[-91.63882,17.58147],[-91.64714,17.59019],[-91.64461,17.5957],[-91.65308,17.59866],[-91.65285,17.60321],[-91.66356,17.61216],[-91.65679,17.6122],[-91.65219,17.61976],[-91.64674,17.6179],[-91.64456,17.62192],[-91.65703,17.62543],[-91.65989,17.63044],[-91.6549,17.63055],[-91.65808,17.63454],[-91.65444,17.63396],[-91.65281,17.63857],[-91.65594,17.64193],[-91.65878,17.63971],[-91.65405,17.64523],[-91.65976,17.64919],[-91.65865,17.65645],[-91.6636,17.66215],[-91.66039,17.66552],[-91.66433,17.66666],[-91.659,17.66593],[-91.65474,17.67615],[-91.65854,17.67481],[-91.66582,17.68352],[-91.67299,17.68347],[-91.68137,17.67013],[-91.69371,17.685],[-91.70095,17.67894],[-91.70403,17.69222],[-91.70823,17.68813],[-91.71707,17.68774],[-91.71464,17.69501],[-91.71847,17.69477],[-91.71754,17.69841],[-91.71921,17.69327],[-91.72476,17.69206],[-91.73329,17.69658],[-91.74138,17.70577],[-91.7388,17.71081],[-91.74824,17.70017],[-91.75391,17.70534],[-91.76785,17.70311],[-91.7766,17.71543],[-91.77595,17.70916],[-91.78053,17.70782],[-91.78651,17.71902],[-91.81843,17.72743],[-91.83066,17.73767],[-91.81032,17.75132],[-91.79836,17.74418],[-91.79016,17.74602],[-91.79115,17.75654],[-91.78225,17.78248],[-91.79237,17.82451],[-91.79038,17.83541],[-91.77968,17.8513],[-91.80436,17.86886],[-91.80994,17.89825],[-91.81618,17.90014],[-91.8354,17.88659],[-91.84968,17.88286],[-91.87068,17.89078],[-91.89416,17.8875],[-91.90296,17.89603],[-91.91812,17.89952],[-91.92549,17.89193],[-91.9239,17.88238],[-91.92806,17.87082],[-91.93759,17.86449],[-91.9484,17.86331],[-91.95708,17.87064],[-91.95683,17.87993],[-91.93943,17.90111],[-91.93959,17.90629],[-91.94498,17.91026],[-91.97845,17.91369],[-91.99567,17.94259],[-91.99988,17.94334],[-91.99128,17.91961],[-92.00335,17.89052],[-92.01554,17.8975],[-92.01924,17.89547],[-92.0197,17.88782],[-92.02969,17.88914],[-92.07179,17.87767],[-92.0673,17.87035],[-92.06054,17.87187],[-92.05245,17.86724],[-92.0494,17.85477],[-92.0563,17.84675],[-92.09046,17.8566],[-92.09049,17.85073],[-92.10203,17.85088],[-92.10646,17.83812],[-92.09939,17.83463],[-92.1046,17.82762],[-92.10553,17.81294],[-92.12048,17.79597],[-92.14658,17.81467],[-92.12713,17.7859],[-92.13597,17.77901],[-92.13082,17.76608],[-92.1517,17.76457],[-92.15245,17.77906],[-92.17194,17.78657],[-92.18848,17.76813],[-92.19449,17.77664],[-92.22933,17.74558],[-92.27462,17.69226],[-92.28868,17.70266],[-92.2948,17.69993],[-92.30867,17.70628],[-92.31331,17.70451],[-92.31527,17.70967],[-92.32808,17.71373],[-92.32955,17.71071],[-92.33734,17.71209],[-92.34012,17.70376],[-92.34989,17.70278],[-92.34915,17.65473],[-92.35494,17.65405],[-92.35813,17.64196],[-92.35067,17.61793],[-92.40085,17.58603],[-92.40207,17.57804],[-92.40821,17.58062],[-92.43677,17.57009],[-92.46761,17.57712],[-92.49719,17.57225],[-92.51998,17.57305],[-92.53007,17.55],[-92.55802,17.54022],[-92.55994,17.54479],[-92.5714,17.54961],[-92.59698,17.52036],[-92.59234,17.50961],[-92.5999,17.5008],[-92.59406,17.49295],[-92.60582,17.47737],[-92.62433,17.46586],[-92.64886,17.4607],[-92.6594,17.44428],[-92.66818,17.45669],[-92.6679,17.42595],[-92.67623,17.41162],[-92.67876,17.37849],[-92.7295,17.34813],[-92.75417,17.3433],[-92.75873,17.3582],[-92.77066,17.36039],[-92.7683,17.3855],[-92.79079,17.40498],[-92.78579,17.41752],[-92.80627,17.41056],[-92.82939,17.4086],[-92.82921,17.3963],[-92.85426,17.4112],[-92.85618,17.41887],[-92.82582,17.42378],[-92.81962,17.43274],[-92.83155,17.48085],[-92.83584,17.48052],[-92.83609,17.47487],[-92.84987,17.46898],[-92.85568,17.47896],[-92.8598,17.50028],[-92.88735,17.51046],[-92.89806,17.503],[-92.90729,17.5052],[-92.91293,17.49821],[-92.92046,17.50268],[-92.93919,17.50244],[-92.94465,17.48331],[-92.94811,17.48274],[-92.95806,17.49197],[-92.96804,17.51797],[-92.97506,17.51864],[-92.97865,17.51259],[-92.98487,17.51131],[-92.98299,17.51891],[-92.99264,17.53001],[-92.98218,17.53344],[-92.98048,17.53756],[-92.98836,17.54135],[-92.98833,17.55],[-93.00556,17.55525],[-93.00448,17.57959],[-93.01065,17.58049],[-93.01496,17.59147],[-93.02952,17.59775],[-93.04052,17.60983],[-93.04414,17.62004],[-93.04545,17.6591],[-93.04504,17.66731],[-93.04042,17.66849],[-93.04442,17.6734],[-93.0404,17.67468],[-93.04181,17.68068],[-93.0379,17.68065],[-93.04202,17.68638],[-93.03911,17.69196],[-93.03792,17.68836],[-93.03714,17.69367],[-93.0408,17.69356],[-93.03711,17.70338],[-93.03885,17.70682],[-93.04314,17.70437],[-93.04436,17.71339],[-93.05384,17.71141],[-93.05347,17.71878],[-93.05772,17.72049],[-93.05427,17.7424],[-93.04686,17.74843],[-93.04776,17.75835],[-93.04263,17.76841],[-93.03658,17.76635],[-93.03722,17.76899],[-93.02779,17.77164],[-93.01591,17.78534],[-93.0187,17.79071],[-93.01201,17.79367],[-93.01224,17.79849],[-93.01954,17.80312],[-93.01641,17.80813],[-93.02725,17.82032],[-93.02543,17.82542],[-93.04312,17.84257],[-93.09408,17.84117],[-93.10164,17.84583],[-93.11563,17.82221],[-93.13179,17.85231],[-93.12362,17.87445],[-93.09195,17.88657],[-93.09137,17.89756],[-93.10497,17.90742],[-93.12912,17.90785],[-93.13693,17.91836],[-93.14598,17.91992],[-93.14507,17.93235],[-93.18314,17.94031],[-93.192,17.95613],[-93.20735,17.96064],[-93.22997,17.94904],[-93.24091,17.95009],[-93.2453,17.96009],[-93.25671,17.96304],[-93.27832,17.98529],[-93.283,17.9675],[-93.29837,17.94786],[-93.29535,17.94179],[-93.298,17.93858],[-93.32583,17.92791],[-93.33666,17.9366],[-93.34089,17.93033],[-93.33602,17.90498],[-93.34126,17.90314],[-93.35058,17.87606],[-93.34971,17.86796],[-93.33429,17.8517],[-93.33527,17.84621],[-93.34095,17.84323],[-93.33949,17.83567],[-93.3493,17.81543],[-93.34058,17.79812],[-93.35209,17.79542],[-93.3666,17.80292],[-93.37048,17.79403],[-93.3764,17.79585],[-93.38094,17.78316],[-93.36441,17.77908],[-93.3585,17.78839],[-93.34311,17.78751],[-93.34913,17.76708],[-93.35281,17.76373],[-93.37541,17.7668],[-93.38656,17.77756],[-93.39054,17.7734],[-93.38156,17.74854],[-93.36984,17.73738],[-93.37394,17.73299],[-93.3695,17.733],[-93.36809,17.7276],[-93.36255,17.72869],[-93.36397,17.72349],[-93.3543,17.71288],[-93.35322,17.69675],[-93.35672,17.68715],[-93.35378,17.68107],[-93.3605,17.66489],[-93.35627,17.64803],[-93.38478,17.64438],[-93.38496,17.63417],[-93.40959,17.6193],[-93.42048,17.59005],[-93.44594,17.58598],[-93.4517,17.54648],[-93.45864,17.54561],[-93.47297,17.55349],[-93.48414,17.54987],[-93.49561,17.52273],[-93.4988,17.52225],[-93.50252,17.49952],[-93.50755,17.5014],[-93.50501,17.49542],[-93.51487,17.49032],[-93.50604,17.47749],[-93.50983,17.47399],[-93.50713,17.46649],[-93.5138,17.4428],[-93.52435,17.43288],[-93.60793,17.31493],[-93.62438,17.32248],[-93.62743,17.31284],[-93.6415,17.31795],[-93.64533,17.32777],[-93.63495,17.3377],[-93.68574,17.37237],[-93.68314,17.37641],[-93.69009,17.37955],[-93.69491,17.3878],[-93.68353,17.39563],[-93.68373,17.40445],[-93.67341,17.41227],[-93.67299,17.41992],[-93.65757,17.4169],[-93.65294,17.41963],[-93.6493,17.43247],[-93.64562,17.43032],[-93.6382,17.43608],[-93.63717,17.43912],[-93.64517,17.4424],[-93.63513,17.45124],[-93.63659,17.45527],[-93.64246,17.45607],[-93.64415,17.45217],[-93.64686,17.45423],[-93.64463,17.4586],[-93.65041,17.45885],[-93.64771,17.46174],[-93.63934,17.45958],[-93.63124,17.48693],[-93.6241,17.49345],[-93.6299,17.50087],[-93.62545,17.501],[-93.62607,17.50442],[-93.63733,17.50981],[-93.62501,17.51463],[-93.62726,17.53168],[-93.62469,17.53826],[-93.61956,17.53756],[-93.61818,17.5421],[-93.62152,17.54482],[-93.61349,17.55221],[-93.61524,17.55511],[-93.62501,17.54873],[-93.63133,17.54998],[-93.62887,17.55417],[-93.63177,17.55688],[-93.64848,17.55534],[-93.65368,17.55997],[-93.65654,17.55524],[-93.65916,17.56548],[-93.67121,17.56956],[-93.67109,17.57625],[-93.6773,17.57576],[-93.68081,17.58493],[-93.6776,17.58587],[-93.68541,17.58708],[-93.6872,17.59369],[-93.6932,17.59349],[-93.69333,17.58955],[-93.69946,17.59602],[-93.69965,17.61368],[-93.70969,17.61163],[-93.70849,17.62341],[-93.71318,17.63067],[-93.71916,17.63346],[-93.71205,17.62384],[-93.71472,17.62085],[-93.72343,17.62315],[-93.72911,17.62986],[-93.73288,17.62576],[-93.73102,17.63583],[-93.73527,17.63008],[-93.73798,17.63495],[-93.72999,17.64129],[-93.73269,17.64916],[-93.74088,17.6494],[-93.74658,17.66011],[-93.74107,17.66478],[-93.74561,17.66222],[-93.74707,17.66835],[-93.7385,17.67937],[-93.74783,17.67538],[-93.75319,17.68017],[-93.75671,17.67687],[-93.75653,17.68262],[-93.75178,17.68398],[-93.75976,17.68511],[-93.76535,17.68052],[-93.76503,17.67457],[-93.77256,17.69271],[-93.78052,17.68867],[-93.78123,17.69323],[-93.78478,17.6909],[-93.79106,17.69473],[-93.79784,17.69224],[-93.79888,17.6874],[-93.80515,17.68935],[-93.80698,17.70592],[-93.8126,17.70252],[-93.81253,17.70692],[-93.82233,17.69957],[-93.82599,17.70596],[-93.8235,17.70943],[-93.82864,17.71294],[-93.82658,17.71919],[-93.83045,17.7137],[-93.8349,17.71655],[-93.84301,17.71136],[-93.84588,17.71718],[-93.84699,17.71409],[-93.8504,17.71665],[-93.84857,17.72071],[-93.85928,17.71685],[-93.85867,17.72089],[-93.86499,17.72218],[-93.86918,17.71798],[-93.86461,17.71671],[-93.86999,17.71353],[-93.87586,17.72653],[-93.88072,17.72628],[-93.87616,17.7333],[-93.88366,17.73553],[-93.87375,17.73466],[-93.87432,17.73993],[-93.8696,17.73932],[-93.87466,17.7472],[-93.87003,17.75061],[-93.87704,17.75656],[-93.88123,17.7513],[-93.88534,17.75722],[-93.89127,17.74808],[-93.8922,17.75367],[-93.90106,17.75567],[-93.90433,17.75012],[-93.91011,17.75469],[-93.92231,17.74633],[-93.92912,17.75325],[-93.9401,17.75317],[-93.94142,17.75558],[-93.93525,17.75909],[-93.94114,17.75985],[-93.94084,17.7651],[-93.94949,17.76949],[-93.9561,17.78172],[-93.95294,17.78669],[-93.95533,17.79958],[-93.95063,17.80041],[-93.9577,17.80244],[-93.96316,17.7995],[-93.95679,17.81064],[-93.96799,17.81787],[-93.95832,17.81973],[-93.96499,17.82996],[-93.95844,17.83024],[-93.95744,17.82531],[-93.95594,17.83339],[-93.95983,17.83727],[-93.96289,17.83431],[-93.96787,17.83704],[-93.96778,17.84525],[-93.97317,17.84233],[-93.97594,17.85037],[-93.98456,17.85157],[-93.98624,17.84706],[-93.98116,17.84603],[-93.98317,17.83985],[-93.98823,17.84472],[-93.98786,17.83436],[-93.99461,17.84602],[-93.99561,17.83662],[-94.00296,17.84225],[-94.00622,17.83995],[-94.01634,17.84449],[-94.01702,17.83955],[-94.02594,17.84038],[-94.02303,17.84625],[-94.02944,17.84567],[-94.03268,17.86212],[-94.03753,17.86266],[-94.03799,17.86997],[-94.03315,17.87255],[-94.04289,17.8735],[-94.04287,17.86744],[-94.05198,17.87074],[-94.0626,17.86309],[-94.06511,17.86845],[-94.07229,17.86556],[-94.08342,17.86987],[-94.08288,17.88577],[-94.0793,17.89104],[-94.08513,17.89287],[-94.08182,17.89991],[-94.088,17.90648],[-94.08497,17.91553],[-94.09132,17.93657],[-94.08714,17.95839],[-94.09198,17.96193],[-94.08888,17.97062],[-94.08074,17.96834],[-94.08249,17.97795],[-94.07353,17.98777],[-94.06851,17.97959],[-94.06139,17.98812],[-94.06699,17.99253],[-94.06652,18.00939],[-94.08366,18.00612],[-94.07985,18.02232],[-94.08355,18.0339],[-94.07439,18.05895],[-94.09428,18.0736],[-94.0972,18.07973],[-94.08245,18.09142],[-94.08158,18.09991],[-94.09613,18.11189],[-94.10044,18.12591],[-94.09825,18.14809],[-94.09388,18.15537],[-94.0979,18.16836],[-94.10606,18.17421],[-94.12029,18.16496],[-94.12785,18.16987],[-94.13002,18.21285],[-94.12579,18.2163],[-93.87742,18.29278],[-93.8513,18.29983],[-93.84899,18.29768],[-93.84403,18.30082],[-93.84629,18.3059],[-93.81213,18.31455],[-93.62421,18.37965],[-93.58844,18.38825],[-93.58551,18.39209],[-93.43526,18.42791],[-93.39293,18.43376],[-93.23483,18.43916],[-93.21683,18.44112],[-93.21404,18.44688],[-93.21415,18.44074],[-93.20517,18.43924],[-93.21051,18.43037],[-93.20094,18.4345],[-93.20227,18.44154],[-93.20172,18.43844],[-93.19639,18.43885],[-93.19286,18.44358],[-93.19436,18.43327],[-93.18676,18.43113],[-93.18364,18.43767],[-93.19033,18.43788],[-93.18931,18.4473],[-93.19836,18.45316],[-93.18487,18.44108],[-93.0971,18.44282],[-93.05732,18.43285],[-93.02854,18.43108],[-92.93886,18.43606],[-92.89032,18.44485],[-92.82797,18.4678],[-92.77154,18.5053],[-92.72263,18.55884],[-92.70291,18.58971],[-92.70173,18.60371],[-92.6873,18.61939],[-92.6687,18.61038],[-92.63457,18.61282],[-92.5673,18.6242],[-92.46878,18.65096],[-92.46574,18.61656],[-92.45319,18.60534],[-92.45106,18.59787]]]]}},{"type":"Feature","properties":{"T00_CVEGEO":"28","T00_NOMGEO":"Tamaulipas","NAME":"Tamaulipas"},"geometry":{"type":"MultiPolygon","coordinates":[[[[-99.71771,27.66286],[-99.70549,27.65525],[-99.69915,27.65552],[-99.6905,27.66911],[-99.68653,27.66154],[-99.66469,27.65805],[-99.65812,27.64784],[-99.66628,27.6364],[-99.65546,27.62925],[-99.63866,27.62671],[-99.62716,27.62999],[-99.62301,27.63394],[-99.62736,27.6393],[-99.62426,27.64411],[-99.61585,27.63739],[-99.60316,27.64198],[-99.5959,27.63976],[-99.5915,27.62772],[-99.5771,27.61831],[-99.57682,27.61097],[-99.58423,27.60345],[-99.56125,27.60713],[-99.55482,27.61441],[-99.54024,27.60435],[-99.52901,27.57923],[-99.51154,27.56608],[-99.522,27.5443],[-99.52818,27.49815],[-99.49342,27.49762],[-99.48134,27.48909],[-99.47876,27.4795],[-99.49533,27.44657],[-99.48761,27.41104],[-99.49227,27.38059],[-99.50785,27.35351],[-99.50449,27.33878],[-99.52165,27.32464],[-99.53236,27.32362],[-99.53812,27.31645],[-99.5279,27.30483],[-99.4946,27.30376],[-99.48758,27.29421],[-99.49656,27.2729],[-99.49089,27.26272],[-99.48152,27.25958],[-99.46194,27.26838],[-99.45299,27.26447],[-99.44182,27.2508],[-99.44536,27.22317],[-99.4326,27.20992],[-99.42621,27.17612],[-99.43008,27.15916],[-99.44001,27.15114],[-99.43101,27.13704],[-99.43103,27.12522],[-99.44254,27.10683],[-99.42865,27.09159],[-99.43557,27.07898],[-99.4527,27.06406],[-99.44468,27.04116],[-99.44568,27.02186],[-99.42984,27.01051],[-99.4154,27.01737],[-99.38713,26.98204],[-99.37646,26.97685],[-99.39375,26.96022],[-99.38501,26.9396],[-99.37274,26.93138],[-99.33701,26.92339],[-99.32421,26.91594],[-99.32121,26.90656],[-99.32876,26.87965],[-99.31713,26.86546],[-99.29456,26.86498],[-99.28049,26.85808],[-99.26801,26.84262],[-99.26201,26.8149],[-99.24249,26.78731],[-99.23961,26.74526],[-99.2086,26.72444],[-99.20962,26.69359],[-99.19997,26.65579],[-99.17816,26.62089],[-99.16731,26.56004],[-99.17151,26.54315],[-99.16788,26.53695],[-99.15343,26.53063],[-99.12774,26.52534],[-99.1043,26.49909],[-99.09164,26.47531],[-99.10014,26.45955],[-99.10293,26.44159],[-99.11358,26.43252],[-99.08903,26.4079],[-99.08398,26.39757],[-99.06181,26.39766],[-99.03728,26.41356],[-99.02093,26.40656],[-99.01077,26.39225],[-98.98779,26.39165],[-98.97438,26.4013],[-98.95457,26.39453],[-98.9561,26.37712],[-98.94323,26.36943],[-98.93494,26.37297],[-98.93533,26.38555],[-98.92672,26.39456],[-98.92222,26.37881],[-98.91395,26.37255],[-98.90134,26.37114],[-98.90086,26.35927],[-98.89613,26.35308],[-98.86082,26.36623],[-98.84358,26.35855],[-98.8242,26.37088],[-98.8144,26.36591],[-98.80459,26.36762],[-98.78799,26.33769],[-98.78851,26.33051],[-98.76859,26.32501],[-98.75071,26.33118],[-98.74706,26.31847],[-98.73607,26.30832],[-98.74207,26.30266],[-98.75497,26.30758],[-98.75636,26.30357],[-98.75091,26.29601],[-98.74195,26.29404],[-98.72809,26.299],[-98.71667,26.28612],[-98.7081,26.28924],[-98.70245,26.28709],[-98.70161,26.27751],[-98.71704,26.27818],[-98.71965,26.27255],[-98.68111,26.26293],[-98.6782,26.24361],[-98.67056,26.237],[-98.65646,26.2357],[-98.63457,26.24233],[-98.6327,26.25143],[-98.6244,26.25974],[-98.61625,26.24648],[-98.61155,26.25333],[-98.58572,26.25767],[-98.57941,26.25321],[-98.5851,26.24489],[-98.58009,26.23539],[-98.57727,26.23358],[-98.56625,26.24156],[-98.56266,26.22441],[-98.54573,26.23652],[-98.547,26.24165],[-98.55834,26.24447],[-98.55424,26.24778],[-98.54347,26.24341],[-98.53538,26.22569],[-98.52233,26.23568],[-98.52692,26.22617],[-98.52455,26.22134],[-98.5128,26.22717],[-98.50057,26.22232],[-98.50699,26.20931],[-98.48492,26.21252],[-98.48139,26.20062],[-98.47748,26.20378],[-98.48181,26.2193],[-98.46064,26.22608],[-98.45449,26.21668],[-98.4441,26.22417],[-98.43855,26.21195],[-98.44392,26.20054],[-98.41707,26.18407],[-98.40275,26.18147],[-98.40239,26.17202],[-98.39314,26.16746],[-98.38731,26.15842],[-98.36637,26.15766],[-98.36721,26.1685],[-98.35982,26.17251],[-98.3582,26.15872],[-98.35208,26.15105],[-98.34621,26.16568],[-98.33569,26.16581],[-98.33311,26.15944],[-98.33793,26.14942],[-98.32649,26.14293],[-98.33561,26.13831],[-98.32193,26.11889],[-98.30979,26.11398],[-98.30533,26.10288],[-98.29773,26.10337],[-98.3036,26.10995],[-98.29686,26.12029],[-98.27449,26.11586],[-98.26629,26.12093],[-98.26583,26.11714],[-98.272,26.11342],[-98.2705,26.10662],[-98.28236,26.10787],[-98.28837,26.10469],[-98.26758,26.09246],[-98.26472,26.08549],[-98.25165,26.07884],[-98.24954,26.07217],[-98.2202,26.07633],[-98.20466,26.06639],[-98.19363,26.05308],[-98.18707,26.06439],[-98.17684,26.06073],[-98.18059,26.06615],[-98.17658,26.07531],[-98.16786,26.06309],[-98.15802,26.06359],[-98.16173,26.05399],[-98.15078,26.05802],[-98.14686,26.04913],[-98.13186,26.07431],[-98.12817,26.07259],[-98.12974,26.06318],[-98.10462,26.06765],[-98.09358,26.05864],[-98.08135,26.06433],[-98.08569,26.0695],[-98.08132,26.0713],[-98.0763,26.06756],[-98.07008,26.05147],[-98.07256,26.04384],[-98.08017,26.04163],[-98.07294,26.03642],[-98.0622,26.04625],[-98.03871,26.04136],[-98.03314,26.06165],[-98.02792,26.06698],[-98.02105,26.05863],[-98.01204,26.0661],[-98.01188,26.05608],[-98.00259,26.06493],[-97.99726,26.06474],[-97.99187,26.05822],[-97.98747,26.06609],[-97.98019,26.06721],[-97.97864,26.05889],[-97.96587,26.05166],[-97.95107,26.06223],[-97.93354,26.05298],[-97.93139,26.05748],[-97.93726,26.06209],[-97.93364,26.06555],[-97.92708,26.05483],[-97.89104,26.0603],[-97.88708,26.06659],[-97.87682,26.06462],[-97.86897,26.05677],[-97.86139,26.07002],[-97.86099,26.05296],[-97.8392,26.0531],[-97.83425,26.0456],[-97.82584,26.05582],[-97.81928,26.05658],[-97.81468,26.05323],[-97.81645,26.0454],[-97.8124,26.04406],[-97.81126,26.05525],[-97.80109,26.06021],[-97.79887,26.05284],[-97.78881,26.04944],[-97.79543,26.04671],[-97.79728,26.03934],[-97.77789,26.0292],[-97.76929,26.03594],[-97.77678,26.04431],[-97.76803,26.04725],[-97.76266,26.04157],[-97.76153,26.02556],[-97.75219,26.03153],[-97.748,26.02611],[-97.74277,26.02969],[-97.73526,26.02844],[-97.73468,26.032],[-97.72138,26.03127],[-97.7182,26.02886],[-97.72045,26.02302],[-97.70949,26.02618],[-97.70711,26.03773],[-97.70222,26.03081],[-97.69697,26.03064],[-97.69755,26.0239],[-97.69155,26.01881],[-97.69326,26.03235],[-97.68756,26.0273],[-97.67565,26.02582],[-97.67484,26.03282],[-97.67089,26.03397],[-97.66723,26.02888],[-97.66261,26.03807],[-97.66061,26.03144],[-97.66813,26.01942],[-97.65773,26.02004],[-97.65161,26.01586],[-97.64638,26.02738],[-97.63991,26.02395],[-97.63776,26.01375],[-97.64929,26.01044],[-97.63566,26.00014],[-97.62713,26.00611],[-97.62731,25.99654],[-97.61835,26.00231],[-97.62048,25.99216],[-97.63103,25.99645],[-97.63444,25.99003],[-97.62163,25.98914],[-97.61667,25.97905],[-97.6079,25.97681],[-97.6106,25.96596],[-97.60209,25.95735],[-97.58211,25.96237],[-97.57811,25.94209],[-97.57287,25.94623],[-97.57446,25.95394],[-97.5679,25.95251],[-97.56639,25.94474],[-97.58219,25.93863],[-97.58327,25.93321],[-97.56696,25.93372],[-97.56797,25.92777],[-97.56172,25.92567],[-97.55772,25.93539],[-97.55234,25.93718],[-97.54617,25.93422],[-97.54367,25.92336],[-97.53731,25.93081],[-97.54304,25.92011],[-97.53,25.91986],[-97.53325,25.90844],[-97.52374,25.89899],[-97.52126,25.88632],[-97.51089,25.88754],[-97.49818,25.89916],[-97.49714,25.87986],[-97.4879,25.88545],[-97.4878,25.87921],[-97.48444,25.87882],[-97.46898,25.88891],[-97.46839,25.88396],[-97.47474,25.87972],[-97.47057,25.87535],[-97.46397,25.88212],[-97.45551,25.88411],[-97.45674,25.86864],[-97.4535,25.8674],[-97.44903,25.87228],[-97.44461,25.8678],[-97.45405,25.85428],[-97.44507,25.85637],[-97.44404,25.84861],[-97.4361,25.84998],[-97.42444,25.84044],[-97.41236,25.84113],[-97.41397,25.85599],[-97.40945,25.86227],[-97.40789,25.84521],[-97.40196,25.85223],[-97.39865,25.85033],[-97.40053,25.84136],[-97.40614,25.83789],[-97.39338,25.83729],[-97.38704,25.8439],[-97.38191,25.83962],[-97.37262,25.84012],[-97.37099,25.84959],[-97.3642,25.85086],[-97.37618,25.85559],[-97.36938,25.85775],[-97.36144,25.86947],[-97.35665,25.86735],[-97.35943,25.8798],[-97.37417,25.88027],[-97.35639,25.88776],[-97.36649,25.89054],[-97.36601,25.90235],[-97.37502,25.90829],[-97.36809,25.90977],[-97.36913,25.91513],[-97.35475,25.91978],[-97.34791,25.93131],[-97.33684,25.92968],[-97.33787,25.92038],[-97.33421,25.92028],[-97.33301,25.92615],[-97.33085,25.9179],[-97.32609,25.91754],[-97.31827,25.93114],[-97.30948,25.92634],[-97.30482,25.92801],[-97.3032,25.93698],[-97.29563,25.93327],[-97.29168,25.9364],[-97.27681,25.93519],[-97.28096,25.94427],[-97.27806,25.94704],[-97.28925,25.95401],[-97.28396,25.95932],[-97.27643,25.95216],[-97.24749,25.94803],[-97.23876,25.95573],[-97.22656,25.95929],[-97.21986,25.95727],[-97.20862,25.96387],[-97.20495,25.95798],[-97.18862,25.95372],[-97.17621,25.96564],[-97.16704,25.96026],[-97.15853,25.96175],[-97.15876,25.94881],[-97.14637,25.95488],[-97.14422,25.91253],[-97.14991,25.83847],[-97.16719,25.73459],[-97.17941,25.68967],[-97.20095,25.62987],[-97.20777,25.62337],[-97.34922,25.38175],[-97.40038,25.28962],[-97.42368,25.23832],[-97.44297,25.21062],[-97.50788,25.06605],[-97.55492,24.94003],[-97.58625,24.84328],[-97.65309,24.60541],[-97.68625,24.45607],[-97.70707,24.31733],[-97.73027,24.05811],[-97.73743,23.94719],[-97.73601,23.79677],[-97.73149,23.7717],[-97.73808,23.76033],[-97.74208,23.66879],[-97.76899,23.3782],[-97.7694,23.2526],[-97.76084,23.02728],[-97.76594,22.89478],[-97.78845,22.79288],[-97.84483,22.66204],[-97.8593,22.57255],[-97.8579,22.50847],[-97.85385,22.49427],[-97.84571,22.4943],[-97.85901,22.49275],[-97.85764,22.48339],[-97.84909,22.48346],[-97.85672,22.48302],[-97.85782,22.47342],[-97.84483,22.40826],[-97.81633,22.31698],[-97.78358,22.26261],[-97.81164,22.25177],[-97.83211,22.2381],[-97.83722,22.22697],[-97.83769,22.21243],[-97.84488,22.20696],[-97.89496,22.22237],[-97.90241,22.23334],[-97.91727,22.23913],[-97.92028,22.246],[-97.91678,22.25259],[-97.92567,22.25067],[-97.93421,22.25418],[-97.93165,22.27104],[-97.95386,22.28704],[-97.9567,22.29389],[-97.97145,22.29619],[-97.9827,22.30261],[-97.99266,22.29277],[-98.00032,22.29743],[-97.99894,22.31432],[-97.98397,22.30467],[-97.9705,22.32805],[-97.9704,22.33289],[-97.98524,22.34117],[-97.99001,22.35086],[-98.0007,22.34815],[-98.02107,22.35278],[-98.02846,22.35839],[-98.05395,22.35554],[-98.05944,22.34637],[-98.07277,22.34716],[-98.08601,22.37015],[-98.09549,22.37269],[-98.10621,22.36671],[-98.11186,22.37815],[-98.11353,22.3953],[-98.15155,22.41294],[-98.16328,22.40998],[-98.18748,22.42386],[-98.18974,22.44179],[-98.19988,22.44903],[-98.19261,22.46521],[-98.19499,22.46956],[-98.20699,22.46402],[-98.21984,22.47175],[-98.23236,22.46133],[-98.2403,22.46972],[-98.24792,22.47165],[-98.25338,22.46646],[-98.25663,22.4534],[-98.27293,22.44729],[-98.27761,22.44895],[-98.28736,22.46702],[-98.301,22.46122],[-98.30883,22.46846],[-98.31682,22.46856],[-98.31926,22.46522],[-98.31221,22.44522],[-98.3209,22.44003],[-98.32735,22.42647],[-98.3127,22.41427],[-98.31877,22.39074],[-98.32769,22.39868],[-98.3429,22.38974],[-98.35227,22.3887],[-98.35652,22.39515],[-98.35103,22.40242],[-98.35522,22.40744],[-98.37457,22.38961],[-98.3878,22.38928],[-98.39104,22.39583],[-98.38456,22.40328],[-98.38245,22.41592],[-98.38864,22.42429],[-98.40954,22.39992],[-98.41904,22.41273],[-98.43311,22.41357],[-98.43376,22.43286],[-98.44256,22.43239],[-98.44863,22.41996],[-98.46095,22.41219],[-98.46657,22.41428],[-98.46402,22.42548],[-98.4668,22.4288],[-98.49036,22.42776],[-98.48849,22.42425],[-98.49213,22.41947],[-98.49684,22.42402],[-98.49371,22.42682],[-98.50503,22.42947],[-98.51191,22.422],[-98.50959,22.41638],[-98.52535,22.40678],[-98.54132,22.40574],[-98.54608,22.40019],[-98.56851,22.40157],[-98.57493,22.39394],[-98.58347,22.39728],[-98.59232,22.39531],[-98.61374,22.40892],[-98.62689,22.40216],[-98.63815,22.41452],[-98.66577,22.40372],[-98.67709,22.40892],[-98.69033,22.40273],[-98.70081,22.40257],[-98.7183,22.39081],[-98.72909,22.38831],[-98.7315,22.38125],[-98.74593,22.38086],[-98.75167,22.36902],[-98.75893,22.36631],[-98.78642,22.36598],[-98.79188,22.36186],[-98.81122,22.36151],[-98.82146,22.35625],[-98.84987,22.36812],[-98.85913,22.36474],[-98.87228,22.36741],[-98.88062,22.35829],[-98.88999,22.35509],[-98.91227,22.37379],[-98.92554,22.37174],[-98.93197,22.39277],[-99.06039,22.41526],[-99.12056,22.40663],[-99.23683,22.41286],[-99.24342,22.43337],[-99.26314,22.46979],[-99.27242,22.51326],[-99.28865,22.55582],[-99.31403,22.60989],[-99.32858,22.6087],[-99.3301,22.61484],[-99.32138,22.61673],[-99.32961,22.63488],[-99.37319,22.62907],[-99.38555,22.67026],[-99.39653,22.67076],[-99.4199,22.66203],[-99.44205,22.66361],[-99.47712,22.74063],[-99.49244,22.74194],[-99.49678,22.74849],[-99.54432,22.74414],[-99.51675,22.66443],[-99.49453,22.62086],[-99.53468,22.61276],[-99.56063,22.64122],[-99.68253,22.68112],[-99.72408,22.6596],[-99.75477,22.65661],[-99.78503,22.66851],[-99.79801,22.66665],[-99.80548,22.65777],[-99.81402,22.66076],[-99.84792,22.67843],[-99.84281,22.73055],[-99.88239,22.74986],[-99.95695,22.75166],[-100.02234,22.72592],[-100.09405,22.75126],[-100.10191,22.76279],[-100.02938,22.82439],[-100.04423,22.91789],[-100.11038,22.91671],[-100.11084,22.97572],[-100.08941,22.96875],[-100.09952,23.00793],[-100.09745,23.01309],[-100.08632,23.01106],[-100.08048,23.002],[-100.07165,22.99735],[-100.06621,23.00181],[-100.06634,23.01038],[-100.06183,23.01198],[-100.06689,23.03144],[-100.06209,23.03984],[-100.05421,23.04196],[-100.0475,23.05064],[-100.03172,23.05341],[-100.02367,23.06047],[-100.01268,23.05889],[-100.01135,23.06536],[-100.06902,23.09594],[-100.06874,23.12115],[-100.11559,23.12599],[-100.11015,23.15107],[-100.11898,23.15242],[-100.11828,23.20054],[-100.10973,23.19971],[-100.10381,23.23153],[-100.07803,23.30598],[-100.14494,23.33951],[-100.08025,23.39574],[-99.98249,23.39236],[-99.92125,23.37919],[-99.96118,23.55689],[-99.91579,23.66507],[-99.89111,23.7038],[-99.86065,23.77446],[-99.80551,23.78429],[-99.76901,23.78448],[-99.68337,23.77664],[-99.61948,23.75966],[-99.60216,23.76287],[-99.57667,23.77546],[-99.49378,23.87869],[-99.45686,23.86606],[-99.48693,23.9605],[-99.52002,23.99057],[-99.5409,23.99727],[-99.54188,24.03365],[-99.57089,24.03936],[-99.65707,24.11799],[-99.64781,24.21809],[-99.59428,24.33091],[-99.58933,24.35082],[-99.58992,24.39614],[-99.63637,24.50667],[-99.7198,24.48371],[-99.73297,24.55399],[-99.70468,24.57587],[-99.60944,24.62249],[-99.59262,24.61937],[-99.58577,24.62435],[-99.57607,24.62359],[-99.55735,24.61237],[-99.5572,24.60871],[-99.54621,24.61307],[-99.5478,24.62427],[-99.54506,24.62651],[-99.53976,24.62678],[-99.53793,24.62242],[-99.52819,24.63164],[-99.49944,24.64125],[-99.49602,24.65103],[-99.50072,24.67917],[-99.49193,24.69769],[-99.47773,24.71262],[-99.44807,24.7322],[-99.44259,24.72683],[-99.43072,24.72575],[-99.42294,24.73675],[-99.4066,24.7345],[-99.39759,24.7399],[-99.3894,24.73979],[-99.38175,24.74703],[-99.37637,24.76144],[-99.36437,24.77175],[-99.33166,24.77624],[-99.31786,24.78983],[-99.31069,24.78727],[-99.29719,24.79411],[-99.29492,24.80414],[-99.21288,24.77167],[-99.18865,24.78068],[-99.18196,24.77604],[-99.20743,24.86139],[-99.15894,24.91598],[-99.18094,25.01154],[-99.1649,25.02951],[-99.15991,25.02583],[-99.15651,25.02784],[-99.1636,25.03492],[-99.1629,25.04356],[-99.16697,25.04629],[-99.16114,25.0484],[-99.16058,25.05527],[-99.13509,25.05038],[-99.12741,25.05593],[-99.11378,25.05614],[-99.09761,25.06312],[-99.09576,25.067],[-99.10146,25.06936],[-99.09418,25.07447],[-99.09769,25.07803],[-99.08194,25.07371],[-99.08027,25.08343],[-99.07502,25.08793],[-99.07876,25.09212],[-99.07145,25.09611],[-99.07786,25.10143],[-99.07059,25.10226],[-99.07296,25.10816],[-99.06727,25.11069],[-99.06773,25.11613],[-99.05998,25.11769],[-99.05246,25.12713],[-99.04793,25.12028],[-99.04201,25.12298],[-99.03501,25.12003],[-99.02879,25.11035],[-99.03373,25.10706],[-99.02951,25.09639],[-99.02174,25.0937],[-99.01417,25.0806],[-99.01956,25.07919],[-99.01754,25.07557],[-99.02241,25.07331],[-99.01905,25.06992],[-99.00015,25.06735],[-98.99773,25.07132],[-98.98944,25.06736],[-98.98516,25.0744],[-98.97635,25.06877],[-98.97079,25.07401],[-98.96834,25.0704],[-98.95924,25.07603],[-98.95662,25.07334],[-98.9462,25.07655],[-98.94117,25.07085],[-98.93416,25.07276],[-98.93427,25.08016],[-98.9337,25.07607],[-98.92902,25.07727],[-98.58525,25.33233],[-98.42312,25.44749],[-98.42157,25.48935],[-98.58174,25.48936],[-98.58512,26.01791],[-98.74114,26.03735],[-98.74046,26.03445],[-98.74672,26.03518],[-98.74628,26.03804],[-98.82322,26.04764],[-98.90074,25.96832],[-99.02386,26.1041],[-99.02167,26.09841],[-99.02502,26.09343],[-99.03724,26.09347],[-99.04498,26.0987],[-99.06253,26.09071],[-99.06253,26.08013],[-99.07452,26.07878],[-99.07653,26.07186],[-99.09332,26.07051],[-99.0964,26.07275],[-99.09333,26.07847],[-99.09766,26.08074],[-99.11473,26.07596],[-99.11988,26.06651],[-99.1309,26.06881],[-99.13233,26.06472],[-99.12398,26.05666],[-99.1263,26.05402],[-99.14093,26.05296],[-99.14336,26.06113],[-99.16007,26.06123],[-99.17099,26.09449],[-99.19783,26.25868],[-99.25999,26.25285],[-99.36414,26.32927],[-99.40123,26.30479],[-99.43094,26.3513],[-99.41424,26.4448],[-99.40982,26.44283],[-99.39682,26.59656],[-99.53833,26.66459],[-99.65916,26.67036],[-99.66319,26.68291],[-99.65719,26.69511],[-99.61857,26.72647],[-99.61614,26.75436],[-99.62284,26.76922],[-99.61116,26.78249],[-99.61285,26.79163],[-99.60458,26.80005],[-99.6038,26.80792],[-99.59705,26.8096],[-99.5989,26.81456],[-99.58921,26.81459],[-99.58684,26.82482],[-99.58083,26.83011],[-99.58435,26.84809],[-99.5934,26.85453],[-99.59104,26.86254],[-99.61121,26.87347],[-99.62106,26.86841],[-99.62704,26.87045],[-99.62522,26.883],[-99.63101,26.88385],[-99.63002,26.89029],[-99.64433,26.88556],[-99.64734,26.8944],[-99.66138,26.90083],[-99.667,26.89437],[-99.68721,26.89454],[-99.68553,26.89903],[-99.69401,26.90929],[-99.69788,26.89856],[-99.70347,26.90547],[-99.70992,26.90587],[-99.71367,26.9017],[-99.71043,26.89675],[-99.72109,26.8965],[-99.72681,26.89888],[-99.72789,26.90351],[-99.72399,26.90612],[-99.73932,26.90737],[-99.74434,26.91215],[-99.74765,26.90024],[-99.76463,26.89397],[-99.76666,26.88984],[-99.77012,26.92841],[-99.73416,26.92061],[-99.65004,27.06585],[-99.6589,27.08818],[-99.67891,27.10244],[-99.74766,27.27724],[-99.76037,27.43695],[-99.91915,27.49151],[-99.92641,27.54915],[-99.72814,27.67912],[-99.71771,27.66286]]]]}},{"type":"Feature","properties":{"T00_CVEGEO":"29","T00_NOMGEO":"Tlaxcala","NAME":"Tlaxcala"},"geometry":{"type":"MultiPolygon","coordinates":[[[[-98.05498,19.7218],[-98.05291,19.71314],[-98.04006,19.69959],[-98.03637,19.68552],[-98.03788,19.64847],[-98.0422,19.64022],[-97.98067,19.62854],[-97.96294,19.61283],[-97.95808,19.60307],[-97.95053,19.60284],[-97.95016,19.58964],[-97.9467,19.58563],[-97.9249,19.58853],[-97.91614,19.59401],[-97.90792,19.57935],[-97.88153,19.57172],[-97.87181,19.56176],[-97.86818,19.55334],[-97.87167,19.53215],[-97.88751,19.51763],[-97.88974,19.50458],[-97.88148,19.4998],[-97.87398,19.50292],[-97.84873,19.48278],[-97.84735,19.474],[-97.86226,19.45617],[-97.85942,19.45434],[-97.8461,19.46883],[-97.81474,19.48252],[-97.79453,19.49837],[-97.79685,19.47244],[-97.77804,19.47287],[-97.7707,19.45661],[-97.75479,19.45754],[-97.75665,19.4525],[-97.74785,19.45122],[-97.74469,19.44504],[-97.74727,19.43633],[-97.74174,19.43222],[-97.7341,19.43498],[-97.72452,19.43163],[-97.72113,19.41857],[-97.70659,19.40314],[-97.70545,19.39364],[-97.69817,19.39561],[-97.6938,19.38916],[-97.68129,19.3883],[-97.67385,19.36747],[-97.65797,19.36367],[-97.65362,19.3538],[-97.64028,19.36075],[-97.63144,19.35539],[-97.6387,19.33826],[-97.62763,19.33434],[-97.62544,19.32662],[-97.63311,19.31616],[-97.63894,19.31905],[-97.64608,19.30641],[-97.65804,19.31066],[-97.66951,19.29213],[-97.6776,19.29267],[-97.69093,19.28589],[-97.70124,19.29569],[-97.71574,19.29785],[-97.71964,19.30475],[-97.73833,19.2871],[-97.73702,19.29669],[-97.74508,19.30526],[-97.75705,19.29977],[-97.76508,19.28686],[-97.77138,19.28375],[-97.78541,19.28893],[-97.80046,19.30158],[-97.82085,19.30473],[-97.83926,19.30137],[-97.83842,19.28726],[-97.85971,19.2872],[-97.87028,19.27058],[-97.85404,19.25733],[-97.86513,19.25395],[-97.87049,19.24006],[-97.86038,19.24407],[-97.85098,19.22293],[-97.86212,19.21384],[-97.89321,19.2003],[-97.8942,19.19115],[-97.88983,19.18695],[-97.9046,19.17758],[-97.91137,19.17961],[-97.9282,19.16421],[-97.96671,19.18747],[-97.99862,19.19832],[-98.00572,19.20885],[-98.03168,19.23094],[-98.03461,19.21877],[-98.04152,19.21023],[-98.05932,19.20122],[-98.07756,19.17686],[-98.10031,19.16336],[-98.11015,19.14321],[-98.14969,19.11386],[-98.14475,19.12127],[-98.14952,19.12088],[-98.16617,19.10507],[-98.18485,19.11551],[-98.20434,19.11493],[-98.19163,19.12193],[-98.19714,19.12749],[-98.18818,19.13551],[-98.1907,19.13998],[-98.20803,19.1327],[-98.22303,19.13663],[-98.23023,19.15673],[-98.2697,19.16239],[-98.30715,19.1892],[-98.31217,19.1904],[-98.32392,19.16866],[-98.3427,19.17794],[-98.33067,19.20015],[-98.33493,19.20447],[-98.34415,19.2053],[-98.35441,19.22086],[-98.36891,19.22612],[-98.36454,19.23312],[-98.37726,19.24746],[-98.3804,19.26171],[-98.40132,19.2824],[-98.40176,19.28788],[-98.41008,19.29134],[-98.40771,19.31593],[-98.4207,19.31994],[-98.42835,19.32758],[-98.44127,19.32525],[-98.45305,19.3448],[-98.47027,19.36083],[-98.48679,19.38904],[-98.49051,19.40407],[-98.51627,19.43917],[-98.52318,19.46087],[-98.54375,19.46039],[-98.57027,19.46677],[-98.59127,19.44921],[-98.6294,19.45702],[-98.63411,19.46785],[-98.64053,19.4633],[-98.65322,19.46598],[-98.66101,19.47843],[-98.66039,19.4855],[-98.67567,19.49946],[-98.6819,19.51801],[-98.70001,19.53131],[-98.7016,19.54581],[-98.70839,19.5476],[-98.70546,19.55247],[-98.70812,19.5548],[-98.6995,19.56715],[-98.702,19.56526],[-98.70126,19.57094],[-98.6948,19.57064],[-98.69326,19.57607],[-98.6891,19.57686],[-98.69242,19.58588],[-98.6815,19.58792],[-98.68137,19.59828],[-98.67008,19.59848],[-98.66557,19.60615],[-98.6533,19.60783],[-98.64469,19.60696],[-98.63468,19.59776],[-98.63101,19.60199],[-98.60983,19.60201],[-98.59034,19.61936],[-98.57993,19.63741],[-98.56635,19.64112],[-98.56136,19.63759],[-98.56371,19.62715],[-98.5556,19.6281],[-98.55016,19.62455],[-98.55039,19.61858],[-98.53557,19.63442],[-98.52595,19.61943],[-98.52826,19.61431],[-98.51923,19.6024],[-98.49161,19.60736],[-98.49019,19.61995],[-98.46675,19.61371],[-98.4507,19.61808],[-98.44142,19.61258],[-98.41266,19.6175],[-98.38169,19.60936],[-98.3238,19.68529],[-98.32094,19.70101],[-98.33004,19.69903],[-98.3333,19.70932],[-98.33166,19.72232],[-98.31108,19.72772],[-98.30155,19.72308],[-98.29331,19.72623],[-98.27966,19.71688],[-98.28206,19.72589],[-98.27197,19.72458],[-98.26563,19.71701],[-98.25386,19.71672],[-98.2524,19.69312],[-98.24106,19.67583],[-98.22807,19.68042],[-98.22802,19.67445],[-98.20957,19.67717],[-98.18981,19.67101],[-98.18736,19.67973],[-98.1813,19.6737],[-98.17016,19.67313],[-98.16556,19.66747],[-98.14372,19.68365],[-98.11773,19.68826],[-98.10651,19.68178],[-98.101,19.66805],[-98.09091,19.67762],[-98.09269,19.68329],[-98.0828,19.70075],[-98.07428,19.70069],[-98.06439,19.70901],[-98.06811,19.71601],[-98.06596,19.72807],[-98.0608,19.72891],[-98.05498,19.7218]]]]}},{"type":"Feature","properties":{"T00_CVEGEO":"30","T00_NOMGEO":"Veracruz de Ignacio de la Llave","NAME":"Veracruz"},"geometry":{"type":"MultiPolygon","coordinates":[[[[-96.09228,19.17375],[-96.09239,19.17375],[-96.0925,19.17377],[-96.09259,19.17382],[-96.09269,19.1739],[-96.09275,19.17397],[-96.0928,19.17404],[-96.09286,19.17412],[-96.09294,19.17423],[-96.09294,19.17437],[-96.09289,19.17455],[-96.09284,19.1747],[-96.09279,19.17475],[-96.09276,19.17489],[-96.09275,19.17503],[-96.09286,19.17528],[-96.09292,19.17548],[-96.09292,19.17572],[-96.09295,19.17586],[-96.09294,19.17618],[-96.09292,19.17641],[-96.09282,19.17654],[-96.09273,19.17666],[-96.09258,19.17685],[-96.09246,19.17699],[-96.09232,19.17715],[-96.09222,19.17721],[-96.09212,19.17724],[-96.09201,19.17719],[-96.0919,19.17708],[-96.09187,19.17694],[-96.09185,19.17684],[-96.09179,19.17674],[-96.09175,19.17667],[-96.09173,19.17658],[-96.09163,19.17649],[-96.09147,19.17638],[-96.09139,19.17631],[-96.09136,19.17619],[-96.09128,19.17612],[-96.09116,19.17592],[-96.09109,19.17576],[-96.09104,19.17559],[-96.09098,19.17545],[-96.09099,19.17533],[-96.09104,19.17523],[-96.09114,19.17507],[-96.09122,19.17489],[-96.09131,19.17472],[-96.09139,19.17456],[-96.09147,19.17441],[-96.09156,19.1743],[-96.0917,19.17416],[-96.09183,19.17408],[-96.09193,19.17398],[-96.09202,19.17392],[-96.09208,19.17387],[-96.09221,19.17378],[-96.09228,19.17375]]],[[[-97.22131,21.4766],[-97.22503,21.46873],[-97.2304,21.46864],[-97.22131,21.4766]]],[[[-98.20882,22.46476],[-98.19676,22.46954],[-98.19255,22.46705],[-98.19988,22.44903],[-98.18974,22.44179],[-98.18748,22.42386],[-98.16328,22.40998],[-98.15155,22.41294],[-98.11353,22.3953],[-98.11186,22.37815],[-98.10621,22.36671],[-98.09549,22.37269],[-98.08601,22.37015],[-98.07426,22.34778],[-98.05944,22.34637],[-98.05395,22.35554],[-98.02846,22.35839],[-98.02107,22.35278],[-98.0007,22.34815],[-97.99001,22.35086],[-97.98524,22.34117],[-97.9704,22.33289],[-97.9705,22.32805],[-97.98397,22.30467],[-97.99894,22.31432],[-98.00032,22.29743],[-97.99266,22.29277],[-97.9827,22.30261],[-97.97145,22.29619],[-97.9567,22.29389],[-97.95386,22.28704],[-97.93165,22.27104],[-97.93459,22.25459],[-97.92567,22.25067],[-97.91678,22.25259],[-97.92028,22.246],[-97.91793,22.23998],[-97.90241,22.23334],[-97.89496,22.22237],[-97.84488,22.20696],[-97.83769,22.21243],[-97.83649,22.22992],[-97.82481,22.24414],[-97.79241,22.26035],[-97.77434,22.26391],[-97.79041,22.25989],[-97.7937,22.2497],[-97.79275,22.212],[-97.78525,22.16632],[-97.75194,22.0621],[-97.69806,21.95648],[-97.61612,21.83488],[-97.56433,21.77079],[-97.44231,21.65891],[-97.34358,21.58769],[-97.3279,21.56716],[-97.33274,21.5513],[-97.33047,21.51598],[-97.35058,21.4566],[-97.37528,21.39921],[-97.40156,21.35767],[-97.41443,21.32539],[-97.42039,21.29394],[-97.42023,21.23089],[-97.39813,21.16237],[-97.36424,21.09796],[-97.33693,21.03163],[-97.32936,21.01783],[-97.32546,21.01716],[-97.32833,21.01601],[-97.32627,21.00566],[-97.31126,20.97864],[-97.30589,20.97198],[-97.30164,20.97407],[-97.30615,20.97157],[-97.30497,20.96783],[-97.30151,20.96998],[-97.30563,20.9667],[-97.29712,20.9464],[-97.25999,20.87593],[-97.22838,20.83027],[-97.21861,20.79624],[-97.20517,20.77613],[-97.20388,20.75836],[-97.19368,20.73886],[-97.20117,20.72455],[-97.19588,20.72028],[-97.19432,20.70033],[-97.17746,20.66208],[-97.15479,20.62727],[-97.11238,20.57894],[-97.03085,20.49943],[-96.98572,20.46382],[-96.95507,20.41738],[-96.9241,20.38198],[-96.71018,20.16522],[-96.69838,20.14645],[-96.57432,20.0052],[-96.57411,19.9919],[-96.5517,19.9545],[-96.4908,19.88517],[-96.44949,19.8492],[-96.44703,19.83021],[-96.43605,19.80428],[-96.42187,19.78657],[-96.42389,19.77781],[-96.41473,19.75604],[-96.40724,19.74831],[-96.40831,19.73862],[-96.40106,19.72533],[-96.39942,19.71768],[-96.40062,19.71535],[-96.40303,19.72154],[-96.40111,19.71739],[-96.40681,19.70912],[-96.40634,19.69974],[-96.39154,19.67827],[-96.39788,19.67114],[-96.3954,19.64352],[-96.372,19.60188],[-96.37928,19.59224],[-96.37402,19.5609],[-96.35008,19.52205],[-96.31283,19.47917],[-96.30867,19.46255],[-96.31934,19.45279],[-96.32173,19.41434],[-96.30669,19.37343],[-96.31118,19.35883],[-96.30226,19.33363],[-96.27492,19.30064],[-96.2536,19.28345],[-96.2234,19.26595],[-96.18177,19.25044],[-96.1693,19.22192],[-96.15684,19.21613],[-96.13192,19.21987],[-96.15549,19.21564],[-96.13267,19.21797],[-96.1235,19.21387],[-96.12032,19.20359],[-96.13537,19.21412],[-96.14027,19.21005],[-96.13487,19.20744],[-96.13803,19.20553],[-96.13545,19.20157],[-96.13203,19.20322],[-96.12951,19.1987],[-96.126,19.20178],[-96.13,19.19826],[-96.12791,19.19532],[-96.12344,19.19458],[-96.12125,19.20077],[-96.12368,19.17957],[-96.11646,19.1696],[-96.09991,19.16175],[-96.09271,19.15153],[-96.10105,19.14178],[-96.10503,19.12365],[-96.10171,19.11065],[-96.09602,19.10486],[-96.09943,19.09739],[-96.0826,19.07767],[-96.06195,19.06512],[-96.03936,19.05761],[-96.01133,19.0565],[-95.98224,19.06531],[-95.98264,19.06114],[-95.97278,19.05664],[-95.95955,18.9611],[-95.94172,18.92686],[-95.94093,18.90539],[-95.92821,18.88671],[-95.90082,18.85944],[-95.86226,18.8325],[-95.78075,18.79893],[-95.75231,18.79192],[-95.75041,18.79511],[-95.7522,18.79188],[-95.74303,18.78734],[-95.74261,18.79078],[-95.73386,18.77962],[-95.71135,18.76352],[-95.64609,18.73588],[-95.5731,18.71955],[-95.49188,18.7125],[-95.362,18.71062],[-95.29483,18.71357],[-95.28825,18.71667],[-95.26141,18.70522],[-95.21898,18.70298],[-95.19561,18.70447],[-95.18897,18.70974],[-95.18141,18.70603],[-95.18191,18.69798],[-95.16661,18.68699],[-95.1462,18.68102],[-95.13702,18.67145],[-95.13073,18.67429],[-95.12985,18.66293],[-95.12163,18.65249],[-95.09825,18.64224],[-95.09316,18.64824],[-95.07947,18.64169],[-95.07913,18.62826],[-95.06969,18.62093],[-95.06499,18.62235],[-95.05791,18.61143],[-95.05998,18.6064],[-95.05431,18.59961],[-95.04971,18.59974],[-95.04938,18.58213],[-95.03381,18.57234],[-94.98795,18.55445],[-94.97525,18.55828],[-94.94864,18.54997],[-94.87421,18.54879],[-94.81657,18.53857],[-94.80779,18.5282],[-94.79955,18.52491],[-94.78749,18.50568],[-94.77425,18.46384],[-94.77369,18.4492],[-94.74379,18.42174],[-94.74413,18.41182],[-94.73652,18.39389],[-94.71371,18.37254],[-94.68337,18.354],[-94.67028,18.3392],[-94.66398,18.33839],[-94.66501,18.32762],[-94.65711,18.31161],[-94.6231,18.28713],[-94.62708,18.2772],[-94.62435,18.25349],[-94.60699,18.20404],[-94.58777,18.18562],[-94.53979,18.1612],[-94.50743,18.15329],[-94.47551,18.15057],[-94.41997,18.15681],[-94.41583,18.15811],[-94.41574,18.16643],[-94.41561,18.15823],[-94.40761,18.15967],[-94.41244,18.1666],[-94.40611,18.15952],[-94.37297,18.16141],[-94.29321,18.17539],[-94.13002,18.21285],[-94.12691,18.16825],[-94.12029,18.16496],[-94.10467,18.17395],[-94.09467,18.16067],[-94.10044,18.12591],[-94.09656,18.11252],[-94.0834,18.10244],[-94.0811,18.09577],[-94.09715,18.07862],[-94.07435,18.05859],[-94.08355,18.0339],[-94.07985,18.02232],[-94.08374,18.00646],[-94.06652,18.00939],[-94.06699,17.99253],[-94.06139,17.98812],[-94.06851,17.97959],[-94.07353,17.98777],[-94.08249,17.97795],[-94.08074,17.96834],[-94.08888,17.97062],[-94.09198,17.96193],[-94.08714,17.95839],[-94.09132,17.93657],[-94.08497,17.91553],[-94.088,17.90648],[-94.08182,17.89991],[-94.08513,17.89287],[-94.0793,17.89104],[-94.08288,17.88577],[-94.08342,17.86987],[-94.07229,17.86556],[-94.06511,17.86845],[-94.0626,17.86309],[-94.05198,17.87074],[-94.04287,17.86744],[-94.04289,17.8735],[-94.03315,17.87255],[-94.03799,17.86997],[-94.03753,17.86266],[-94.03268,17.86212],[-94.02944,17.84567],[-94.02303,17.84625],[-94.02594,17.84038],[-94.01702,17.83955],[-94.01634,17.84449],[-94.00622,17.83995],[-94.00296,17.84225],[-93.99561,17.83662],[-93.99461,17.84602],[-93.98786,17.83436],[-93.98823,17.84472],[-93.98317,17.83985],[-93.98116,17.84603],[-93.98624,17.84706],[-93.98456,17.85157],[-93.97594,17.85037],[-93.97317,17.84233],[-93.96778,17.84525],[-93.96787,17.83704],[-93.96289,17.83431],[-93.95983,17.83727],[-93.95594,17.83339],[-93.95744,17.82531],[-93.95844,17.83024],[-93.96499,17.82996],[-93.95832,17.81973],[-93.96799,17.81787],[-93.95679,17.81064],[-93.96316,17.7995],[-93.9577,17.80244],[-93.95063,17.80041],[-93.95533,17.79958],[-93.95294,17.78669],[-93.9561,17.78172],[-93.94949,17.76949],[-93.94084,17.7651],[-93.94114,17.75985],[-93.93525,17.75909],[-93.94142,17.75558],[-93.9401,17.75317],[-93.92912,17.75325],[-93.92231,17.74633],[-93.91011,17.75469],[-93.90433,17.75012],[-93.90106,17.75567],[-93.8922,17.75367],[-93.89127,17.74808],[-93.88534,17.75722],[-93.88123,17.7513],[-93.87704,17.75656],[-93.87003,17.75061],[-93.87466,17.7472],[-93.8696,17.73932],[-93.87432,17.73993],[-93.87375,17.73466],[-93.88366,17.73553],[-93.87616,17.7333],[-93.88072,17.72628],[-93.87586,17.72653],[-93.86999,17.71353],[-93.86461,17.71671],[-93.86918,17.71798],[-93.86499,17.72218],[-93.85867,17.72089],[-93.85928,17.71685],[-93.84857,17.72071],[-93.8504,17.71665],[-93.84699,17.71409],[-93.84588,17.71718],[-93.84301,17.71136],[-93.8349,17.71655],[-93.83045,17.7137],[-93.82658,17.71919],[-93.82864,17.71294],[-93.8235,17.70943],[-93.82599,17.70596],[-93.82233,17.69957],[-93.81253,17.70692],[-93.8126,17.70252],[-93.80698,17.70592],[-93.80515,17.68935],[-93.79888,17.6874],[-93.79784,17.69224],[-93.79106,17.69473],[-93.78478,17.6909],[-93.78123,17.69323],[-93.78052,17.68867],[-93.77256,17.69271],[-93.76503,17.67457],[-93.76535,17.68052],[-93.75976,17.68511],[-93.75178,17.68398],[-93.75653,17.68262],[-93.75671,17.67687],[-93.75319,17.68017],[-93.74783,17.67538],[-93.7385,17.67937],[-93.74707,17.66835],[-93.74561,17.66222],[-93.74107,17.66478],[-93.74658,17.66011],[-93.74088,17.6494],[-93.73269,17.64916],[-93.72999,17.64129],[-93.73798,17.63495],[-93.73527,17.63008],[-93.73102,17.63583],[-93.73288,17.62576],[-93.72911,17.62986],[-93.72343,17.62315],[-93.71472,17.62085],[-93.71205,17.62384],[-93.71916,17.63346],[-93.71318,17.63067],[-93.70849,17.62341],[-93.70969,17.61163],[-93.69965,17.61368],[-93.69946,17.59602],[-93.69333,17.58955],[-93.6932,17.59349],[-93.6872,17.59369],[-93.68541,17.58708],[-93.6776,17.58587],[-93.68081,17.58493],[-93.6773,17.57576],[-93.67109,17.57625],[-93.67121,17.56956],[-93.65916,17.56548],[-93.65671,17.55534],[-93.65368,17.55997],[-93.64848,17.55534],[-93.63114,17.55673],[-93.62946,17.54936],[-93.62454,17.54885],[-93.61752,17.55516],[-93.61359,17.55251],[-93.62152,17.54482],[-93.61818,17.5421],[-93.61956,17.53756],[-93.62469,17.53826],[-93.62726,17.53168],[-93.62501,17.51463],[-93.63733,17.50981],[-93.62607,17.50442],[-93.62545,17.501],[-93.6299,17.50087],[-93.6241,17.49345],[-93.63124,17.48693],[-93.63934,17.45958],[-93.64771,17.46174],[-93.65041,17.45885],[-93.64463,17.4586],[-93.64686,17.45423],[-93.64415,17.45217],[-93.64246,17.45607],[-93.63659,17.45527],[-93.63513,17.45124],[-93.64517,17.4424],[-93.63717,17.43912],[-93.6382,17.43608],[-93.64562,17.43032],[-93.6493,17.43247],[-93.65294,17.41963],[-93.65757,17.4169],[-93.67299,17.41992],[-93.67341,17.41227],[-93.68373,17.40445],[-93.68353,17.39563],[-93.69491,17.3878],[-93.69009,17.37955],[-93.68314,17.37641],[-93.68574,17.37237],[-93.63495,17.3377],[-93.64519,17.33068],[-93.6415,17.31795],[-93.62743,17.31284],[-93.62438,17.32248],[-93.60793,17.31493],[-93.63813,17.29095],[-93.66441,17.28619],[-93.66269,17.25627],[-93.68987,17.2553],[-93.69566,17.24723],[-93.73679,17.24751],[-93.76297,17.23934],[-93.77244,17.24582],[-93.7886,17.23232],[-93.79485,17.2409],[-93.80144,17.24038],[-93.80594,17.23022],[-93.80376,17.22487],[-93.82011,17.19532],[-93.82662,17.19049],[-93.82713,17.1725],[-93.83904,17.17294],[-93.86091,17.16374],[-93.86231,17.15154],[-93.87012,17.14665],[-93.86742,17.13696],[-94.92281,17.19379],[-94.92301,17.20413],[-94.9154,17.20622],[-94.91121,17.2137],[-94.91045,17.22788],[-94.90529,17.23691],[-94.90956,17.24278],[-94.89542,17.25638],[-94.90965,17.26797],[-94.90134,17.28745],[-94.91308,17.28623],[-94.91476,17.29257],[-94.90912,17.29719],[-94.889,17.30008],[-94.89077,17.31105],[-94.90095,17.31706],[-94.91148,17.31429],[-94.92715,17.32514],[-94.93307,17.31898],[-94.95097,17.31565],[-94.96055,17.32307],[-94.9665,17.33437],[-94.97119,17.33097],[-95.07656,17.37293],[-95.25362,17.60201],[-95.25304,17.6078],[-95.25919,17.60772],[-95.26475,17.60156],[-95.26764,17.60827],[-95.27884,17.61324],[-95.27021,17.61574],[-95.27125,17.62473],[-95.25554,17.62157],[-95.2484,17.62558],[-95.25899,17.62901],[-95.253,17.63337],[-95.25322,17.64206],[-95.24822,17.64598],[-95.2429,17.64367],[-95.24193,17.63496],[-95.21844,17.63933],[-95.20707,17.65435],[-95.2012,17.64741],[-95.19512,17.65485],[-95.18812,17.6507],[-95.18493,17.67676],[-95.18769,17.68064],[-95.18146,17.68581],[-95.18243,17.69106],[-95.19028,17.69203],[-95.23891,17.73926],[-95.25867,17.72854],[-95.26274,17.73874],[-95.26902,17.74093],[-95.26306,17.72488],[-95.26555,17.71753],[-95.27163,17.71668],[-95.27919,17.72189],[-95.27999,17.71574],[-95.28671,17.71674],[-95.29224,17.71242],[-95.29117,17.71633],[-95.2978,17.72214],[-95.30258,17.71101],[-95.30996,17.70855],[-95.3066,17.69715],[-95.31664,17.69758],[-95.32134,17.68564],[-95.32874,17.68578],[-95.3338,17.67518],[-95.34005,17.6744],[-95.34375,17.68366],[-95.35159,17.67971],[-95.35174,17.67184],[-95.36788,17.67365],[-95.36965,17.66906],[-95.3868,17.66385],[-95.39532,17.65178],[-95.40295,17.65205],[-95.40716,17.64333],[-95.41303,17.65186],[-95.41849,17.64404],[-95.42548,17.64747],[-95.42682,17.63657],[-95.43422,17.63513],[-95.4461,17.62176],[-95.45607,17.62309],[-95.45445,17.6111],[-95.47313,17.60911],[-95.47244,17.60413],[-95.46301,17.59639],[-95.47934,17.58783],[-95.47809,17.59488],[-95.48417,17.6019],[-95.49764,17.59188],[-95.50631,17.59077],[-95.50367,17.58377],[-95.51401,17.58545],[-95.5147,17.5797],[-95.52126,17.57704],[-95.5174,17.56962],[-95.52479,17.57602],[-95.5311,17.57061],[-95.5251,17.56211],[-95.53146,17.55616],[-95.53967,17.56057],[-95.5496,17.55321],[-95.55554,17.55864],[-95.55942,17.54703],[-95.56881,17.55124],[-95.57843,17.54465],[-95.57774,17.5387],[-95.58533,17.53502],[-95.59056,17.53828],[-95.59875,17.53461],[-95.5993,17.54367],[-95.60511,17.54901],[-95.60708,17.53982],[-95.61996,17.54099],[-95.62714,17.54798],[-95.64504,17.54671],[-95.64702,17.55569],[-95.65359,17.56049],[-95.64846,17.53989],[-95.67395,17.53383],[-95.68515,17.53753],[-95.69215,17.5309],[-95.69103,17.52495],[-95.7021,17.51849],[-95.70657,17.53402],[-95.72514,17.53622],[-95.72048,17.54352],[-95.72198,17.54924],[-95.72809,17.55198],[-95.72403,17.55728],[-95.72955,17.57105],[-95.72689,17.57803],[-95.73379,17.57548],[-95.74489,17.58599],[-95.74757,17.58354],[-95.77155,17.58868],[-95.77147,17.5997],[-95.78174,17.60303],[-95.79298,17.60143],[-95.78942,17.59492],[-95.79185,17.58636],[-95.80754,17.59184],[-95.80756,17.6018],[-95.80348,17.6071],[-95.7947,17.60352],[-95.78905,17.61086],[-95.78037,17.61111],[-95.77596,17.60869],[-95.77722,17.6043],[-95.77365,17.60585],[-95.77273,17.62154],[-95.78249,17.62577],[-95.78111,17.63887],[-95.7991,17.62763],[-95.8033,17.62936],[-95.80964,17.63817],[-95.80563,17.64344],[-95.808,17.6468],[-95.83063,17.65262],[-95.84414,17.66848],[-95.84403,17.67312],[-95.8675,17.68484],[-95.87101,17.70217],[-95.89529,17.70449],[-95.89401,17.71232],[-95.87339,17.71713],[-95.8728,17.72741],[-95.8856,17.72675],[-95.89263,17.72071],[-95.90286,17.7341],[-95.89902,17.75434],[-95.89263,17.76032],[-95.89292,17.76514],[-95.88477,17.77182],[-95.86638,17.77435],[-95.86895,17.79662],[-95.85578,17.80555],[-95.84933,17.82585],[-95.85881,17.84478],[-95.8502,17.84453],[-95.79992,17.95001],[-95.83316,18.12902],[-95.90715,18.13564],[-95.91348,18.13858],[-95.91464,18.1522],[-95.92213,18.1508],[-95.92219,18.14105],[-95.92573,18.14643],[-95.93333,18.14166],[-95.93643,18.14682],[-95.93236,18.15135],[-95.93725,18.15663],[-95.95345,18.15986],[-95.95907,18.15706],[-95.95842,18.15298],[-95.96716,18.15422],[-95.98153,18.14295],[-95.99106,18.15194],[-96.02568,18.13346],[-96.04105,18.13849],[-96.0431,18.13467],[-96.04687,18.13656],[-96.05138,18.12674],[-96.05697,18.13402],[-96.06638,18.13159],[-96.08422,18.16253],[-96.09918,18.16684],[-96.11431,18.16407],[-96.11714,18.15517],[-96.12304,18.15423],[-96.12412,18.14037],[-96.13671,18.13403],[-96.14362,18.14015],[-96.14856,18.13219],[-96.15422,18.1318],[-96.17966,18.14056],[-96.18828,18.1513],[-96.1828,18.15782],[-96.18719,18.16675],[-96.17023,18.1698],[-96.17068,18.18638],[-96.20313,18.17487],[-96.21747,18.16196],[-96.231,18.18972],[-96.24358,18.1971],[-96.26799,18.22445],[-96.26681,18.24566],[-96.28131,18.25913],[-96.28823,18.25976],[-96.28312,18.2689],[-96.27602,18.26581],[-96.27726,18.2714],[-96.26916,18.27398],[-96.27857,18.28382],[-96.27388,18.28591],[-96.27741,18.29401],[-96.27076,18.29782],[-96.28548,18.30168],[-96.28359,18.30609],[-96.2869,18.31127],[-96.30994,18.32235],[-96.3056,18.32903],[-96.31269,18.32759],[-96.31499,18.33139],[-96.31326,18.33501],[-96.31752,18.3401],[-96.31353,18.34591],[-96.32066,18.36021],[-96.31732,18.36453],[-96.33505,18.37251],[-96.33106,18.37923],[-96.33931,18.37563],[-96.34534,18.37969],[-96.34902,18.38844],[-96.34455,18.3985],[-96.34986,18.4015],[-96.35258,18.41024],[-96.35633,18.41167],[-96.36172,18.40707],[-96.36779,18.41736],[-96.37415,18.4174],[-96.37619,18.42465],[-96.38383,18.42411],[-96.38521,18.42933],[-96.38924,18.42837],[-96.38933,18.44048],[-96.39331,18.43706],[-96.40298,18.43992],[-96.40009,18.44417],[-96.40359,18.44635],[-96.40134,18.45984],[-96.40459,18.46778],[-96.41239,18.46476],[-96.41802,18.47048],[-96.41817,18.47605],[-96.41118,18.47692],[-96.41655,18.49927],[-96.42347,18.5018],[-96.42075,18.51046],[-96.43751,18.53176],[-96.44709,18.53667],[-96.45512,18.54948],[-96.45114,18.55742],[-96.46106,18.57304],[-96.46782,18.57089],[-96.47734,18.57994],[-96.48874,18.58125],[-96.49992,18.58953],[-96.50875,18.58946],[-96.51045,18.58428],[-96.51732,18.58158],[-96.52547,18.58777],[-96.5373,18.58395],[-96.54132,18.58825],[-96.56094,18.5877],[-96.59537,18.61147],[-96.61667,18.61907],[-96.63165,18.63566],[-96.6458,18.64039],[-96.65499,18.6513],[-96.66823,18.65595],[-96.67441,18.66593],[-96.68301,18.66969],[-96.68109,18.64795],[-96.68869,18.63879],[-96.67496,18.62434],[-96.67246,18.60757],[-96.67901,18.60778],[-96.69382,18.59121],[-96.68875,18.58121],[-96.69331,18.57861],[-96.70214,18.58122],[-96.69093,18.56797],[-96.69962,18.55334],[-96.7156,18.57324],[-96.72421,18.55898],[-96.71182,18.54805],[-96.71904,18.53691],[-96.72578,18.53586],[-96.72689,18.52983],[-96.71902,18.52212],[-96.71414,18.52756],[-96.70616,18.52633],[-96.70286,18.51027],[-96.68802,18.51264],[-96.68154,18.50327],[-96.69107,18.48983],[-96.68565,18.4896],[-96.6876,18.48662],[-96.68424,18.48691],[-96.6863,18.48359],[-96.68367,18.48476],[-96.68253,18.47506],[-96.69024,18.46897],[-96.68818,18.46273],[-96.69274,18.46236],[-96.69288,18.45755],[-96.70532,18.45671],[-96.7026,18.45439],[-96.70721,18.44892],[-96.70526,18.43545],[-96.70904,18.43242],[-96.70499,18.43201],[-96.7097,18.42995],[-96.70591,18.42289],[-96.68103,18.4122],[-96.68143,18.38565],[-96.67504,18.38423],[-96.68161,18.37558],[-96.69182,18.38085],[-96.69259,18.36623],[-96.69624,18.36475],[-96.69772,18.38207],[-96.71727,18.38041],[-96.73232,18.3737],[-96.74103,18.38261],[-96.72864,18.39573],[-96.73125,18.40135],[-96.72491,18.40818],[-96.74349,18.40732],[-96.75366,18.41172],[-96.75908,18.40826],[-96.76636,18.41268],[-96.76596,18.418],[-96.77089,18.42298],[-96.76318,18.42705],[-96.781,18.42907],[-96.77755,18.43432],[-96.78481,18.44419],[-96.77542,18.44809],[-96.78617,18.45792],[-96.78093,18.46592],[-96.7892,18.46714],[-96.79143,18.4774],[-96.79579,18.48022],[-96.79295,18.49191],[-96.79783,18.49695],[-96.79416,18.50213],[-96.797,18.51193],[-96.80336,18.51146],[-96.81344,18.51762],[-96.81847,18.51147],[-96.82403,18.51111],[-96.82733,18.50375],[-96.82509,18.49811],[-96.84235,18.49339],[-96.84632,18.50538],[-96.86729,18.51459],[-96.86324,18.51612],[-96.86653,18.52669],[-96.87351,18.52323],[-96.87592,18.53509],[-96.87899,18.53748],[-96.88588,18.53344],[-96.89924,18.54865],[-96.90672,18.54684],[-96.90961,18.53981],[-96.92594,18.53492],[-96.95433,18.55383],[-96.96445,18.54703],[-96.9652,18.54166],[-96.9768,18.54307],[-96.97378,18.53676],[-96.98481,18.5312],[-96.99623,18.52851],[-96.99891,18.53191],[-97.00682,18.5233],[-97.01525,18.52088],[-97.02104,18.51242],[-97.02576,18.51707],[-97.04637,18.49956],[-97.05196,18.48574],[-97.07607,18.466],[-97.07996,18.45451],[-97.08346,18.48394],[-97.1133,18.52219],[-97.11369,18.53138],[-97.14456,18.57093],[-97.14585,18.58216],[-97.14144,18.59642],[-97.14957,18.59704],[-97.16225,18.60593],[-97.1744,18.60666],[-97.17595,18.61672],[-97.18406,18.61668],[-97.19691,18.62958],[-97.21523,18.62555],[-97.22578,18.63833],[-97.23542,18.64357],[-97.24524,18.64022],[-97.25226,18.62672],[-97.25987,18.62425],[-97.27184,18.62778],[-97.28186,18.65249],[-97.29121,18.65545],[-97.2939,18.66493],[-97.29712,18.66419],[-97.3032,18.67428],[-97.32317,18.66431],[-97.33039,18.67314],[-97.32815,18.67755],[-97.33102,18.68312],[-97.33725,18.67859],[-97.34397,18.68576],[-97.34038,18.69345],[-97.34501,18.6984],[-97.34219,18.70589],[-97.35002,18.71714],[-97.34214,18.72581],[-97.34719,18.72743],[-97.3395,18.74241],[-97.34423,18.74944],[-97.34035,18.75865],[-97.33005,18.76597],[-97.33701,18.76837],[-97.34018,18.7784],[-97.35284,18.77436],[-97.35302,18.79128],[-97.32634,18.81024],[-97.32626,18.81967],[-97.32038,18.8219],[-97.32453,18.83042],[-97.32266,18.83507],[-97.30608,18.84342],[-97.30796,18.84815],[-97.2965,18.86126],[-97.2973,18.86731],[-97.27137,18.89081],[-97.2458,18.8933],[-97.24181,18.90214],[-97.2438,18.91344],[-97.25334,18.92875],[-97.2592,18.96207],[-97.25825,18.97771],[-97.28512,18.99943],[-97.26662,19.03031],[-97.26965,19.06307],[-97.26139,19.09662],[-97.23754,19.1095],[-97.22814,19.12182],[-97.22231,19.12343],[-97.21702,19.13429],[-97.21956,19.13613],[-97.19719,19.14656],[-97.20963,19.15985],[-97.19664,19.16654],[-97.19458,19.17181],[-97.18367,19.16274],[-97.18063,19.16933],[-97.17042,19.16386],[-97.1485,19.16505],[-97.13652,19.16011],[-97.13072,19.16768],[-97.11284,19.16458],[-97.10872,19.16841],[-97.09432,19.16126],[-97.06669,19.15945],[-97.06797,19.14846],[-97.0575,19.14016],[-97.05563,19.134],[-97.04583,19.12803],[-97.03445,19.13767],[-97.02704,19.13323],[-97.02943,19.14294],[-97.04213,19.15138],[-97.0383,19.15767],[-97.04303,19.165],[-97.04138,19.17441],[-97.05615,19.19766],[-97.05155,19.20681],[-97.02728,19.21743],[-97.01486,19.23194],[-97.00772,19.23098],[-97.00123,19.23654],[-97.0044,19.2569],[-96.99456,19.26386],[-96.99141,19.27621],[-96.98555,19.27939],[-97.00345,19.29638],[-97.01081,19.2963],[-97.01475,19.29007],[-97.01935,19.29687],[-97.02463,19.29429],[-97.03098,19.29732],[-97.0455,19.32128],[-97.05568,19.31197],[-97.0675,19.31523],[-97.06788,19.32136],[-97.07117,19.32151],[-97.08276,19.31056],[-97.09142,19.31098],[-97.10199,19.30361],[-97.12935,19.30889],[-97.13155,19.31878],[-97.13674,19.3227],[-97.14845,19.32025],[-97.1702,19.32902],[-97.18879,19.32136],[-97.19033,19.31571],[-97.20027,19.30926],[-97.20083,19.31629],[-97.20494,19.3182],[-97.20798,19.31519],[-97.2156,19.32332],[-97.20471,19.32996],[-97.21008,19.33787],[-97.20669,19.34898],[-97.2102,19.35944],[-97.22386,19.35696],[-97.23108,19.3627],[-97.23361,19.37121],[-97.25479,19.38179],[-97.26443,19.38062],[-97.27836,19.38514],[-97.28496,19.39163],[-97.33774,19.39253],[-97.34861,19.37849],[-97.36045,19.37603],[-97.37169,19.40306],[-97.3941,19.40729],[-97.39735,19.41906],[-97.3924,19.41784],[-97.38993,19.42892],[-97.38154,19.43236],[-97.36389,19.43499],[-97.35727,19.43237],[-97.35214,19.44195],[-97.35388,19.44723],[-97.34689,19.451],[-97.34825,19.48462],[-97.35207,19.48472],[-97.35572,19.49291],[-97.36074,19.48849],[-97.37066,19.49499],[-97.39492,19.49242],[-97.40455,19.49586],[-97.4021,19.51538],[-97.40752,19.52187],[-97.40546,19.52545],[-97.41212,19.53592],[-97.40958,19.53733],[-97.42074,19.53982],[-97.42236,19.54405],[-97.42664,19.54167],[-97.42687,19.56916],[-97.43032,19.58613],[-97.43427,19.58885],[-97.42802,19.6017],[-97.42804,19.61589],[-97.41846,19.62721],[-97.40274,19.61534],[-97.34736,19.66337],[-97.34115,19.67575],[-97.3264,19.67892],[-97.30392,19.67115],[-97.30742,19.68453],[-97.32468,19.70709],[-97.33113,19.70756],[-97.32827,19.71178],[-97.33313,19.71678],[-97.3222,19.72238],[-97.31378,19.73513],[-97.32193,19.73478],[-97.32,19.76982],[-97.31312,19.79047],[-97.31668,19.81783],[-97.31503,19.82775],[-97.30824,19.83444],[-97.30957,19.85578],[-97.30455,19.87069],[-97.29992,19.8815],[-97.29047,19.88681],[-97.29526,19.89337],[-97.29182,19.90025],[-97.28869,19.90382],[-97.28643,19.90156],[-97.28096,19.91235],[-97.27299,19.91761],[-97.27137,19.9153],[-97.27011,19.92073],[-97.26315,19.92249],[-97.2558,19.93246],[-97.26924,19.94702],[-97.26873,19.9592],[-97.26066,19.97725],[-97.23816,19.98871],[-97.23468,19.99672],[-97.22528,20.00205],[-97.22509,20.00946],[-97.20692,20.01466],[-97.20358,20.02531],[-97.21109,20.04255],[-97.20614,20.05635],[-97.20151,20.05806],[-97.19542,20.05434],[-97.19425,20.05871],[-97.18549,20.06234],[-97.18203,20.07275],[-97.17556,20.07667],[-97.18363,20.08004],[-97.17402,20.09217],[-97.15774,20.10973],[-97.14182,20.1185],[-97.14162,20.1225],[-97.13357,20.12385],[-97.1224,20.13672],[-97.1378,20.14012],[-97.14378,20.13638],[-97.15136,20.13754],[-97.15198,20.14612],[-97.15752,20.14957],[-97.14998,20.16061],[-97.161,20.16071],[-97.16441,20.15183],[-97.24239,20.17447],[-97.24403,20.18228],[-97.26192,20.17755],[-97.27054,20.18752],[-97.28318,20.18111],[-97.28527,20.19073],[-97.36551,20.21575],[-97.37351,20.2236],[-97.37779,20.22309],[-97.3742,20.243],[-97.37823,20.24925],[-97.39572,20.2432],[-97.40816,20.23209],[-97.4208,20.24242],[-97.43593,20.24045],[-97.44527,20.24616],[-97.46429,20.22422],[-97.46505,20.18022],[-97.48479,20.17388],[-97.4876,20.16488],[-97.50538,20.15394],[-97.50433,20.14898],[-97.49478,20.14619],[-97.49979,20.14272],[-97.49483,20.13735],[-97.50896,20.13068],[-97.5113,20.12501],[-97.52182,20.12196],[-97.52739,20.11488],[-97.53959,20.11601],[-97.54815,20.10119],[-97.55294,20.10092],[-97.55763,20.10718],[-97.56344,20.08997],[-97.56129,20.08602],[-97.57085,20.08191],[-97.57686,20.08462],[-97.57892,20.07943],[-97.58602,20.07933],[-97.59356,20.08472],[-97.5957,20.09689],[-97.58423,20.09475],[-97.57864,20.10252],[-97.58207,20.10904],[-97.58741,20.10858],[-97.5875,20.11234],[-97.60273,20.11931],[-97.60505,20.13172],[-97.60097,20.14129],[-97.60532,20.14183],[-97.60837,20.15164],[-97.60448,20.16687],[-97.61638,20.16899],[-97.6328,20.18322],[-97.63871,20.18263],[-97.63856,20.17655],[-97.64439,20.178],[-97.64558,20.16869],[-97.65243,20.16356],[-97.66331,20.1695],[-97.68682,20.16581],[-97.69302,20.16938],[-97.69871,20.18238],[-97.70755,20.18158],[-97.7205,20.18919],[-97.73145,20.18135],[-97.73621,20.18991],[-97.73925,20.18925],[-97.73859,20.2021],[-97.73069,20.2052],[-97.73295,20.2275],[-97.73729,20.22816],[-97.7351,20.24239],[-97.74738,20.2632],[-97.75123,20.26012],[-97.75729,20.27908],[-97.74089,20.27457],[-97.72411,20.28361],[-97.7084,20.28529],[-97.70427,20.30324],[-97.68139,20.30243],[-97.67676,20.30609],[-97.6773,20.31298],[-97.68985,20.32008],[-97.68407,20.3215],[-97.68419,20.32566],[-97.67312,20.3366],[-97.67689,20.33919],[-97.67439,20.34723],[-97.67934,20.34991],[-97.69008,20.33361],[-97.69462,20.33516],[-97.69655,20.31988],[-97.70068,20.31992],[-97.7025,20.32554],[-97.71274,20.32895],[-97.74287,20.35119],[-97.74374,20.36873],[-97.74803,20.37412],[-97.74374,20.37571],[-97.74444,20.38011],[-97.76563,20.38123],[-97.76258,20.39786],[-97.7573,20.39981],[-97.75584,20.41295],[-97.75095,20.41456],[-97.73482,20.44187],[-97.73459,20.4513],[-97.72582,20.45823],[-97.72078,20.45354],[-97.70918,20.45511],[-97.70767,20.44812],[-97.69955,20.44335],[-97.69772,20.43251],[-97.67304,20.41885],[-97.67207,20.40853],[-97.66508,20.40838],[-97.66099,20.41295],[-97.6454,20.40832],[-97.63755,20.4179],[-97.63546,20.43235],[-97.64072,20.44227],[-97.63536,20.45218],[-97.62776,20.45034],[-97.62388,20.45773],[-97.61659,20.45535],[-97.60721,20.46198],[-97.59588,20.46399],[-97.58626,20.4725],[-97.57604,20.4909],[-97.56206,20.49009],[-97.55605,20.48469],[-97.5433,20.48474],[-97.54104,20.48971],[-97.57831,20.53743],[-97.57498,20.54334],[-97.58352,20.5483],[-97.58931,20.55646],[-97.58795,20.56107],[-97.58995,20.55615],[-97.61007,20.5639],[-97.62543,20.56357],[-97.62543,20.55843],[-97.63666,20.55371],[-97.63773,20.55898],[-97.64819,20.56631],[-97.65763,20.55572],[-97.65578,20.54752],[-97.65896,20.54511],[-97.67632,20.55546],[-97.68476,20.55426],[-97.68045,20.56715],[-97.68516,20.57343],[-97.7019,20.57186],[-97.69341,20.60268],[-97.70483,20.60166],[-97.71539,20.60908],[-97.71265,20.62035],[-97.70446,20.62922],[-97.71449,20.63686],[-97.7312,20.63779],[-97.73732,20.64643],[-97.7495,20.64332],[-97.75209,20.65766],[-97.74533,20.65718],[-97.73807,20.66303],[-97.74061,20.67404],[-97.73706,20.67965],[-97.74072,20.68185],[-97.74069,20.68972],[-97.74825,20.68631],[-97.75653,20.68901],[-97.75753,20.69346],[-97.75063,20.70733],[-97.75296,20.73237],[-97.72845,20.74126],[-97.72281,20.74999],[-97.72635,20.75997],[-97.71895,20.76295],[-97.72664,20.76733],[-97.7265,20.77116],[-97.72088,20.77041],[-97.71918,20.7755],[-97.72515,20.77771],[-97.72806,20.78495],[-97.72306,20.78643],[-97.72598,20.79165],[-97.71314,20.79983],[-97.70134,20.7936],[-97.69465,20.79653],[-97.69517,20.80004],[-97.73891,20.80153],[-97.75034,20.81479],[-97.7631,20.81886],[-97.77299,20.8272],[-97.77387,20.82301],[-97.79039,20.81683],[-97.79717,20.82116],[-97.81376,20.82006],[-97.83025,20.80795],[-97.83092,20.81268],[-97.85011,20.81692],[-97.84307,20.82444],[-97.84355,20.83137],[-97.83891,20.83649],[-97.84108,20.83931],[-97.85286,20.83287],[-97.87911,20.83427],[-97.90366,20.775],[-97.92244,20.71652],[-97.89742,20.70321],[-97.90626,20.69071],[-97.91407,20.68862],[-97.91783,20.67124],[-97.91333,20.67197],[-97.90876,20.66716],[-97.91184,20.65351],[-97.90158,20.64073],[-97.89514,20.6227],[-97.90875,20.60813],[-97.90569,20.60127],[-97.91087,20.59353],[-97.90968,20.58637],[-97.91477,20.58649],[-97.92779,20.57149],[-97.93741,20.56917],[-97.98081,20.54071],[-97.98152,20.52568],[-97.97262,20.5232],[-97.97933,20.51493],[-97.99876,20.5252],[-98.00347,20.52284],[-98.01726,20.52599],[-98.01826,20.52879],[-98.0083,20.53269],[-98.02872,20.58971],[-98.0177,20.6017],[-98.021,20.62678],[-98.02939,20.63212],[-98.03997,20.63193],[-98.06678,20.67387],[-98.0749,20.67654],[-98.07638,20.67142],[-98.07028,20.6682],[-98.07195,20.65772],[-98.0827,20.6422],[-98.0806,20.63351],[-98.08717,20.62287],[-98.09821,20.62437],[-98.10058,20.61387],[-98.11178,20.61593],[-98.10804,20.61139],[-98.11497,20.6001],[-98.1269,20.59726],[-98.11872,20.59413],[-98.12372,20.59212],[-98.12164,20.58609],[-98.13018,20.59093],[-98.13042,20.58445],[-98.14773,20.56266],[-98.15371,20.56522],[-98.15218,20.55451],[-98.15814,20.55026],[-98.15804,20.54256],[-98.16444,20.54119],[-98.17289,20.52971],[-98.18561,20.52756],[-98.18834,20.52322],[-98.21159,20.5287],[-98.22844,20.52101],[-98.2341,20.50619],[-98.24101,20.50057],[-98.24575,20.5044],[-98.25577,20.49994],[-98.27104,20.48192],[-98.27543,20.48124],[-98.28046,20.46937],[-98.31213,20.44976],[-98.31981,20.4244],[-98.31605,20.42319],[-98.32101,20.41801],[-98.33717,20.41413],[-98.35981,20.39981],[-98.37046,20.40188],[-98.37658,20.39851],[-98.38614,20.40271],[-98.41829,20.38005],[-98.46207,20.33121],[-98.47109,20.33594],[-98.48667,20.33478],[-98.49649,20.33869],[-98.51739,20.33685],[-98.53426,20.34622],[-98.54035,20.35808],[-98.54861,20.35975],[-98.54306,20.37556],[-98.54843,20.39024],[-98.54438,20.39234],[-98.55017,20.3957],[-98.55242,20.43189],[-98.54968,20.43536],[-98.55436,20.4385],[-98.5561,20.44962],[-98.57872,20.47323],[-98.57661,20.47607],[-98.59728,20.49577],[-98.58239,20.50549],[-98.5576,20.50936],[-98.55461,20.5187],[-98.54563,20.52104],[-98.53466,20.53065],[-98.52448,20.54836],[-98.52297,20.58181],[-98.51224,20.59422],[-98.50291,20.59587],[-98.4963,20.58949],[-98.48017,20.589],[-98.48011,20.60329],[-98.4895,20.61965],[-98.49484,20.64434],[-98.48601,20.65439],[-98.46327,20.66784],[-98.45854,20.68537],[-98.45988,20.6962],[-98.44921,20.70089],[-98.4459,20.69433],[-98.44334,20.70988],[-98.43926,20.70885],[-98.42927,20.71627],[-98.43346,20.71752],[-98.42145,20.73934],[-98.42364,20.74772],[-98.4394,20.73863],[-98.44338,20.72923],[-98.46033,20.71331],[-98.49721,20.69988],[-98.51482,20.6892],[-98.51743,20.68377],[-98.52504,20.68184],[-98.53339,20.66271],[-98.54262,20.66849],[-98.55017,20.68939],[-98.52907,20.70399],[-98.53264,20.7113],[-98.53015,20.7181],[-98.50643,20.73312],[-98.51449,20.73232],[-98.51665,20.74289],[-98.50813,20.74419],[-98.5036,20.73222],[-98.4968,20.73683],[-98.47601,20.73892],[-98.47069,20.74494],[-98.44972,20.75134],[-98.45603,20.75561],[-98.46434,20.77192],[-98.46051,20.77898],[-98.46322,20.78517],[-98.45584,20.78952],[-98.44963,20.80609],[-98.45055,20.82147],[-98.44367,20.83432],[-98.43232,20.84097],[-98.43063,20.84767],[-98.41942,20.8511],[-98.41371,20.84863],[-98.41141,20.85409],[-98.4029,20.85838],[-98.3789,20.85201],[-98.37112,20.86231],[-98.36583,20.86387],[-98.3575,20.85679],[-98.34888,20.86562],[-98.34514,20.86485],[-98.35286,20.836],[-98.32719,20.82943],[-98.32864,20.8205],[-98.31653,20.81777],[-98.31483,20.80981],[-98.34466,20.79748],[-98.33942,20.79668],[-98.32851,20.78409],[-98.31531,20.78874],[-98.30782,20.80191],[-98.30287,20.7959],[-98.29844,20.80143],[-98.30447,20.78273],[-98.2988,20.77784],[-98.29202,20.7855],[-98.28439,20.78666],[-98.27953,20.7827],[-98.27556,20.78601],[-98.26159,20.78597],[-98.25403,20.7941],[-98.24774,20.78943],[-98.24554,20.79331],[-98.24891,20.79637],[-98.24488,20.80222],[-98.23365,20.79755],[-98.2247,20.81823],[-98.25376,20.82149],[-98.2521,20.82781],[-98.25891,20.83397],[-98.26232,20.84689],[-98.25464,20.84895],[-98.2588,20.85506],[-98.25621,20.85897],[-98.2655,20.86653],[-98.25096,20.8973],[-98.23235,20.90011],[-98.22486,20.90635],[-98.22901,20.90819],[-98.22265,20.91336],[-98.2227,20.91844],[-98.23426,20.91583],[-98.23935,20.92302],[-98.23738,20.93477],[-98.2302,20.94476],[-98.22823,20.95802],[-98.2161,20.9526],[-98.21438,20.95604],[-98.20953,20.96709],[-98.21107,20.97224],[-98.21691,20.97374],[-98.215,20.98962],[-98.20061,20.99469],[-98.20158,21.01247],[-98.18899,21.01832],[-98.18826,21.0313],[-98.18266,21.02999],[-98.17631,21.02116],[-98.16786,21.02289],[-98.16389,21.01764],[-98.16115,21.01913],[-98.16269,21.02833],[-98.15567,21.03338],[-98.15077,21.04722],[-98.15452,21.06608],[-98.14735,21.07845],[-98.15094,21.08549],[-98.17095,21.09681],[-98.17485,21.10622],[-98.18756,21.11081],[-98.20169,21.10613],[-98.20235,21.11089],[-98.19514,21.12036],[-98.20741,21.12872],[-98.20505,21.13808],[-98.20862,21.14331],[-98.21682,21.14472],[-98.21682,21.15147],[-98.22734,21.15041],[-98.23125,21.14237],[-98.23691,21.14335],[-98.2491,21.1294],[-98.26466,21.14115],[-98.28217,21.13641],[-98.28077,21.14102],[-98.29451,21.14719],[-98.29591,21.15361],[-98.27857,21.17258],[-98.27551,21.18737],[-98.27912,21.19275],[-98.28717,21.19429],[-98.29614,21.18796],[-98.29597,21.18303],[-98.29956,21.18413],[-98.2979,21.1774],[-98.31585,21.18688],[-98.33814,21.17277],[-98.34211,21.16077],[-98.35075,21.15714],[-98.35368,21.1598],[-98.36203,21.15705],[-98.36623,21.16223],[-98.38021,21.15512],[-98.3868,21.16226],[-98.38933,21.15866],[-98.4038,21.15759],[-98.40454,21.15265],[-98.41643,21.15498],[-98.4237,21.16717],[-98.43025,21.16804],[-98.4301,21.17278],[-98.44676,21.17981],[-98.44939,21.18667],[-98.44667,21.19962],[-98.45962,21.2048],[-98.45289,21.21003],[-98.45694,21.21483],[-98.46775,21.22384],[-98.4728,21.21981],[-98.47965,21.22389],[-98.48081,21.23067],[-98.46925,21.23416],[-98.46835,21.24965],[-98.499,21.25223],[-98.50225,21.246],[-98.51654,21.24427],[-98.53785,21.26386],[-98.54397,21.2639],[-98.49556,21.32996],[-98.49561,21.34042],[-98.48517,21.35015],[-98.47787,21.34376],[-98.46483,21.34776],[-98.46342,21.35083],[-98.46995,21.35754],[-98.46546,21.37319],[-98.46869,21.38703],[-98.47333,21.39124],[-98.48108,21.3884],[-98.47982,21.39659],[-98.48641,21.39851],[-98.4871,21.39223],[-98.5012,21.38545],[-98.50519,21.39487],[-98.50792,21.39193],[-98.51053,21.40195],[-98.51918,21.4013],[-98.52463,21.44016],[-98.51691,21.4607],[-98.53559,21.49246],[-98.53225,21.50114],[-98.54302,21.51383],[-98.5538,21.51613],[-98.55744,21.52197],[-98.56504,21.52008],[-98.57963,21.52716],[-98.58507,21.53577],[-98.58752,21.53357],[-98.60224,21.54043],[-98.59881,21.55043],[-98.60025,21.55467],[-98.60777,21.55578],[-98.60348,21.562],[-98.60829,21.56438],[-98.60539,21.56691],[-98.6134,21.57985],[-98.61815,21.57883],[-98.62574,21.58545],[-98.6205,21.58824],[-98.62564,21.59259],[-98.61935,21.60246],[-98.62112,21.62782],[-98.62804,21.63047],[-98.63535,21.62629],[-98.64362,21.63168],[-98.63374,21.64259],[-98.63321,21.65388],[-98.62055,21.65307],[-98.60946,21.66723],[-98.6114,21.67186],[-98.62495,21.67306],[-98.62199,21.68238],[-98.61614,21.68375],[-98.59778,21.66888],[-98.57919,21.67194],[-98.56932,21.68254],[-98.56173,21.68292],[-98.55825,21.68767],[-98.55883,21.70354],[-98.5722,21.70916],[-98.56743,21.71736],[-98.54383,21.72339],[-98.53073,21.69727],[-98.52052,21.71023],[-98.5271,21.71527],[-98.53679,21.71389],[-98.5374,21.72062],[-98.52945,21.72212],[-98.51667,21.71685],[-98.51266,21.7266],[-98.49894,21.72724],[-98.49948,21.73208],[-98.50552,21.73403],[-98.50421,21.73804],[-98.49148,21.73506],[-98.47692,21.74522],[-98.47639,21.74919],[-98.48372,21.75217],[-98.47938,21.76086],[-98.47022,21.76357],[-98.46759,21.77069],[-98.45944,21.76231],[-98.45469,21.76642],[-98.46233,21.77841],[-98.46236,21.79127],[-98.47552,21.80192],[-98.47503,21.81419],[-98.48993,21.81139],[-98.49311,21.81394],[-98.48631,21.83627],[-98.49505,21.83816],[-98.50933,21.82444],[-98.51447,21.82389],[-98.52885,21.86317],[-98.54803,21.8601],[-98.54043,21.87348],[-98.54528,21.88803],[-98.53822,21.89709],[-98.5382,21.9058],[-98.52019,21.89698],[-98.51079,21.90869],[-98.51488,21.91763],[-98.52492,21.91455],[-98.53493,21.91908],[-98.54587,21.91734],[-98.54384,21.93211],[-98.53107,21.93442],[-98.50044,21.92315],[-98.50314,21.93662],[-98.51559,21.95126],[-98.53157,21.94991],[-98.5391,21.9391],[-98.55127,21.93373],[-98.56601,21.93764],[-98.57646,21.94738],[-98.57883,21.96609],[-98.56449,21.96824],[-98.55066,21.96075],[-98.52199,21.97943],[-98.4932,21.96041],[-98.47764,21.9603],[-98.4688,21.9646],[-98.48199,21.983],[-98.48147,21.99051],[-98.47628,21.99957],[-98.47233,21.98797],[-98.45954,21.99517],[-98.45946,22.00539],[-98.44354,22.03298],[-98.44641,22.04221],[-98.44288,22.04936],[-98.43464,22.05167],[-98.43437,22.05694],[-98.44186,22.06487],[-98.43944,22.07564],[-98.43084,22.07934],[-98.43238,22.08967],[-98.41882,22.09802],[-98.42762,22.10878],[-98.43873,22.11191],[-98.43225,22.11781],[-98.43201,22.12826],[-98.35527,22.18028],[-98.33654,22.18769],[-98.33041,22.20134],[-98.33475,22.20248],[-98.33521,22.21001],[-98.34495,22.21396],[-98.34305,22.21589],[-98.35225,22.2228],[-98.34461,22.22209],[-98.32596,22.24305],[-98.37455,22.23608],[-98.36813,22.25537],[-98.37633,22.25083],[-98.38254,22.25588],[-98.40509,22.25607],[-98.4032,22.26638],[-98.40641,22.26935],[-98.39637,22.27626],[-98.40755,22.28421],[-98.43036,22.2746],[-98.43383,22.27824],[-98.42769,22.28345],[-98.44665,22.30562],[-98.45755,22.30132],[-98.46451,22.30346],[-98.46437,22.29669],[-98.4759,22.28864],[-98.48199,22.29943],[-98.50572,22.309],[-98.50611,22.31597],[-98.52554,22.31883],[-98.52554,22.32798],[-98.53529,22.32799],[-98.53521,22.33787],[-98.55482,22.33801],[-98.55478,22.34255],[-98.56451,22.34257],[-98.56446,22.3475],[-98.57928,22.34862],[-98.5823,22.3601],[-98.57931,22.37775],[-98.58285,22.37305],[-98.68154,22.37157],[-98.67088,22.40567],[-98.66498,22.40394],[-98.63815,22.41452],[-98.62689,22.40216],[-98.61374,22.40892],[-98.59232,22.39531],[-98.58347,22.39728],[-98.57493,22.39394],[-98.56851,22.40157],[-98.54608,22.40019],[-98.54132,22.40574],[-98.52535,22.40678],[-98.50959,22.41638],[-98.51215,22.4212],[-98.50638,22.42926],[-98.49427,22.42724],[-98.49684,22.42402],[-98.49213,22.41947],[-98.48849,22.42425],[-98.49036,22.42776],[-98.4668,22.4288],[-98.46402,22.42548],[-98.46657,22.41428],[-98.46095,22.41219],[-98.44863,22.41996],[-98.44256,22.43239],[-98.43716,22.43358],[-98.43158,22.43003],[-98.43311,22.41357],[-98.41904,22.41273],[-98.40954,22.39992],[-98.39934,22.40883],[-98.39206,22.42318],[-98.38474,22.42233],[-98.38456,22.40328],[-98.3913,22.39419],[-98.3878,22.38928],[-98.37457,22.38961],[-98.35522,22.40744],[-98.35103,22.40242],[-98.35652,22.39515],[-98.35227,22.3887],[-98.3429,22.38974],[-98.32769,22.39868],[-98.31757,22.39097],[-98.3127,22.41427],[-98.32735,22.42647],[-98.3209,22.44003],[-98.31221,22.44522],[-98.31926,22.46522],[-98.31682,22.46856],[-98.30883,22.46846],[-98.301,22.46122],[-98.28736,22.46702],[-98.27761,22.44895],[-98.27293,22.44729],[-98.25663,22.4534],[-98.25338,22.46646],[-98.24792,22.47165],[-98.2403,22.46972],[-98.23236,22.46133],[-98.21984,22.47175],[-98.20882,22.46476]]]]}},{"type":"Feature","properties":{"T00_CVEGEO":"31","T00_NOMGEO":"Yucatán","NAME":"Yucatán"},"geometry":{"type":"MultiPolygon","coordinates":[[[[-92.22409,20.908],[-92.23889,20.8985],[-92.24529,20.9018],[-92.22469,20.9137],[-92.22179,20.9121],[-92.22409,20.908]]],[[[-92.20049,20.9241],[-92.20069,20.924],[-92.20109,20.9241],[-92.20129,20.9245],[-92.20149,20.9248],[-92.20119,20.9252],[-92.20099,20.9252],[-92.20059,20.9252],[-92.20019,20.9246],[-92.20029,20.9242],[-92.20049,20.9241]]],[[[-92.19819,20.9258],[-92.19889,20.9254],[-92.19959,20.9256],[-92.19959,20.9262],[-92.19929,20.9264],[-92.19879,20.9268],[-92.19839,20.9271],[-92.19819,20.9277],[-92.19789,20.9281],[-92.19759,20.9287],[-92.19729,20.9288],[-92.19699,20.9285],[-92.19699,20.9282],[-92.19699,20.9275],[-92.19719,20.927],[-92.19749,20.9264],[-92.19819,20.9258]]],[[[-92.20409,20.925],[-92.20569,20.9194],[-92.21569,20.9139],[-92.21369,20.9191],[-92.21709,20.9194],[-92.20669,20.9251],[-92.20609,20.9308],[-92.20069,20.9346],[-92.19839,20.9301],[-92.20409,20.925]]],[[[-92.30249,20.9894],[-92.29799,20.9875],[-92.30659,20.9824],[-92.30709,20.9764],[-92.31859,20.9712],[-92.32419,20.9742],[-92.31229,20.9809],[-92.32569,20.9796],[-92.32489,20.9839],[-92.30249,20.9894]]],[[[-92.07919,21.8378],[-92.07969,21.8375],[-92.08009,21.8376],[-92.08079,21.8378],[-92.08129,21.8383],[-92.08159,21.8384],[-92.08149,21.839],[-92.08139,21.8393],[-92.08119,21.8397],[-92.08079,21.84],[-92.08049,21.8403],[-92.07989,21.8401],[-92.07959,21.8398],[-92.07899,21.8393],[-92.07879,21.8388],[-92.07889,21.8382],[-92.07919,21.8378]]],[[[-88.28387,21.56449],[-88.28381,21.56446],[-88.2838,21.56446],[-88.28377,21.56443],[-88.28375,21.56443],[-88.28374,21.56441],[-88.28375,21.56438],[-88.28375,21.56438],[-88.28372,21.56434],[-88.28365,21.56427],[-88.2836,21.56423],[-88.28354,21.56415],[-88.28352,21.56409],[-88.2835,21.56399],[-88.28351,21.56399],[-88.28351,21.56398],[-88.28351,21.56398],[-88.28351,21.56397],[-88.28352,21.56391],[-88.28354,21.56382],[-88.28354,21.56376],[-88.28356,21.56371],[-88.28356,21.5637],[-88.28358,21.56366],[-88.28358,21.56366],[-88.28359,21.56364],[-88.28361,21.56352],[-88.28361,21.56351],[-88.28364,21.56342],[-88.28366,21.56337],[-88.28368,21.56331],[-88.28369,21.56328],[-88.28371,21.56326],[-88.28371,21.56325],[-88.28373,21.56322],[-88.28373,21.5632],[-88.28374,21.56317],[-88.28374,21.5631],[-88.28375,21.56309],[-88.28377,21.56307],[-88.28379,21.56307],[-88.28382,21.56306],[-88.28383,21.56305],[-88.28387,21.56302],[-88.28387,21.56302],[-88.28387,21.56301],[-88.28389,21.563],[-88.28392,21.56298],[-88.28404,21.56291],[-88.28411,21.56285],[-88.28412,21.56284],[-88.28415,21.56283],[-88.28424,21.5628],[-88.28433,21.56277],[-88.28434,21.56277],[-88.28445,21.56276],[-88.28449,21.56274],[-88.2845,21.56273],[-88.28452,21.56272],[-88.28453,21.56272],[-88.28461,21.5627],[-88.28462,21.56269],[-88.28476,21.56269],[-88.28478,21.5627],[-88.2848,21.5627],[-88.2849,21.56271],[-88.28492,21.56271],[-88.28502,21.56272],[-88.28503,21.56272],[-88.2851,21.56274],[-88.28512,21.56274],[-88.28513,21.56274],[-88.28517,21.56275],[-88.28517,21.56276],[-88.28519,21.56278],[-88.2852,21.56278],[-88.28521,21.56279],[-88.28526,21.5628],[-88.28527,21.5628],[-88.28528,21.56281],[-88.2853,21.56284],[-88.28533,21.56287],[-88.28537,21.56291],[-88.28542,21.56296],[-88.28541,21.56299],[-88.28543,21.56301],[-88.28547,21.56304],[-88.28548,21.56306],[-88.28553,21.56313],[-88.28559,21.56325],[-88.2856,21.56333],[-88.28558,21.56342],[-88.2855,21.56352],[-88.28549,21.56353],[-88.28546,21.56358],[-88.28545,21.56359],[-88.2854,21.56365],[-88.2854,21.56366],[-88.28538,21.5637],[-88.28536,21.5637],[-88.28533,21.56374],[-88.2853,21.56379],[-88.28525,21.56391],[-88.28523,21.56394],[-88.28517,21.56399],[-88.28516,21.564],[-88.28514,21.56402],[-88.28511,21.56405],[-88.28509,21.56405],[-88.28509,21.56405],[-88.28504,21.56412],[-88.28504,21.56412],[-88.28501,21.56417],[-88.28493,21.56425],[-88.28492,21.56426],[-88.28488,21.56433],[-88.28488,21.56434],[-88.28487,21.56435],[-88.28481,21.56439],[-88.28479,21.56439],[-88.28478,21.5644],[-88.28475,21.56443],[-88.28474,21.56444],[-88.28468,21.56446],[-88.28453,21.56448],[-88.28451,21.56448],[-88.28441,21.56449],[-88.28439,21.5645],[-88.28432,21.56451],[-88.28431,21.56451],[-88.28429,21.56451],[-88.2842,21.56451],[-88.28411,21.56451],[-88.28405,21.56451],[-88.2839,21.5645],[-88.28387,21.56449]]],[[[-87.9629,21.61013],[-87.81844,21.5548],[-87.73836,21.53039],[-87.68729,21.51705],[-87.68438,21.51752],[-87.6863,21.52133],[-87.53491,21.49022],[-87.53314,20.9996],[-87.74425,20.65378],[-87.96274,20.4467],[-87.99506,20.44731],[-87.99296,20.41799],[-88.03403,20.37894],[-88.04753,20.37881],[-88.0473,20.36631],[-88.13648,20.28137],[-88.26463,20.29034],[-88.26681,20.26912],[-88.27296,20.26993],[-88.30878,20.25351],[-88.3519,20.25902],[-88.40912,20.25209],[-88.40289,20.23949],[-88.40912,20.23972],[-88.41511,20.23297],[-88.44342,20.23815],[-88.51993,20.19232],[-88.50234,20.19007],[-88.50762,20.14339],[-88.57668,20.14808],[-88.57815,20.13917],[-88.58767,20.14047],[-88.58797,20.13145],[-88.61638,20.13446],[-88.6208,20.1318],[-88.61917,20.11717],[-88.63986,20.12035],[-88.6906,20.08985],[-88.6908,20.07703],[-88.68489,20.07741],[-88.69179,20.02921],[-88.69475,20.03003],[-88.70017,20.01035],[-88.71252,20.01229],[-88.72214,20.00512],[-88.72278,20.0132],[-88.73597,20.01757],[-88.73234,20.01406],[-88.73624,20.00966],[-88.74261,20.00858],[-88.74247,20.01508],[-88.77146,20.01346],[-88.77118,20.00767],[-88.7835,20.00818],[-88.78441,19.99524],[-88.79047,19.99213],[-88.79077,19.97202],[-88.79802,19.97493],[-88.79837,19.95252],[-88.80563,19.95383],[-88.80604,19.94457],[-88.81017,19.94494],[-88.80974,19.92599],[-88.81614,19.9155],[-88.8165,19.90447],[-88.82442,19.90476],[-88.82315,19.90815],[-88.82728,19.91092],[-88.82943,19.90601],[-88.82982,19.89855],[-88.82041,19.89047],[-88.82592,19.87992],[-88.88019,19.87812],[-88.87912,19.86239],[-88.89042,19.85854],[-88.90048,19.86111],[-88.89758,19.83686],[-88.9082,19.82066],[-88.9111,19.80093],[-88.92029,19.80397],[-88.92951,19.79095],[-88.94543,19.79194],[-88.94385,19.81344],[-88.95807,19.81046],[-88.95638,19.81682],[-88.97445,19.8181],[-88.9761,19.81076],[-88.98443,19.8052],[-88.9844,19.79816],[-88.99946,19.79799],[-89.00408,19.772],[-89.02516,19.77671],[-89.04882,19.72149],[-88.99474,19.72744],[-88.99752,19.70488],[-89.03052,19.70883],[-89.0362,19.67804],[-89.07603,19.68543],[-89.07421,19.69419],[-89.12339,19.70342],[-89.13364,19.61463],[-89.10839,19.61234],[-89.10902,19.58235],[-89.14952,19.58125],[-89.14486,19.6374],[-89.1892,19.644],[-89.19024,19.63331],[-89.22286,19.63665],[-89.21955,19.60802],[-89.29656,19.55117],[-89.41247,19.64937],[-89.44811,19.69835],[-89.46829,19.70016],[-89.47721,19.71105],[-89.49166,19.74223],[-89.47914,19.74064],[-89.4759,19.77122],[-89.52567,19.77555],[-89.53612,19.79745],[-89.57742,19.85351],[-89.57175,19.85295],[-89.58749,19.87442],[-89.58681,19.92046],[-89.59744,19.92112],[-89.59584,19.93742],[-89.60466,19.93828],[-89.5987,19.99819],[-89.74847,20.17927],[-89.79397,20.13617],[-89.80287,20.1649],[-89.8025,20.2016],[-89.84616,20.20968],[-89.84067,20.25102],[-89.87566,20.2531],[-89.87238,20.28762],[-89.83796,20.28717],[-90.00417,20.48702],[-90.00562,20.47736],[-90.02034,20.47708],[-90.04168,20.46645],[-90.05004,20.45603],[-90.05709,20.43296],[-90.06601,20.43397],[-90.06721,20.42522],[-90.10097,20.42525],[-90.13157,20.44307],[-90.13246,20.43965],[-90.16051,20.44186],[-90.18629,20.43693],[-90.18478,20.46104],[-90.2342,20.47046],[-90.22376,20.51916],[-90.2325,20.51989],[-90.22924,20.54356],[-90.33523,20.54131],[-90.33523,20.57634],[-90.34113,20.5537],[-90.38664,20.55558],[-90.37935,20.84832],[-90.39984,20.84528],[-90.40701,20.84866],[-90.39312,20.87771],[-90.36645,20.96105],[-90.34021,21.00352],[-90.30571,21.03174],[-90.09461,21.15555],[-90.04941,21.16445],[-90.04646,21.15944],[-90.04912,21.16588],[-90.03514,21.16621],[-89.99222,21.17813],[-89.92332,21.21882],[-89.88321,21.23665],[-89.84411,21.24789],[-89.84512,21.25081],[-89.79603,21.25882],[-89.70437,21.27957],[-89.70256,21.2829],[-89.69477,21.2809],[-89.66965,21.28508],[-89.66491,21.28823],[-89.66773,21.3155],[-89.67062,21.33927],[-89.67623,21.34144],[-89.67095,21.34225],[-89.67126,21.34532],[-89.68114,21.34522],[-89.6813,21.34874],[-89.68378,21.34739],[-89.68136,21.34887],[-89.671,21.34549],[-89.66441,21.28841],[-89.47597,21.31978],[-89.31812,21.33878],[-89.30957,21.3429],[-89.26034,21.34428],[-89.14474,21.35803],[-89.14479,21.35481],[-89.14072,21.35495],[-89.144,21.35831],[-89.11002,21.35782],[-89.04344,21.37197],[-88.88019,21.39401],[-88.87987,21.39778],[-88.87643,21.39503],[-88.84062,21.39787],[-88.81407,21.41034],[-88.79803,21.41273],[-88.79654,21.41754],[-88.79977,21.4137],[-88.80018,21.41739],[-88.79653,21.41999],[-88.73871,21.43072],[-88.69473,21.45107],[-88.68552,21.46352],[-88.64246,21.49581],[-88.62912,21.51488],[-88.60667,21.52508],[-88.5441,21.53555],[-88.52454,21.53446],[-88.4585,21.5538],[-88.37656,21.56776],[-88.32251,21.55045],[-88.31414,21.55342],[-88.30057,21.55146],[-88.30121,21.55534],[-88.29323,21.55341],[-88.2857,21.55736],[-88.28106,21.5539],[-88.27828,21.56094],[-88.2699,21.55565],[-88.2544,21.56421],[-88.24334,21.56287],[-88.24313,21.56694],[-88.2383,21.56741],[-88.23932,21.57789],[-88.23068,21.5788],[-88.23257,21.58262],[-88.17444,21.6093],[-88.17758,21.61334],[-88.14502,21.62395],[-88.12163,21.62412],[-88.04829,21.61172],[-87.9629,21.61013]]],[[[-91.38689,22.1107],[-91.38719,22.1106],[-91.38749,22.1109],[-91.38759,22.1113],[-91.38749,22.1116],[-91.38689,22.112],[-91.38659,22.1123],[-91.38639,22.1124],[-91.38599,22.1123],[-91.38589,22.1119],[-91.38589,22.1115],[-91.38599,22.1114],[-91.38629,22.1111],[-91.38649,22.111],[-91.38689,22.1107]]],[[[-91.38089,22.1173],[-91.38049,22.1171],[-91.38019,22.1166],[-91.38029,22.1165],[-91.38059,22.1163],[-91.38119,22.116],[-91.38159,22.1157],[-91.38199,22.1157],[-91.38249,22.1155],[-91.38299,22.1154],[-91.38349,22.1154],[-91.38389,22.1161],[-91.38399,22.1164],[-91.38359,22.117],[-91.38319,22.1171],[-91.38279,22.1174],[-91.38219,22.1172],[-91.38189,22.1173],[-91.38159,22.1172],[-91.38089,22.1173]]],[[[-91.40819,22.1175],[-91.40869,22.1175],[-91.40909,22.1178],[-91.40919,22.1181],[-91.40929,22.1185],[-91.40919,22.1191],[-91.40879,22.1192],[-91.40829,22.1192],[-91.40789,22.1191],[-91.40739,22.1183],[-91.40729,22.118],[-91.40729,22.1178],[-91.40769,22.1176],[-91.40819,22.1175]]],[[[-91.40549,22.1192],[-91.40519,22.1189],[-91.40499,22.1189],[-91.40489,22.1187],[-91.40479,22.1183],[-91.40449,22.1178],[-91.40449,22.1176],[-91.40489,22.1175],[-91.40529,22.1175],[-91.40559,22.1178],[-91.40569,22.118],[-91.40579,22.1183],[-91.40579,22.1186],[-91.40589,22.1189],[-91.40589,22.1192],[-91.40579,22.1192],[-91.40549,22.1192]]],[[[-91.38839,22.122],[-91.38859,22.1219],[-91.38889,22.122],[-91.38939,22.1222],[-91.38959,22.1226],[-91.38979,22.1228],[-91.38989,22.1229],[-91.38969,22.1233],[-91.38959,22.1236],[-91.38949,22.1236],[-91.38909,22.1236],[-91.38869,22.1234],[-91.38839,22.1231],[-91.38809,22.1228],[-91.38809,22.1223],[-91.38829,22.1222],[-91.38839,22.122]]],[[[-89.66281,22.36858],[-89.66359,22.36838],[-89.66403,22.36897],[-89.66421,22.36949],[-89.66401,22.37005],[-89.66431,22.37067],[-89.6639,22.37135],[-89.66262,22.37153],[-89.66238,22.3709],[-89.66266,22.37031],[-89.6629,22.36939],[-89.66281,22.36858]]],[[[-89.66796,22.36902],[-89.674,22.36795],[-89.66569,22.37275],[-89.66796,22.36902]]],[[[-89.66739,22.37927],[-89.66818,22.37909],[-89.66858,22.37989],[-89.66799,22.38062],[-89.66692,22.38039],[-89.66694,22.37962],[-89.66739,22.37927]]],[[[-89.67463,22.38071],[-89.6746,22.37688],[-89.68015,22.38031],[-89.67463,22.38071]]],[[[-89.68096,22.38031],[-89.68154,22.37996],[-89.68198,22.38021],[-89.68191,22.38093],[-89.68108,22.38188],[-89.68091,22.38248],[-89.68039,22.38312],[-89.68002,22.38371],[-89.67979,22.38329],[-89.67928,22.38292],[-89.67911,22.38215],[-89.6796,22.3815],[-89.68015,22.38104],[-89.68096,22.38031]]],[[[-89.67779,22.38762],[-89.67828,22.38724],[-89.67916,22.38749],[-89.67941,22.38829],[-89.68009,22.38937],[-89.67963,22.39012],[-89.67903,22.39031],[-89.67823,22.38983],[-89.67786,22.38895],[-89.67772,22.3884],[-89.67779,22.38762]]],[[[-89.67455,22.38827],[-89.67558,22.38835],[-89.6759,22.38873],[-89.67616,22.38942],[-89.67556,22.39038],[-89.67452,22.39047],[-89.67416,22.38974],[-89.67411,22.38889],[-89.67455,22.38827]]],[[[-89.72611,22.42714],[-89.72928,22.42454],[-89.72848,22.42848],[-89.72611,22.42714]]],[[[-89.71974,22.42748],[-89.7202,22.42748],[-89.72062,22.42758],[-89.72091,22.42779],[-89.72089,22.42807],[-89.72069,22.42849],[-89.72002,22.42862],[-89.71982,22.42828],[-89.71977,22.42795],[-89.71974,22.42748]]],[[[-89.71634,22.43182],[-89.71609,22.43139],[-89.71615,22.43043],[-89.71714,22.43027],[-89.71822,22.43048],[-89.71914,22.43031],[-89.72023,22.43052],[-89.71989,22.43133],[-89.71865,22.43175],[-89.71786,22.43166],[-89.71704,22.43207],[-89.71634,22.43182]]],[[[-89.72786,22.43272],[-89.72826,22.43271],[-89.72854,22.43302],[-89.7285,22.43348],[-89.72808,22.43347],[-89.72747,22.43357],[-89.7272,22.4332],[-89.7273,22.43281],[-89.72786,22.43272]]],[[[-89.73042,22.43388],[-89.72701,22.42894],[-89.7317,22.42469],[-89.7338,22.42764],[-89.73031,22.42949],[-89.73824,22.4346],[-89.73475,22.43703],[-89.73042,22.43388]]],[[[-89.73553,22.43763],[-89.73959,22.43301],[-89.74381,22.43503],[-89.74136,22.43906],[-89.73553,22.43763]]],[[[-89.73152,22.43856],[-89.73215,22.43852],[-89.73248,22.43868],[-89.73272,22.43893],[-89.73303,22.43914],[-89.73314,22.43957],[-89.73317,22.43991],[-89.73341,22.44004],[-89.73345,22.44029],[-89.73316,22.44038],[-89.7329,22.44054],[-89.7327,22.44068],[-89.73231,22.44084],[-89.73188,22.44092],[-89.73152,22.44083],[-89.73143,22.44064],[-89.73126,22.44044],[-89.73087,22.44004],[-89.73059,22.43973],[-89.73067,22.43936],[-89.73079,22.43908],[-89.73114,22.43879],[-89.73152,22.43856]]],[[[-89.7277,22.44247],[-89.72735,22.44204],[-89.72706,22.44271],[-89.72686,22.44316],[-89.72596,22.4432],[-89.72543,22.44269],[-89.72577,22.44232],[-89.72609,22.4418],[-89.72614,22.4413],[-89.72643,22.44067],[-89.72678,22.4403],[-89.72707,22.4401],[-89.72696,22.43962],[-89.72763,22.43953],[-89.72814,22.43983],[-89.72879,22.43995],[-89.72937,22.44007],[-89.72937,22.4404],[-89.7293,22.44115],[-89.7288,22.44151],[-89.72912,22.44229],[-89.72936,22.44264],[-89.72939,22.44315],[-89.72909,22.44352],[-89.72862,22.44355],[-89.72832,22.44339],[-89.72801,22.44293],[-89.7277,22.44247]]],[[[-89.72359,22.44338],[-89.72422,22.44331],[-89.72476,22.44347],[-89.72548,22.44376],[-89.72589,22.44414],[-89.72571,22.44465],[-89.72584,22.44535],[-89.72556,22.44568],[-89.72449,22.44582],[-89.72381,22.44571],[-89.72316,22.44531],[-89.72314,22.4449],[-89.72306,22.44438],[-89.72307,22.44357],[-89.72359,22.44338]]],[[[-89.74263,22.47195],[-89.74399,22.47588],[-89.74011,22.47259],[-89.74263,22.47195]]],[[[-89.74914,22.46504],[-89.73871,22.44893],[-89.73866,22.44021],[-89.74741,22.44283],[-89.74559,22.45412],[-89.75925,22.47018],[-89.76081,22.4758],[-89.75554,22.48416],[-89.74792,22.47541],[-89.74914,22.46504]]],[[[-89.74811,22.48432],[-89.7495,22.48395],[-89.75114,22.48444],[-89.75165,22.48532],[-89.75162,22.48635],[-89.75092,22.48689],[-89.74954,22.48708],[-89.74853,22.48676],[-89.74787,22.48623],[-89.74795,22.48533],[-89.74811,22.48432]]],[[[-89.75224,22.49013],[-89.75409,22.49329],[-89.74977,22.49445],[-89.75224,22.49013]]],[[[-89.73202,22.49977],[-89.72867,22.49483],[-89.72461,22.5001],[-89.72852,22.49052],[-89.73555,22.49533],[-89.73595,22.50138],[-89.73202,22.49977]]],[[[-89.75785,22.50553],[-89.76117,22.50864],[-89.7578,22.50895],[-89.75785,22.50553]]],[[[-89.77098,22.50079],[-89.76338,22.49916],[-89.75698,22.49101],[-89.75861,22.47996],[-89.7665,22.49438],[-89.78448,22.50545],[-89.77405,22.51209],[-89.7691,22.50534],[-89.77098,22.50079]]],[[[-89.73568,22.50835],[-89.73912,22.51067],[-89.73634,22.51184],[-89.73568,22.50835]]],[[[-89.7158,22.5067],[-89.72015,22.50699],[-89.72022,22.51069],[-89.71715,22.51131],[-89.7158,22.5067]]],[[[-89.73037,22.51652],[-89.73117,22.51243],[-89.73567,22.51761],[-89.73037,22.51652]]],[[[-89.75121,22.5186],[-89.75234,22.51828],[-89.75328,22.51866],[-89.75365,22.5198],[-89.75418,22.52081],[-89.75463,22.52152],[-89.75451,22.52228],[-89.75384,22.52281],[-89.75253,22.52232],[-89.75184,22.52139],[-89.7507,22.52082],[-89.75009,22.52005],[-89.75027,22.51924],[-89.75121,22.5186]]],[[[-89.74318,22.51801],[-89.74176,22.51374],[-89.74553,22.51507],[-89.74519,22.50962],[-89.7505,22.50612],[-89.7435,22.52298],[-89.74075,22.52047],[-89.74318,22.51801]]],[[[-89.74908,22.52413],[-89.7505,22.52342],[-89.75134,22.52413],[-89.75194,22.52546],[-89.75197,22.52684],[-89.75198,22.52843],[-89.75086,22.52871],[-89.74977,22.52703],[-89.7493,22.5254],[-89.74908,22.52413]]],[[[-89.73855,22.52921],[-89.73965,22.52923],[-89.74049,22.53002],[-89.74043,22.53081],[-89.74011,22.53138],[-89.73935,22.5318],[-89.73832,22.53106],[-89.73819,22.53032],[-89.7382,22.52972],[-89.73855,22.52921]]],[[[-89.74066,22.52821],[-89.737,22.52165],[-89.74027,22.52248],[-89.74257,22.53228],[-89.74066,22.52821]]],[[[-89.7411,22.53717],[-89.74247,22.53498],[-89.74301,22.53895],[-89.7411,22.53717]]],[[[-89.73777,22.53831],[-89.73726,22.53794],[-89.73694,22.5385],[-89.7369,22.53893],[-89.73645,22.53914],[-89.7357,22.53883],[-89.73571,22.53829],[-89.73581,22.53765],[-89.7361,22.53742],[-89.73636,22.53722],[-89.73656,22.53669],[-89.7374,22.53647],[-89.73802,22.53692],[-89.73873,22.53723],[-89.73913,22.53755],[-89.73977,22.53778],[-89.74028,22.53811],[-89.7405,22.53871],[-89.74099,22.53932],[-89.74137,22.54022],[-89.74111,22.541],[-89.74032,22.54104],[-89.7395,22.54069],[-89.73886,22.54033],[-89.7383,22.53966],[-89.73777,22.53831]]],[[[-89.76231,22.56168],[-89.76198,22.56162],[-89.76165,22.56162],[-89.76132,22.56162],[-89.76099,22.56168],[-89.76066,22.56168],[-89.76033,22.56175],[-89.76013,22.56162],[-89.76007,22.56135],[-89.76007,22.56102],[-89.7604,22.56095],[-89.76073,22.56095],[-89.76106,22.56089],[-89.76132,22.56089],[-89.76165,22.56095],[-89.76198,22.56095],[-89.76231,22.56102],[-89.76265,22.56102],[-89.76298,22.56102],[-89.76324,22.56115],[-89.76337,22.56148],[-89.76344,22.56175],[-89.7635,22.56208],[-89.7635,22.56234],[-89.76344,22.56267],[-89.76331,22.56294],[-89.76298,22.56294],[-89.76278,22.56281],[-89.76271,22.56247],[-89.76258,22.56214],[-89.76251,22.56188],[-89.76231,22.56168]]],[[[-89.76417,22.56275],[-89.76457,22.56242],[-89.7649,22.56249],[-89.76523,22.56249],[-89.7655,22.56255],[-89.76583,22.56262],[-89.76616,22.56262],[-89.76649,22.56268],[-89.76682,22.56275],[-89.76708,22.56275],[-89.76741,22.56275],[-89.76774,22.56282],[-89.76807,22.56282],[-89.7684,22.56275],[-89.76873,22.56275],[-89.76906,22.56275],[-89.76933,22.56275],[-89.76966,22.56269],[-89.76999,22.56262],[-89.77032,22.56255],[-89.77065,22.56249],[-89.77092,22.56242],[-89.77125,22.56235],[-89.77158,22.56235],[-89.77191,22.56229],[-89.77217,22.56222],[-89.7725,22.56216],[-89.77283,22.56209],[-89.77316,22.56202],[-89.77343,22.56196],[-89.77376,22.56183],[-89.77402,22.56176],[-89.77435,22.56169],[-89.77468,22.56163],[-89.77495,22.5615],[-89.77515,22.56123],[-89.77541,22.56103],[-89.77561,22.56083],[-89.77594,22.56077],[-89.77627,22.5607],[-89.7766,22.56077],[-89.77686,22.5609],[-89.7772,22.56103],[-89.77739,22.56123],[-89.77759,22.5615],[-89.77772,22.56176],[-89.77786,22.56202],[-89.77799,22.56236],[-89.77805,22.56262],[-89.77792,22.56288],[-89.77772,22.56315],[-89.77746,22.56335],[-89.77719,22.56348],[-89.77693,22.56355],[-89.7766,22.56361],[-89.77627,22.56368],[-89.77594,22.56368],[-89.77561,22.56374],[-89.77528,22.56374],[-89.77495,22.56381],[-89.77468,22.56381],[-89.77435,22.56381],[-89.77402,22.56381],[-89.77369,22.56381],[-89.77336,22.56381],[-89.77303,22.56374],[-89.77277,22.56361],[-89.7725,22.56341],[-89.77224,22.56328],[-89.77191,22.56321],[-89.77158,22.56321],[-89.77125,22.56315],[-89.77092,22.56315],[-89.77065,22.56315],[-89.77032,22.56315],[-89.76999,22.56315],[-89.76966,22.56315],[-89.76933,22.56315],[-89.769,22.56321],[-89.76867,22.56321],[-89.7684,22.56328],[-89.76807,22.56328],[-89.76774,22.56335],[-89.76741,22.56341],[-89.76708,22.56341],[-89.76682,22.56348],[-89.76649,22.56354],[-89.76616,22.56354],[-89.76583,22.56361],[-89.7655,22.56354],[-89.76523,22.56341],[-89.76503,22.56321],[-89.7647,22.56302],[-89.76437,22.56288],[-89.76417,22.56275]]],[[[-89.77948,22.55991],[-89.77988,22.55991],[-89.78014,22.55998],[-89.78028,22.56024],[-89.78041,22.56051],[-89.78047,22.56084],[-89.78054,22.5611],[-89.78054,22.56143],[-89.78054,22.5617],[-89.78054,22.56203],[-89.78061,22.56229],[-89.78074,22.56262],[-89.78067,22.56289],[-89.78067,22.56322],[-89.78061,22.56348],[-89.78061,22.56381],[-89.78061,22.56408],[-89.78061,22.56441],[-89.78067,22.56467],[-89.78067,22.565],[-89.78074,22.56527],[-89.78074,22.5656],[-89.78074,22.56586],[-89.78067,22.56619],[-89.78054,22.56646],[-89.78028,22.56665],[-89.78001,22.56659],[-89.77975,22.56639],[-89.77955,22.56613],[-89.77942,22.56586],[-89.77928,22.5656],[-89.77915,22.56533],[-89.77915,22.565],[-89.77909,22.56474],[-89.77895,22.56441],[-89.77889,22.56414],[-89.77876,22.56388],[-89.77869,22.56355],[-89.77869,22.56328],[-89.77862,22.56295],[-89.77862,22.56269],[-89.77856,22.56242],[-89.77843,22.56209],[-89.77836,22.56183],[-89.77836,22.5615],[-89.77823,22.56123],[-89.77823,22.5609],[-89.77836,22.5607],[-89.77856,22.56044],[-89.77882,22.56024],[-89.77915,22.55998],[-89.77948,22.55991]]],[[[-89.7757,22.56491],[-89.77603,22.56478],[-89.77623,22.56485],[-89.77636,22.56511],[-89.77656,22.56538],[-89.77669,22.56564],[-89.77689,22.5659],[-89.77709,22.56617],[-89.77722,22.56643],[-89.77735,22.5667],[-89.77742,22.56696],[-89.77748,22.56729],[-89.77755,22.56756],[-89.77748,22.56782],[-89.77729,22.56809],[-89.77709,22.56835],[-89.77682,22.56861],[-89.77662,22.56875],[-89.77643,22.56848],[-89.77623,22.56822],[-89.7761,22.56795],[-89.77596,22.56769],[-89.77583,22.56742],[-89.7757,22.56716],[-89.77557,22.5669],[-89.7755,22.56656],[-89.7755,22.5663],[-89.7755,22.56597],[-89.7755,22.56571],[-89.77544,22.56538],[-89.77544,22.56504],[-89.7757,22.56491]]],[[[-89.77381,22.56684],[-89.7742,22.56684],[-89.7744,22.56697],[-89.77447,22.56724],[-89.77447,22.5675],[-89.77447,22.56783],[-89.77453,22.56816],[-89.77453,22.56849],[-89.7746,22.56876],[-89.77467,22.56902],[-89.7748,22.56935],[-89.77486,22.56962],[-89.775,22.56988],[-89.77513,22.57015],[-89.77519,22.57048],[-89.77526,22.57074],[-89.77526,22.57107],[-89.77526,22.57134],[-89.77519,22.57167],[-89.77519,22.57193],[-89.77513,22.57226],[-89.77506,22.57259],[-89.77486,22.57266],[-89.77453,22.57266],[-89.7742,22.57259],[-89.77387,22.57239],[-89.77381,22.5722],[-89.77381,22.57186],[-89.77381,22.57153],[-89.77381,22.57127],[-89.77387,22.57094],[-89.77387,22.57067],[-89.77387,22.57034],[-89.77381,22.57008],[-89.77374,22.56975],[-89.77374,22.56949],[-89.77374,22.56915],[-89.77367,22.56889],[-89.77361,22.56856],[-89.77354,22.5683],[-89.77348,22.56803],[-89.77348,22.5677],[-89.77348,22.56744],[-89.77348,22.56684],[-89.77381,22.56684]]],[[[-89.76352,22.57878],[-89.76386,22.57798],[-89.76381,22.57725],[-89.76423,22.57692],[-89.76481,22.57704],[-89.76523,22.57747],[-89.76555,22.57826],[-89.76571,22.57903],[-89.76514,22.57891],[-89.76473,22.57874],[-89.76419,22.57869],[-89.76385,22.57892],[-89.76392,22.5795],[-89.76399,22.57998],[-89.76423,22.58032],[-89.76425,22.58094],[-89.76381,22.58109],[-89.76326,22.58115],[-89.76256,22.58113],[-89.76216,22.58077],[-89.76191,22.58014],[-89.76255,22.5795],[-89.76313,22.57912],[-89.76352,22.57878]]],[[[-89.7564,22.58205],[-89.75964,22.5753],[-89.76049,22.58122],[-89.7564,22.58205]]],[[[-89.75516,22.56585],[-89.75752,22.57012],[-89.75294,22.58248],[-89.75516,22.56585]]],[[[-89.66548,22.55207],[-89.61913,22.49545],[-89.60997,22.47179],[-89.60855,22.45366],[-89.61157,22.42684],[-89.63078,22.38511],[-89.64684,22.36862],[-89.65296,22.36694],[-89.65538,22.3705],[-89.6602,22.36544],[-89.66127,22.37121],[-89.65115,22.37634],[-89.64713,22.3882],[-89.65266,22.39063],[-89.65169,22.3865],[-89.65563,22.38711],[-89.65228,22.38558],[-89.65306,22.38087],[-89.65827,22.38063],[-89.65646,22.37568],[-89.66291,22.37257],[-89.6656,22.37401],[-89.66376,22.38404],[-89.65956,22.37801],[-89.65868,22.39009],[-89.66328,22.38467],[-89.66354,22.38906],[-89.67126,22.39204],[-89.67139,22.38864],[-89.67942,22.39709],[-89.68715,22.39762],[-89.67978,22.38664],[-89.68482,22.3791],[-89.69291,22.38144],[-89.68754,22.3889],[-89.69631,22.39582],[-89.70215,22.40844],[-89.72986,22.42097],[-89.72334,22.42486],[-89.71018,22.41796],[-89.68967,22.41603],[-89.69507,22.42145],[-89.69186,22.42529],[-89.69825,22.42418],[-89.69649,22.42747],[-89.7016,22.43246],[-89.72911,22.43674],[-89.71891,22.44388],[-89.7214,22.45048],[-89.71861,22.44863],[-89.7126,22.45408],[-89.72313,22.45299],[-89.71824,22.45708],[-89.72243,22.46091],[-89.72218,22.45727],[-89.72957,22.45828],[-89.71988,22.46694],[-89.71863,22.46196],[-89.71433,22.46495],[-89.71875,22.46767],[-89.71821,22.47214],[-89.72589,22.46448],[-89.73163,22.46886],[-89.72711,22.47034],[-89.72893,22.47624],[-89.72349,22.48162],[-89.72864,22.48485],[-89.73016,22.47502],[-89.73436,22.47396],[-89.73255,22.48609],[-89.71316,22.49715],[-89.70526,22.49503],[-89.7139,22.50054],[-89.71761,22.51693],[-89.71363,22.52234],[-89.71591,22.53141],[-89.72609,22.53284],[-89.72497,22.52626],[-89.71947,22.52685],[-89.72763,22.52161],[-89.73854,22.5345],[-89.73205,22.53737],[-89.74391,22.54861],[-89.74635,22.54301],[-89.75329,22.54714],[-89.74463,22.54085],[-89.74704,22.53102],[-89.74422,22.52332],[-89.75643,22.53939],[-89.75657,22.52446],[-89.76137,22.51967],[-89.76978,22.52052],[-89.77073,22.51359],[-89.78968,22.50398],[-89.79549,22.51508],[-89.79412,22.53473],[-89.7885,22.53858],[-89.78288,22.55311],[-89.77452,22.56018],[-89.76163,22.55974],[-89.74872,22.56767],[-89.74386,22.57752],[-89.75103,22.58535],[-89.69758,22.57152],[-89.66548,22.55207]]]]}},{"type":"Feature","properties":{"T00_CVEGEO":"32","T00_NOMGEO":"Zacatecas","NAME":"Zacatecas"},"geometry":{"type":"MultiPolygon","coordinates":[[[[-101.8488,25.01762],[-101.83189,24.97217],[-101.77345,24.87553],[-101.68514,24.84001],[-101.65632,24.86079],[-101.60125,24.83556],[-101.609,24.78966],[-101.64076,24.8007],[-101.62226,24.75898],[-101.54057,24.74558],[-101.4917,24.74377],[-101.46163,24.73675],[-101.41265,24.77205],[-101.40215,24.78822],[-101.34213,24.81335],[-101.23608,24.77787],[-101.21503,24.77516],[-101.20172,24.76548],[-101.18179,24.73901],[-101.16464,24.68155],[-101.12761,24.62336],[-101.08049,24.59118],[-100.95878,24.54268],[-100.90223,24.58391],[-100.8478,24.55561],[-100.81041,24.55159],[-100.79993,24.55618],[-100.74232,24.46043],[-100.85037,24.34353],[-100.94528,24.28119],[-101.00667,24.33583],[-101.01129,24.35796],[-101.00619,24.35859],[-101.00327,24.36801],[-101.00986,24.38511],[-101.00143,24.39476],[-100.99766,24.4073],[-100.99305,24.41135],[-100.98823,24.40955],[-100.99009,24.41797],[-100.98483,24.42726],[-100.98732,24.43252],[-101.01268,24.39082],[-101.06539,24.20702],[-101.17322,24.16413],[-101.21674,24.15973],[-101.1925,23.91856],[-101.32699,23.81266],[-101.34098,23.79648],[-101.43711,23.71703],[-101.77511,23.44763],[-102.01194,23.37274],[-102.12252,23.35386],[-102.16879,23.36102],[-102.16861,23.3989],[-102.19133,23.40138],[-102.19615,23.42489],[-102.19361,23.4476],[-102.23814,23.4469],[-102.2536,23.36495],[-102.26825,23.34227],[-102.29603,23.3205],[-102.26457,23.29009],[-102.26953,23.27991],[-102.25469,23.28083],[-102.24675,23.29332],[-102.24106,23.31498],[-102.23159,23.31511],[-102.24466,23.27677],[-102.25279,23.27123],[-102.28582,23.27332],[-102.28936,23.23169],[-102.23945,23.20949],[-102.24097,23.16938],[-102.21415,23.13132],[-102.24972,23.07545],[-102.26004,23.04591],[-102.23807,23.04764],[-102.22814,22.99652],[-102.19212,22.8649],[-102.12489,22.78295],[-101.93975,22.64572],[-101.85328,22.65602],[-101.87295,22.56307],[-101.81988,22.55129],[-101.83713,22.49969],[-101.79927,22.47056],[-101.78335,22.46503],[-101.77849,22.48486],[-101.77153,22.48816],[-101.73535,22.48021],[-101.74617,22.50869],[-101.69601,22.52042],[-101.67474,22.50654],[-101.6599,22.50532],[-101.59007,22.58903],[-101.59528,22.62407],[-101.58772,22.62661],[-101.58732,22.62113],[-101.57381,22.61281],[-101.57387,22.63373],[-101.56739,22.65677],[-101.497,22.70154],[-101.49096,22.74287],[-101.41107,22.74768],[-101.36005,22.71433],[-101.34923,22.71178],[-101.38001,22.67583],[-101.35937,22.65353],[-101.33693,22.65875],[-101.33387,22.64211],[-101.32964,22.64248],[-101.32578,22.62975],[-101.3057,22.60993],[-101.29794,22.5932],[-101.29885,22.58752],[-101.29358,22.58451],[-101.28751,22.55981],[-101.29632,22.53547],[-101.28572,22.50785],[-101.31538,22.46965],[-101.31372,22.45349],[-101.37478,22.45645],[-101.3819,22.35748],[-101.43296,22.36327],[-101.43512,22.34153],[-101.41972,22.31504],[-101.41057,22.31117],[-101.40551,22.30345],[-101.39143,22.2999],[-101.39889,22.2934],[-101.39814,22.28142],[-101.40899,22.28043],[-101.41625,22.26734],[-101.3768,22.26165],[-101.3629,22.24949],[-101.36166,22.23848],[-101.35285,22.2292],[-101.33233,22.21204],[-101.32424,22.20989],[-101.3513,22.17676],[-101.33768,22.14352],[-101.32774,22.14411],[-101.35423,22.07173],[-101.35117,22.06755],[-101.35335,22.05592],[-101.34588,22.0536],[-101.34658,22.04969],[-101.35166,22.05161],[-101.35417,22.0447],[-101.35999,22.04476],[-101.361,22.041],[-101.37707,22.04496],[-101.37589,22.03388],[-101.36857,22.03303],[-101.36973,22.02751],[-101.38068,22.02876],[-101.38275,22.02073],[-101.36568,22.01854],[-101.36238,22.03351],[-101.35461,22.03041],[-101.35167,22.04379],[-101.33089,22.03531],[-101.33246,22.02461],[-101.3272,22.02149],[-101.32793,22.01646],[-101.33923,22.01498],[-101.33776,22.02513],[-101.34856,22.02807],[-101.35243,22.01308],[-101.34473,22.01414],[-101.34529,22.00588],[-101.32939,22.00717],[-101.32748,21.99702],[-101.36053,21.99524],[-101.36218,21.99029],[-101.37336,21.99025],[-101.37658,21.98118],[-101.38443,21.98229],[-101.3839,21.97399],[-101.39714,21.96776],[-101.40515,21.94849],[-101.42916,21.93436],[-101.41198,21.91865],[-101.41022,21.90869],[-101.43459,21.89706],[-101.44179,21.90933],[-101.44639,21.90625],[-101.44067,21.89271],[-101.46645,21.88022],[-101.46808,21.87026],[-101.48319,21.86768],[-101.4804,21.85925],[-101.48818,21.85342],[-101.48608,21.84188],[-101.50351,21.83012],[-101.49632,21.80994],[-101.51053,21.79906],[-101.52204,21.81802],[-101.52976,21.8131],[-101.52782,21.80917],[-101.537,21.81046],[-101.54822,21.83408],[-101.56141,21.83605],[-101.56596,21.84203],[-101.56275,21.85538],[-101.5698,21.91708],[-101.59085,21.91543],[-101.59227,21.90964],[-101.59584,21.90996],[-101.61144,21.91923],[-101.6167,21.92944],[-101.62091,21.91762],[-101.62894,21.9109],[-101.65069,21.90767],[-101.64957,21.92029],[-101.65455,21.9306],[-101.65786,21.92979],[-101.65913,21.94159],[-101.66911,21.94576],[-101.68291,21.96288],[-101.71065,21.97393],[-101.70911,21.97992],[-101.73231,21.99507],[-101.72997,22.00213],[-101.74662,22.01206],[-101.751,22.01464],[-101.75965,22.00904],[-101.77762,22.0073],[-101.77722,22.01534],[-101.78442,22.02409],[-101.80426,22.02525],[-101.80143,22.03099],[-101.81566,22.01998],[-101.86166,22.02888],[-101.85518,22.04651],[-101.86229,22.04673],[-101.86427,22.04151],[-101.98602,22.12082],[-102.02591,22.12977],[-102.01707,22.15396],[-102.04521,22.15373],[-102.04109,22.1618],[-102.03773,22.15977],[-102.02946,22.16866],[-102.00098,22.16811],[-101.99971,22.23365],[-102.00247,22.24144],[-102.02249,22.24158],[-102.02987,22.28899],[-102.03726,22.29897],[-102.05121,22.29121],[-102.0584,22.29365],[-102.05672,22.29993],[-102.07562,22.30607],[-102.08956,22.289],[-102.09092,22.2912],[-102.10524,22.28079],[-102.10658,22.28536],[-102.15322,22.29041],[-102.14984,22.34717],[-102.18071,22.35039],[-102.17737,22.36243],[-102.21197,22.36246],[-102.21198,22.37269],[-102.25319,22.37449],[-102.25493,22.37886],[-102.25056,22.38085],[-102.25029,22.38722],[-102.25524,22.38743],[-102.27397,22.41433],[-102.28183,22.4138],[-102.29007,22.41991],[-102.2983,22.45959],[-102.3118,22.45691],[-102.31203,22.44081],[-102.32102,22.41829],[-102.32136,22.38853],[-102.36287,22.38874],[-102.35924,22.38495],[-102.37843,22.36088],[-102.38787,22.36414],[-102.46863,22.35188],[-102.47118,22.33625],[-102.46101,22.33176],[-102.46065,22.32369],[-102.46608,22.32228],[-102.47019,22.30921],[-102.48908,22.30348],[-102.50126,22.30427],[-102.50662,22.29381],[-102.52703,22.2909],[-102.66873,22.29187],[-102.67001,22.2457],[-102.63929,22.22604],[-102.6437,22.22117],[-102.64581,22.2043],[-102.65527,22.19497],[-102.65159,22.19314],[-102.66107,22.1909],[-102.6693,22.19402],[-102.66671,22.18094],[-102.67589,22.17557],[-102.66941,22.15959],[-102.67434,22.14778],[-102.68243,22.14592],[-102.68173,22.14107],[-102.68611,22.13791],[-102.68341,22.12991],[-102.69013,22.12339],[-102.69086,22.10655],[-102.7558,22.07366],[-102.75317,22.06325],[-102.76098,22.04628],[-102.77046,22.04159],[-102.76897,22.03782],[-102.78228,22.02813],[-102.7833,22.01769],[-102.79149,22.01598],[-102.80104,22.00394],[-102.82321,21.95554],[-102.83372,21.9403],[-102.83824,21.9393],[-102.84621,21.91539],[-102.84334,21.91237],[-102.84918,21.90672],[-102.85574,21.88376],[-102.86054,21.88026],[-102.86337,21.86376],[-102.87417,21.85277],[-102.85804,21.83322],[-102.84731,21.83341],[-102.85334,21.79905],[-102.84595,21.79998],[-102.84224,21.80475],[-102.8424,21.79853],[-102.83125,21.79725],[-102.81691,21.76647],[-102.7923,21.75499],[-102.77825,21.74267],[-102.77569,21.73459],[-102.77217,21.73782],[-102.74529,21.72005],[-102.76648,21.68692],[-102.78609,21.67491],[-102.79176,21.67697],[-102.79804,21.67028],[-102.80527,21.67128],[-102.79519,21.66346],[-102.7734,21.6583],[-102.78361,21.64669],[-102.77756,21.63894],[-102.77534,21.62156],[-102.76473,21.59606],[-102.7374,21.58676],[-102.7295,21.59305],[-102.7171,21.5713],[-102.69509,21.57291],[-102.69232,21.56311],[-102.6964,21.54303],[-102.68933,21.54492],[-102.66518,21.53988],[-102.65956,21.53364],[-102.63073,21.53398],[-102.63121,21.52794],[-102.64216,21.51872],[-102.62483,21.50141],[-102.63217,21.4969],[-102.63812,21.48271],[-102.63427,21.48167],[-102.63666,21.47711],[-102.63967,21.47698],[-102.6389,21.48126],[-102.64906,21.47419],[-102.64787,21.46253],[-102.63612,21.4629],[-102.64449,21.44981],[-102.655,21.44665],[-102.65025,21.44198],[-102.65524,21.43925],[-102.65106,21.43687],[-102.65432,21.43562],[-102.65325,21.42158],[-102.65726,21.42221],[-102.65212,21.41221],[-102.65966,21.41087],[-102.6522,21.4075],[-102.65568,21.40242],[-102.64925,21.39999],[-102.64683,21.39422],[-102.63813,21.39323],[-102.64282,21.38806],[-102.64259,21.3672],[-102.67777,21.34089],[-102.69505,21.34074],[-102.70102,21.34825],[-102.70062,21.3613],[-102.71326,21.37976],[-102.72912,21.38735],[-102.73265,21.36916],[-102.72795,21.35708],[-102.74045,21.3466],[-102.75097,21.34565],[-102.75776,21.33918],[-102.75924,21.33544],[-102.75522,21.331],[-102.75889,21.3275],[-102.75527,21.32316],[-102.77181,21.316],[-102.7837,21.32952],[-102.78891,21.3295],[-102.79849,21.30691],[-102.80573,21.32023],[-102.81196,21.32371],[-102.81759,21.31854],[-102.81515,21.29467],[-102.83709,21.30341],[-102.84877,21.29317],[-102.85078,21.28139],[-102.84482,21.27732],[-102.85939,21.27048],[-102.86365,21.25275],[-102.87285,21.25516],[-102.87134,21.24728],[-102.87657,21.23663],[-102.88365,21.24181],[-102.88643,21.23543],[-102.8918,21.23758],[-102.89167,21.23351],[-102.89869,21.2375],[-102.90302,21.23518],[-102.90215,21.22829],[-102.90976,21.22063],[-102.91064,21.20523],[-102.9478,21.2146],[-102.94963,21.22683],[-102.94629,21.23444],[-102.95909,21.23362],[-102.96803,21.24172],[-102.97904,21.23973],[-102.97933,21.24647],[-102.9969,21.25968],[-103.01117,21.25537],[-103.01162,21.24562],[-103.017,21.24105],[-103.0265,21.24212],[-103.02976,21.25106],[-103.04588,21.24942],[-103.04488,21.26236],[-103.05275,21.26262],[-103.06549,21.2558],[-103.05698,21.24678],[-103.06811,21.23508],[-103.07752,21.21545],[-103.06924,21.20993],[-103.0843,21.19406],[-103.08358,21.18211],[-103.07137,21.15293],[-103.07811,21.14001],[-103.09562,21.13302],[-103.09849,21.12849],[-103.09173,21.11582],[-103.08502,21.11473],[-103.0846,21.11054],[-103.07364,21.10995],[-103.07578,21.09689],[-103.06628,21.09968],[-103.0652,21.10433],[-103.05647,21.09932],[-103.07735,21.07243],[-103.10503,21.06201],[-103.11442,21.06791],[-103.12331,21.0668],[-103.12148,21.06241],[-103.12732,21.05353],[-103.14129,21.06106],[-103.1432,21.06574],[-103.15007,21.06505],[-103.16287,21.07288],[-103.16614,21.0692],[-103.18007,21.0746],[-103.18836,21.07066],[-103.18695,21.07435],[-103.1917,21.07933],[-103.18844,21.08515],[-103.2017,21.0859],[-103.20959,21.09422],[-103.23258,21.07909],[-103.23778,21.07861],[-103.24351,21.08405],[-103.25823,21.08306],[-103.26168,21.07459],[-103.25719,21.07073],[-103.27572,21.05144],[-103.29655,21.06484],[-103.30188,21.05458],[-103.30703,21.05752],[-103.33031,21.0545],[-103.335,21.04264],[-103.35309,21.04526],[-103.36077,21.05134],[-103.36901,21.05195],[-103.36842,21.05667],[-103.3766,21.0659],[-103.3855,21.06739],[-103.38785,21.07922],[-103.39595,21.08029],[-103.39647,21.09007],[-103.39299,21.09107],[-103.39607,21.09867],[-103.41827,21.11523],[-103.42322,21.12523],[-103.41626,21.13727],[-103.42567,21.13899],[-103.42857,21.14672],[-103.44522,21.14102],[-103.46925,21.14336],[-103.47538,21.13727],[-103.50404,21.12774],[-103.51096,21.14622],[-103.51865,21.14174],[-103.53146,21.14197],[-103.52978,21.13409],[-103.54105,21.12628],[-103.55034,21.12498],[-103.55369,21.11674],[-103.56694,21.12078],[-103.56895,21.11671],[-103.58054,21.1273],[-103.59167,21.12861],[-103.60197,21.15167],[-103.6136,21.15624],[-103.61135,21.17873],[-103.61814,21.18352],[-103.61863,21.18878],[-103.62478,21.19331],[-103.63336,21.19125],[-103.63712,21.19973],[-103.66058,21.21552],[-103.66732,21.21605],[-103.66334,21.22416],[-103.64019,21.22207],[-103.63631,21.24171],[-103.64167,21.25404],[-103.63742,21.26913],[-103.63946,21.27752],[-103.63398,21.28229],[-103.64273,21.2845],[-103.65818,21.28043],[-103.66667,21.29046],[-103.67627,21.28341],[-103.68992,21.28541],[-103.69804,21.28258],[-103.71075,21.27448],[-103.71364,21.26668],[-103.72213,21.28394],[-103.72083,21.30796],[-103.71094,21.31354],[-103.70508,21.32549],[-103.69139,21.3201],[-103.6774,21.31991],[-103.6717,21.32247],[-103.66361,21.33812],[-103.64887,21.33743],[-103.64623,21.34441],[-103.64304,21.34173],[-103.63811,21.34485],[-103.63442,21.34009],[-103.629,21.34537],[-103.61871,21.34448],[-103.61694,21.35341],[-103.61116,21.34878],[-103.60294,21.34912],[-103.59807,21.3419],[-103.58867,21.34219],[-103.57844,21.33023],[-103.56858,21.33762],[-103.56762,21.35221],[-103.55736,21.34812],[-103.5354,21.35387],[-103.52325,21.35201],[-103.5194,21.35649],[-103.50996,21.35489],[-103.51307,21.36406],[-103.50391,21.37683],[-103.50817,21.38032],[-103.50939,21.39239],[-103.52178,21.40141],[-103.53358,21.42061],[-103.53869,21.44477],[-103.54384,21.43734],[-103.54826,21.44048],[-103.55837,21.43619],[-103.5604,21.43021],[-103.56771,21.43929],[-103.57587,21.43615],[-103.57598,21.42855],[-103.58153,21.42745],[-103.58708,21.40789],[-103.58639,21.39236],[-103.5953,21.3909],[-103.60981,21.40724],[-103.6229,21.41311],[-103.6243,21.4203],[-103.61931,21.42403],[-103.62624,21.42932],[-103.62652,21.43448],[-103.63419,21.43926],[-103.64924,21.43859],[-103.6503,21.43459],[-103.66078,21.44158],[-103.66469,21.45487],[-103.65873,21.46369],[-103.70146,21.46626],[-103.69317,21.47904],[-103.69177,21.4956],[-103.67257,21.50545],[-103.6798,21.51119],[-103.68157,21.52046],[-103.69448,21.52888],[-103.68628,21.53505],[-103.68978,21.55235],[-103.68319,21.55772],[-103.65831,21.5559],[-103.66003,21.56479],[-103.64487,21.57645],[-103.62979,21.57335],[-103.619,21.55686],[-103.59291,21.55922],[-103.59674,21.56546],[-103.59049,21.58979],[-103.58201,21.58923],[-103.57998,21.5842],[-103.57421,21.58489],[-103.55888,21.5764],[-103.55466,21.57663],[-103.55242,21.58391],[-103.54521,21.58764],[-103.55039,21.59699],[-103.55548,21.63408],[-103.54079,21.66529],[-103.5267,21.67556],[-103.52656,21.687],[-103.51784,21.71147],[-103.50984,21.713],[-103.50846,21.73973],[-103.52788,21.77233],[-103.54325,21.77112],[-103.55379,21.77977],[-103.56075,21.78028],[-103.56943,21.78921],[-103.56789,21.79711],[-103.57262,21.80349],[-103.55484,21.80091],[-103.52605,21.80506],[-103.53142,21.81784],[-103.50281,21.83307],[-103.49558,21.82354],[-103.48272,21.81741],[-103.4825,21.81326],[-103.47052,21.81354],[-103.47513,21.82661],[-103.47235,21.836],[-103.46672,21.83996],[-103.45535,21.83279],[-103.45716,21.83847],[-103.44969,21.84805],[-103.45132,21.85392],[-103.4393,21.86456],[-103.43535,21.87605],[-103.4258,21.89104],[-103.41391,21.90064],[-103.41386,21.90545],[-103.40837,21.90762],[-103.40505,21.90182],[-103.39433,21.89669],[-103.38914,21.89872],[-103.38979,21.90547],[-103.37479,21.91368],[-103.34407,21.91347],[-103.34134,21.9404],[-103.3319,21.94302],[-103.31013,21.95909],[-103.30918,21.96628],[-103.27855,21.98965],[-103.26471,21.97184],[-103.24474,21.9666],[-103.24144,21.97075],[-103.24681,21.97594],[-103.23996,21.97672],[-103.20556,21.96519],[-103.19255,21.9699],[-103.1918,21.97445],[-103.19818,21.98463],[-103.19402,21.99007],[-103.20212,21.99339],[-103.20165,21.99856],[-103.19669,22.00086],[-103.16565,21.99681],[-103.16007,22.00317],[-103.14371,22.00797],[-103.13284,22.00303],[-103.12086,22.01518],[-103.11148,22.01426],[-103.10906,22.02895],[-103.11406,22.03905],[-103.10844,22.03916],[-103.10616,22.04698],[-103.1079,22.06339],[-103.15428,22.07223],[-103.15278,22.08762],[-103.13508,22.09046],[-103.13502,22.09763],[-103.12558,22.10479],[-103.10169,22.10179],[-103.10097,22.1078],[-103.09237,22.10989],[-103.08948,22.11519],[-103.08615,22.11224],[-103.08771,22.11782],[-103.07702,22.1255],[-103.08157,22.13011],[-103.07587,22.13324],[-103.07874,22.13705],[-103.09592,22.14546],[-103.10879,22.14434],[-103.10253,22.1536],[-103.10869,22.15342],[-103.10486,22.15751],[-103.10591,22.16815],[-103.10144,22.17862],[-103.10605,22.19135],[-103.09208,22.19841],[-103.08819,22.20438],[-103.07103,22.20354],[-103.07192,22.21197],[-103.0598,22.21722],[-103.05476,22.21382],[-103.05232,22.22065],[-103.05971,22.22424],[-103.05781,22.22827],[-103.06206,22.22826],[-103.05545,22.24725],[-103.07827,22.25709],[-103.08382,22.26343],[-103.08295,22.27708],[-103.09111,22.28591],[-103.09807,22.28629],[-103.10098,22.29397],[-103.19057,22.29852],[-103.20191,22.2803],[-103.21442,22.27751],[-103.22061,22.28046],[-103.22036,22.2964],[-103.20963,22.31457],[-103.21271,22.31905],[-103.20951,22.32019],[-103.20822,22.33308],[-103.19408,22.33198],[-103.16858,22.35461],[-103.17044,22.36183],[-103.16642,22.37059],[-103.17404,22.37776],[-103.16857,22.38501],[-103.18935,22.39024],[-103.19876,22.3806],[-103.20392,22.40407],[-103.2134,22.41007],[-103.22091,22.40959],[-103.23211,22.39339],[-103.23503,22.39711],[-103.25218,22.39894],[-103.26024,22.41185],[-103.27489,22.40955],[-103.28522,22.41424],[-103.28563,22.40557],[-103.30049,22.39299],[-103.30917,22.392],[-103.31458,22.4049],[-103.32928,22.38453],[-103.33963,22.38549],[-103.34806,22.37954],[-103.35313,22.36938],[-103.36471,22.36953],[-103.36667,22.35104],[-103.36254,22.33635],[-103.34295,22.33512],[-103.36375,22.31448],[-103.35008,22.30745],[-103.35568,22.2798],[-103.33837,22.28751],[-103.3277,22.30736],[-103.30687,22.30628],[-103.29778,22.29833],[-103.30783,22.28171],[-103.30531,22.26566],[-103.31393,22.25871],[-103.29712,22.25724],[-103.2951,22.25328],[-103.31193,22.23325],[-103.33769,22.24516],[-103.34973,22.23921],[-103.36182,22.23916],[-103.36968,22.2313],[-103.38302,22.22701],[-103.38398,22.22199],[-103.38016,22.219],[-103.38565,22.21253],[-103.40895,22.21536],[-103.41722,22.19047],[-103.43412,22.19076],[-103.4305,22.18249],[-103.41968,22.17748],[-103.4253,22.17646],[-103.42917,22.16218],[-103.42593,22.13942],[-103.4321,22.13162],[-103.43458,22.13288],[-103.43626,22.1269],[-103.43828,22.12885],[-103.43949,22.11764],[-103.44558,22.11349],[-103.45493,22.11531],[-103.46171,22.11114],[-103.45917,22.10588],[-103.47317,22.10553],[-103.47324,22.11118],[-103.4793,22.11479],[-103.48608,22.11062],[-103.48613,22.10653],[-103.49559,22.11051],[-103.50156,22.10556],[-103.51589,22.10991],[-103.51784,22.12088],[-103.51454,22.12911],[-103.54273,22.12061],[-103.55068,22.13061],[-103.55021,22.13568],[-103.56013,22.13658],[-103.56686,22.13608],[-103.57994,22.12682],[-103.57736,22.11997],[-103.58111,22.10487],[-103.59403,22.11164],[-103.6047,22.09794],[-103.62039,22.09848],[-103.62852,22.10632],[-103.64794,22.10049],[-103.67012,22.10849],[-103.68384,22.1092],[-103.68592,22.1141],[-103.67736,22.1187],[-103.69028,22.13009],[-103.68202,22.13515],[-103.67613,22.14875],[-103.65446,22.17193],[-103.65891,22.17521],[-103.65775,22.18384],[-103.65251,22.18716],[-103.64911,22.20205],[-103.6411,22.20982],[-103.63089,22.23891],[-103.60279,22.26996],[-103.59489,22.27307],[-103.60093,22.27816],[-103.61922,22.28179],[-103.62849,22.29395],[-103.63778,22.29523],[-103.64474,22.31497],[-103.63817,22.33517],[-103.6421,22.34087],[-103.63494,22.34348],[-103.61199,22.33796],[-103.60479,22.34014],[-103.60263,22.34631],[-103.60947,22.35269],[-103.61068,22.35984],[-103.60284,22.3609],[-103.59755,22.37453],[-103.59275,22.38927],[-103.59401,22.40721],[-103.57842,22.41049],[-103.56069,22.42281],[-103.55918,22.42842],[-103.56765,22.43779],[-103.57252,22.43754],[-103.5689,22.44627],[-103.5739,22.46107],[-103.57082,22.46917],[-103.58059,22.47739],[-103.58245,22.48879],[-103.57933,22.49619],[-103.59459,22.50544],[-103.58902,22.50808],[-103.58373,22.52196],[-103.58527,22.52528],[-103.59933,22.52637],[-103.60599,22.54567],[-103.60275,22.55679],[-103.62237,22.56357],[-103.64616,22.55483],[-103.65156,22.55647],[-103.661,22.54714],[-103.67258,22.56113],[-103.68178,22.5548],[-103.71151,22.56454],[-103.72655,22.57414],[-103.73844,22.57196],[-103.74449,22.55849],[-103.7531,22.55787],[-103.75923,22.55166],[-103.75997,22.5556],[-103.76909,22.55579],[-103.77738,22.52493],[-103.78565,22.51045],[-103.78379,22.48882],[-103.78697,22.47776],[-103.7956,22.46502],[-103.81017,22.42728],[-103.81325,22.40554],[-103.8087,22.39874],[-103.813,22.38392],[-103.81114,22.37674],[-103.82787,22.35424],[-103.83745,22.352],[-103.84543,22.34275],[-103.84595,22.33034],[-103.82861,22.28661],[-103.84486,22.26255],[-103.84407,22.22206],[-103.86293,22.16688],[-103.87311,22.17839],[-103.87689,22.19214],[-103.88509,22.19641],[-103.88108,22.2061],[-103.88613,22.22617],[-103.90165,22.23708],[-103.90767,22.2546],[-103.91787,22.26197],[-103.91175,22.27047],[-103.91421,22.27822],[-103.91014,22.28332],[-103.91599,22.28854],[-103.91403,22.3009],[-103.91892,22.30438],[-103.91578,22.31131],[-103.92095,22.31427],[-103.92038,22.32229],[-103.92612,22.33207],[-103.91997,22.33561],[-103.92129,22.34788],[-103.91183,22.35225],[-103.90785,22.36205],[-103.89573,22.36411],[-103.89872,22.37957],[-103.89123,22.38357],[-103.89245,22.38802],[-103.88344,22.39002],[-103.88619,22.4002],[-103.8693,22.40126],[-103.86692,22.40938],[-103.86597,22.41522],[-103.88061,22.41816],[-103.87317,22.42476],[-103.89469,22.43816],[-103.89024,22.4418],[-103.87609,22.44118],[-103.87842,22.45136],[-103.88287,22.45455],[-103.88183,22.46882],[-103.88536,22.47352],[-103.88208,22.47717],[-103.87106,22.47247],[-103.86398,22.49144],[-103.8642,22.51346],[-103.87518,22.52157],[-103.8715,22.53817],[-103.86467,22.53944],[-103.86687,22.54469],[-103.85179,22.55362],[-103.86071,22.56762],[-103.8579,22.56651],[-103.85238,22.57761],[-103.8252,22.58797],[-103.81959,22.59558],[-103.77344,22.61149],[-103.76095,22.62561],[-103.76845,22.64333],[-103.75866,22.65842],[-103.76355,22.66267],[-103.76319,22.67701],[-103.7513,22.69504],[-103.75198,22.71164],[-103.7548,22.71954],[-103.76907,22.72039],[-103.77114,22.73242],[-103.77466,22.73387],[-103.78138,22.72981],[-103.80557,22.73157],[-103.81916,22.72833],[-103.82162,22.73404],[-103.8266,22.73494],[-103.8362,22.728],[-103.83853,22.73182],[-103.8546,22.7297],[-103.87511,22.73715],[-103.89112,22.73516],[-103.89832,22.72827],[-103.90342,22.7309],[-103.90245,22.73835],[-103.90933,22.75012],[-103.93135,22.74523],[-103.94037,22.75024],[-103.94669,22.74574],[-103.96804,22.74692],[-103.972,22.74165],[-103.97433,22.74702],[-103.9891,22.74184],[-103.99192,22.748],[-104.00776,22.74425],[-104.01299,22.74762],[-104.02777,22.74174],[-104.03697,22.72961],[-104.0559,22.72397],[-104.04774,22.71215],[-104.05106,22.70782],[-104.06414,22.70696],[-104.05795,22.69666],[-104.05916,22.69206],[-104.06902,22.70124],[-104.07361,22.69695],[-104.06918,22.69006],[-104.04895,22.68714],[-104.04688,22.6818],[-104.0548,22.67842],[-104.04693,22.67713],[-104.04326,22.67189],[-104.03364,22.6707],[-104.03082,22.67906],[-104.0155,22.66891],[-104.0195,22.65265],[-104.02475,22.65302],[-104.02769,22.63952],[-104.03329,22.63411],[-104.02594,22.62422],[-104.027,22.61317],[-104.01806,22.59699],[-103.98621,22.5909],[-103.98328,22.58547],[-103.98998,22.58248],[-103.99017,22.57304],[-104.00083,22.56677],[-103.97232,22.54511],[-103.98009,22.54061],[-103.99887,22.5436],[-104.00556,22.5366],[-103.99975,22.53075],[-103.98722,22.52884],[-103.99125,22.52326],[-103.98028,22.51903],[-103.98064,22.5151],[-103.96619,22.51722],[-103.9634,22.50804],[-103.95635,22.50455],[-103.95003,22.50888],[-103.94993,22.50287],[-103.9344,22.49992],[-103.93807,22.49541],[-103.93307,22.48909],[-103.9398,22.48894],[-103.92938,22.4761],[-103.93778,22.4752],[-103.93343,22.4712],[-103.93847,22.46973],[-103.93794,22.46275],[-103.94932,22.46179],[-103.95865,22.45108],[-103.96056,22.43318],[-103.97556,22.43619],[-103.97646,22.42725],[-103.985,22.42308],[-103.98638,22.41483],[-104.0059,22.40868],[-104.00324,22.38993],[-104.01267,22.37855],[-104.01512,22.36481],[-104.02317,22.36449],[-104.02932,22.37108],[-104.04874,22.37644],[-104.06747,22.3614],[-104.0753,22.36439],[-104.08368,22.35783],[-104.09415,22.35504],[-104.09734,22.35782],[-104.09489,22.3763],[-104.08855,22.37889],[-104.08801,22.37464],[-104.0844,22.37445],[-104.07538,22.38313],[-104.081,22.38977],[-104.07619,22.39878],[-104.07681,22.40718],[-104.07127,22.42224],[-104.06647,22.42688],[-104.06163,22.4258],[-104.06356,22.44126],[-104.05766,22.44757],[-104.06223,22.45127],[-104.05157,22.46674],[-104.05658,22.4928],[-104.0717,22.503],[-104.06937,22.50901],[-104.07415,22.51566],[-104.06879,22.522],[-104.08187,22.53355],[-104.1027,22.53144],[-104.10657,22.52325],[-104.12079,22.51705],[-104.11256,22.50923],[-104.1135,22.49661],[-104.12134,22.49667],[-104.12455,22.50247],[-104.14308,22.50465],[-104.14981,22.50974],[-104.1504,22.51627],[-104.1566,22.51521],[-104.15834,22.50932],[-104.16315,22.51444],[-104.17805,22.50529],[-104.19022,22.50761],[-104.20169,22.48696],[-104.21482,22.48416],[-104.19887,22.48045],[-104.20491,22.4719],[-104.19729,22.47712],[-104.18995,22.46825],[-104.18572,22.47141],[-104.18497,22.46462],[-104.19573,22.4622],[-104.19987,22.4563],[-104.19509,22.44763],[-104.17955,22.45005],[-104.17505,22.44248],[-104.16748,22.44515],[-104.17605,22.43173],[-104.17381,22.42954],[-104.17885,22.42743],[-104.17441,22.42083],[-104.1737,22.40826],[-104.16557,22.39773],[-104.16738,22.38735],[-104.19304,22.39912],[-104.20703,22.42169],[-104.22074,22.4211],[-104.23,22.41454],[-104.24097,22.41277],[-104.25443,22.39247],[-104.25302,22.3866],[-104.25833,22.38465],[-104.25473,22.34879],[-104.26659,22.34324],[-104.29207,22.34395],[-104.28573,22.35636],[-104.29312,22.36513],[-104.32531,22.38075],[-104.35003,22.3864],[-104.35352,22.40131],[-104.34445,22.41757],[-104.33571,22.42029],[-104.33697,22.42403],[-104.33094,22.42419],[-104.33059,22.43223],[-104.32932,22.42828],[-104.32018,22.43009],[-104.3222,22.43525],[-104.3175,22.43828],[-104.31542,22.44815],[-104.29902,22.4617],[-104.29612,22.47299],[-104.30282,22.49201],[-104.31949,22.51766],[-104.31898,22.53205],[-104.32582,22.53739],[-104.32105,22.53551],[-104.31408,22.54072],[-104.31005,22.54613],[-104.31317,22.54722],[-104.31117,22.55401],[-104.30568,22.55789],[-104.28884,22.55296],[-104.28928,22.56014],[-104.27816,22.58307],[-104.27058,22.58895],[-104.2614,22.5862],[-104.26053,22.59616],[-104.27254,22.60497],[-104.27606,22.6157],[-104.28328,22.6217],[-104.27365,22.62709],[-104.26927,22.63582],[-104.28182,22.64584],[-104.28996,22.64561],[-104.28072,22.65338],[-104.28832,22.66352],[-104.27918,22.67106],[-104.27485,22.68202],[-104.27959,22.69523],[-104.27762,22.7024],[-104.2627,22.71764],[-104.26833,22.71754],[-104.26914,22.72086],[-104.26634,22.73654],[-104.25836,22.73892],[-104.25077,22.748],[-104.23207,22.7531],[-104.22458,22.76669],[-104.22741,22.77663],[-104.22103,22.77942],[-104.19961,22.77647],[-104.18217,22.75826],[-104.15737,22.75968],[-104.13925,22.76842],[-104.11937,22.76225],[-104.10719,22.7686],[-104.09528,22.75924],[-104.08047,22.76661],[-104.08237,22.77364],[-104.09375,22.77884],[-104.09217,22.78852],[-104.09682,22.78814],[-104.10022,22.79482],[-104.09436,22.80073],[-104.09522,22.80584],[-104.11148,22.81031],[-104.10623,22.81313],[-104.11021,22.82251],[-104.1043,22.8336],[-104.11682,22.85095],[-104.11592,22.85534],[-104.1063,22.85688],[-104.1075,22.88479],[-104.11773,22.8977],[-104.11264,22.90511],[-104.11675,22.90767],[-104.12291,22.90343],[-104.13299,22.90495],[-104.13595,22.91811],[-104.15111,22.92213],[-104.15528,22.92843],[-104.15409,22.93783],[-104.16658,22.94522],[-104.16426,22.94931],[-104.16822,22.96421],[-104.16284,22.9753],[-104.17361,22.98244],[-104.17212,23.1284],[-104.12901,23.18221],[-104.11121,23.3512],[-104.08626,23.39862],[-104.06597,23.46349],[-103.99633,23.51474],[-103.96276,23.52989],[-103.95694,23.53838],[-103.95029,23.53851],[-103.9253,23.55698],[-103.91626,23.56572],[-103.92146,23.58917],[-103.91227,23.58812],[-103.91192,23.57608],[-103.89008,23.57982],[-103.88984,23.58492],[-103.90686,23.60187],[-103.899,23.60397],[-103.88251,23.59227],[-103.8778,23.6187],[-103.87344,23.62046],[-103.87742,23.62897],[-103.84917,23.64008],[-103.81129,23.61365],[-103.79353,23.63085],[-103.78509,23.67656],[-103.85107,23.6796],[-103.84429,23.68457],[-103.84101,23.70124],[-103.86235,23.75263],[-103.83509,23.78509],[-103.82026,23.79188],[-103.82224,23.80076],[-103.81606,23.80765],[-103.83118,23.82466],[-103.83261,23.84893],[-103.84975,23.86256],[-103.8531,23.87461],[-103.83079,23.90779],[-103.81835,23.9649],[-103.83394,23.96964],[-103.83879,23.96482],[-103.85027,23.98883],[-103.87238,24.00702],[-103.84782,24.00323],[-103.84312,24.02696],[-103.81327,24.02197],[-103.81027,24.04009],[-103.79976,24.05056],[-103.76002,24.07724],[-103.69522,24.13029],[-103.66035,24.14932],[-103.63596,24.11029],[-103.622,24.11746],[-103.60576,24.15115],[-103.58096,24.17958],[-103.56606,24.18522],[-103.55953,24.19378],[-103.56551,24.2114],[-103.56257,24.2311],[-103.55648,24.242],[-103.56641,24.2611],[-103.56834,24.28637],[-103.53123,24.29391],[-103.52375,24.28896],[-103.50675,24.28796],[-103.50454,24.29577],[-103.48499,24.30093],[-103.48405,24.31834],[-103.46269,24.32046],[-103.44833,24.3326],[-103.44892,24.33861],[-103.44132,24.34128],[-103.43051,24.36014],[-103.42977,24.37437],[-103.42537,24.37939],[-103.42802,24.38655],[-103.42514,24.38785],[-103.43023,24.40891],[-103.42161,24.41658],[-103.41932,24.43048],[-103.40981,24.42628],[-103.39919,24.42883],[-103.39974,24.43277],[-103.39405,24.4321],[-103.3862,24.42296],[-103.32392,24.4265],[-103.31024,24.43565],[-103.28264,24.42883],[-103.26451,24.43458],[-103.25352,24.44725],[-103.23397,24.43583],[-103.23663,24.42705],[-103.22224,24.42059],[-103.22282,24.4171],[-103.21788,24.41721],[-103.21732,24.42081],[-103.2024,24.42137],[-103.20208,24.42447],[-103.18194,24.41989],[-103.17545,24.43326],[-103.16525,24.43519],[-103.15772,24.42784],[-103.1395,24.42847],[-103.1317,24.42467],[-103.09852,24.40162],[-103.08751,24.43602],[-103.07507,24.42262],[-103.04314,24.4665],[-102.98356,24.43325],[-102.96743,24.4577],[-102.9001,24.4285],[-102.90178,24.43571],[-102.89507,24.44134],[-102.89487,24.45035],[-102.89042,24.45147],[-102.89424,24.45838],[-102.89188,24.46111],[-102.87758,24.4494],[-102.87376,24.45],[-102.86061,24.43449],[-102.865,24.43031],[-102.85857,24.42292],[-102.85388,24.42436],[-102.84589,24.39808],[-102.83173,24.38469],[-102.81241,24.38949],[-102.78884,24.40624],[-102.78107,24.40273],[-102.77934,24.3958],[-102.76444,24.38702],[-102.75665,24.37698],[-102.72202,24.37536],[-102.71436,24.37821],[-102.6999,24.37397],[-102.66235,24.38157],[-102.65505,24.3886],[-102.61856,24.39637],[-102.60729,24.4054],[-102.60658,24.41116],[-102.53392,24.40772],[-102.52669,24.41622],[-102.52278,24.41524],[-102.52014,24.42393],[-102.48026,24.42801],[-102.47269,24.43968],[-102.47312,24.44521],[-102.48699,24.44422],[-102.4798,24.49044],[-102.49463,24.61255],[-102.51217,24.70972],[-102.54917,24.82993],[-102.56536,24.86635],[-102.56623,24.90222],[-102.67305,24.94275],[-102.67298,24.97881],[-102.64295,24.97864],[-102.63382,24.99955],[-102.63553,25.00417],[-102.62888,25.00832],[-102.64299,25.02781],[-102.64954,25.02795],[-102.65241,25.04522],[-102.66969,25.06663],[-102.44675,24.99951],[-102.46332,25.11591],[-102.2955,25.12523],[-102.23761,25.11846],[-102.0818,25.0707],[-101.8488,25.01762]]]]}}]}